{
    "1_1_8": {
        "layernum[1,1,1,1]_bsz8_rank0_ms": 291.3701171875,
        "layernum[1,1,1,1]_bsz8_rank0_act": 114.01953125,
        "layernum[1,1,1,1]_bsz8_rank0_act_peak": 627.14599609375,
        "layernum[1,1,1,1]_bsz8_rank7_ms": 291.3701171875,
        "layernum[1,1,1,1]_bsz8_rank7_act": 114.01953125,
        "layernum[1,1,1,1]_bsz8_rank7_act_peak": 627.14599609375,
        "layernum[2,1,1,1]_bsz8_rank0_ms": 294.1923828125,
        "layernum[2,1,1,1]_bsz8_rank0_act": 155.486328125,
        "layernum[2,1,1,1]_bsz8_rank0_act_peak": 667.9072265625,
        "layernum[2,1,1,1]_bsz8_rank7_ms": 294.1923828125,
        "layernum[2,1,1,1]_bsz8_rank7_act": 155.486328125,
        "layernum[2,1,1,1]_bsz8_rank7_act_peak": 667.9072265625,
        "layernum[1,2,1,1]_bsz8_rank0_ms": 303.9951171875,
        "layernum[1,2,1,1]_bsz8_rank0_act": 136.73291015625,
        "layernum[1,2,1,1]_bsz8_rank0_act_peak": 646.74853515625,
        "layernum[1,2,1,1]_bsz8_rank7_ms": 303.9951171875,
        "layernum[1,2,1,1]_bsz8_rank7_act": 136.73291015625,
        "layernum[1,2,1,1]_bsz8_rank7_act_peak": 646.74853515625,
        "layernum[1,1,2,1]_bsz8_rank0_ms": 337.935546875,
        "layernum[1,1,2,1]_bsz8_rank0_act": 125.53564453125,
        "layernum[1,1,2,1]_bsz8_rank0_act_peak": 626.662109375,
        "layernum[1,1,2,1]_bsz8_rank7_ms": 337.935546875,
        "layernum[1,1,2,1]_bsz8_rank7_act": 125.53564453125,
        "layernum[1,1,2,1]_bsz8_rank7_act_peak": 626.662109375,
        "layernum[1,1,1,2]_bsz8_rank0_ms": 473.40625,
        "layernum[1,1,1,2]_bsz8_rank0_act": 119.98583984375,
        "layernum[1,1,1,2]_bsz8_rank0_act_peak": 721.1845703125,
        "layernum[1,1,1,2]_bsz8_rank7_ms": 473.40625,
        "layernum[1,1,1,2]_bsz8_rank7_act": 119.98583984375,
        "layernum[1,1,1,2]_bsz8_rank7_act_peak": 721.1845703125
    },
    "1_2_4": {
        "layernum[1,1,1,1]_bsz8_rank0_ms": 292.85986328125,
        "layernum[1,1,1,1]_bsz8_rank0_act": 137.66357421875,
        "layernum[1,1,1,1]_bsz8_rank0_act_peak": 355.9052734375,
        "layernum[1,1,1,1]_bsz8_rank7_ms": 292.85986328125,
        "layernum[1,1,1,1]_bsz8_rank7_act": 136.56103515625,
        "layernum[1,1,1,1]_bsz8_rank7_act_peak": 354.802734375,
        "layernum[2,1,1,1]_bsz8_rank0_ms": 295.68603515625,
        "layernum[2,1,1,1]_bsz8_rank0_act": 184.5595703125,
        "layernum[2,1,1,1]_bsz8_rank0_act_peak": 402.0947265625,
        "layernum[2,1,1,1]_bsz8_rank7_ms": 295.68603515625,
        "layernum[2,1,1,1]_bsz8_rank7_act": 186.0888671875,
        "layernum[2,1,1,1]_bsz8_rank7_act_peak": 403.6240234375,
        "layernum[1,2,1,1]_bsz8_rank0_ms": 303.37890625,
        "layernum[1,2,1,1]_bsz8_rank0_act": 160.82666015625,
        "layernum[1,2,1,1]_bsz8_rank0_act_peak": 375.96240234375,
        "layernum[1,2,1,1]_bsz8_rank7_ms": 303.37890625,
        "layernum[1,2,1,1]_bsz8_rank7_act": 160.82666015625,
        "layernum[1,2,1,1]_bsz8_rank7_act_peak": 375.96240234375,
        "layernum[1,1,2,1]_bsz8_rank0_ms": 338.41064453125,
        "layernum[1,1,2,1]_bsz8_rank0_act": 148.62890625,
        "layernum[1,1,2,1]_bsz8_rank0_act_peak": 354.87060546875,
        "layernum[1,1,2,1]_bsz8_rank7_ms": 338.84130859375,
        "layernum[1,1,2,1]_bsz8_rank7_act": 148.5888671875,
        "layernum[1,1,2,1]_bsz8_rank7_act_peak": 354.83056640625,
        "layernum[1,1,1,2]_bsz8_rank0_ms": 474.91064453125,
        "layernum[1,1,1,2]_bsz8_rank0_act": 143.4208984375,
        "layernum[1,1,1,2]_bsz8_rank0_act_peak": 383.18798828125,
        "layernum[1,1,1,2]_bsz8_rank7_ms": 474.91064453125,
        "layernum[1,1,1,2]_bsz8_rank7_act": 141.98046875,
        "layernum[1,1,1,2]_bsz8_rank7_act_peak": 381.74755859375
    },
    "1_4_2": {
        "layernum[1,1,1,1]_bsz8_rank0_ms": 292.03515625,
        "layernum[1,1,1,1]_bsz8_rank0_act": 180.91748046875,
        "layernum[1,1,1,1]_bsz8_rank0_act_peak": 252.8623046875,
        "layernum[1,1,1,1]_bsz8_rank7_ms": 292.03515625,
        "layernum[1,1,1,1]_bsz8_rank7_act": 181.68310546875,
        "layernum[1,1,1,1]_bsz8_rank7_act_peak": 253.6279296875,
        "layernum[2,1,1,1]_bsz8_rank0_ms": 294.869140625,
        "layernum[2,1,1,1]_bsz8_rank0_act": 243.07470703125,
        "layernum[2,1,1,1]_bsz8_rank0_act_peak": 314.99853515625,
        "layernum[2,1,1,1]_bsz8_rank7_ms": 294.869140625,
        "layernum[2,1,1,1]_bsz8_rank7_act": 243.47216796875,
        "layernum[2,1,1,1]_bsz8_rank7_act_peak": 315.70849609375,
        "layernum[1,2,1,1]_bsz8_rank0_ms": 305.6416015625,
        "layernum[1,2,1,1]_bsz8_rank0_act": 212.09716796875,
        "layernum[1,2,1,1]_bsz8_rank0_act_peak": 280.947265625,
        "layernum[1,2,1,1]_bsz8_rank7_ms": 304.67431640625,
        "layernum[1,2,1,1]_bsz8_rank7_act": 211.91748046875,
        "layernum[1,2,1,1]_bsz8_rank7_act_peak": 281.03955078125,
        "layernum[1,1,2,1]_bsz8_rank0_ms": 338.1552734375,
        "layernum[1,1,2,1]_bsz8_rank0_act": 198.8203125,
        "layernum[1,1,2,1]_bsz8_rank0_act_peak": 258.76513671875,
        "layernum[1,1,2,1]_bsz8_rank7_ms": 338.1552734375,
        "layernum[1,1,2,1]_bsz8_rank7_act": 197.7744140625,
        "layernum[1,1,2,1]_bsz8_rank7_act_peak": 257.71923828125,
        "layernum[1,1,1,2]_bsz8_rank0_ms": 476.03515625,
        "layernum[1,1,1,2]_bsz8_rank0_act": 188.7314453125,
        "layernum[1,1,1,2]_bsz8_rank0_act_peak": 254.0029296875,
        "layernum[1,1,1,2]_bsz8_rank7_ms": 476.03515625,
        "layernum[1,1,1,2]_bsz8_rank7_act": 187.7548828125,
        "layernum[1,1,1,2]_bsz8_rank7_act_peak": 252.0263671875
    },
    "1_8_1": {
        "layernum[1,1,1,1]_bsz8_rank0_ms": 293.7294921875,
        "layernum[1,1,1,1]_bsz8_rank0_act": 268.5673828125,
        "layernum[1,1,1,1]_bsz8_rank0_act_peak": 275.576171875,
        "layernum[1,1,1,1]_bsz8_rank7_ms": 292.896484375,
        "layernum[1,1,1,1]_bsz8_rank7_act": 267.76171875,
        "layernum[1,1,1,1]_bsz8_rank7_act_peak": 274.8330078125,
        "layernum[2,1,1,1]_bsz8_rank0_ms": 296.5771484375,
        "layernum[2,1,1,1]_bsz8_rank0_act": 363.38232421875,
        "layernum[2,1,1,1]_bsz8_rank0_act_peak": 369.69140625,
        "layernum[2,1,1,1]_bsz8_rank7_ms": 296.5771484375,
        "layernum[2,1,1,1]_bsz8_rank7_act": 363.8876953125,
        "layernum[2,1,1,1]_bsz8_rank7_act_peak": 370.19677734375,
        "layernum[1,2,1,1]_bsz8_rank0_ms": 305.177734375,
        "layernum[1,2,1,1]_bsz8_rank0_act": 315.7158203125,
        "layernum[1,2,1,1]_bsz8_rank0_act_peak": 319.90673828125,
        "layernum[1,2,1,1]_bsz8_rank7_ms": 305.177734375,
        "layernum[1,2,1,1]_bsz8_rank7_act": 315.26708984375,
        "layernum[1,2,1,1]_bsz8_rank7_act_peak": 319.4580078125,
        "layernum[1,1,2,1]_bsz8_rank0_ms": 339.4658203125,
        "layernum[1,1,2,1]_bsz8_rank0_act": 289.90771484375,
        "layernum[1,1,2,1]_bsz8_rank0_act_peak": 289.15625,
        "layernum[1,1,2,1]_bsz8_rank7_ms": 339.4658203125,
        "layernum[1,1,2,1]_bsz8_rank7_act": 289.52490234375,
        "layernum[1,1,2,1]_bsz8_rank7_act_peak": 288.7734375,
        "layernum[1,1,1,2]_bsz8_rank0_ms": 477.1044921875,
        "layernum[1,1,1,2]_bsz8_rank0_act": 280.83056640625,
        "layernum[1,1,1,2]_bsz8_rank0_act_peak": 276.396484375,
        "layernum[1,1,1,2]_bsz8_rank7_ms": 477.1044921875,
        "layernum[1,1,1,2]_bsz8_rank7_act": 280.43994140625,
        "layernum[1,1,1,2]_bsz8_rank7_act_peak": 276.396484375
    },
    "1_1_8_c": {
        "layernum[1,1,1,1]_bsz8_rank0_ms": 291.3701171875,
        "layernum[1,1,1,1]_bsz8_rank0_act": 46.068359375,
        "layernum[1,1,1,1]_bsz8_rank0_act_peak": 564.0908203125,
        "layernum[1,1,1,1]_bsz8_rank7_ms": 291.3701171875,
        "layernum[1,1,1,1]_bsz8_rank7_act": 46.068359375,
        "layernum[1,1,1,1]_bsz8_rank7_act_peak": 564.0908203125,
        "layernum[2,1,1,1]_bsz8_rank0_ms": 294.1923828125,
        "layernum[2,1,1,1]_bsz8_rank0_act": 48.451171875,
        "layernum[2,1,1,1]_bsz8_rank0_act_peak": 565.76806640625,