{
    "layernum[4]_bsz1": 37.103494262695314,
    "layernum[8]_bsz1": 62.85077133178711,
    "layertype_0": 6.4368192672729485
}