target_id,prot_ps,prot_acf,prot_cs,e_prot_ps,E_prot_ps,e_prot_acf,E_prot_acf,e_prot_cs,E_prot_cs,sph_ps,sph_acf,sph_cs,h_ps,fa_prob_ps,hacf,gacf,hcs
891901,73.59809355566097,5.006284494884312,52.030212586261335,0.8827097574243368,0.9043336605121794,-1.0,-1.0,5.782645671424175,5.782645671424175,782.552117729629,604.4164803601961,773.1345522794027,0.12135383484642943,0.0,0.63368412439423,0.2651997562050265,0.09559377601838881
