target_id,prot_ps,prot_acf,prot_cs,e_prot_ps,E_prot_ps,e_prot_acf,E_prot_acf,e_prot_cs,E_prot_cs,sph_ps,sph_acf,sph_cs,h_ps,fa_prob_ps,hacf,gacf,hcs
1162339,73.04839202056925,39.23272222280502,52.151878057859555,11.328352331179438,16.348211366927302,-1.0,-1.0,1.3335114892287478,1.3335114892287478,2266.1344588352695,2082.0909299287896,2150.9027370631043,0.2855197258603567,0.0,-0.5680568554154063,0.001483783668047134,0.06915982604332876
