target_id,prot_ps,prot_acf,prot_cs,e_prot_ps,E_prot_ps,e_prot_acf,E_prot_acf,e_prot_cs,E_prot_cs,sph_ps,sph_acf,sph_cs,h_ps,fa_prob_ps,hacf,gacf,hcs
1163248,73.04876755705638,59.666638392955065,91.05403463722286,10.510133309765486,14.697001115549327,-1.0,-1.0,4.33326890458797,4.33326890458797,541.3002135911403,541.8087690963325,551.9658846683673,0.09287808086002713,0.0,0.16969079498773332,0.3732406066826237,0.8838187064746513
