target_id,prot_ps,prot_acf,prot_cs,e_prot_ps,E_prot_ps,e_prot_acf,E_prot_acf,e_prot_cs,E_prot_cs,sph_ps,sph_acf,sph_cs,h_ps,fa_prob_ps,hacf,gacf,hcs
1873367,73.04853498557556,32.14228948811069,46.56810864438304,3.5651477444586277,3.9465165246607086,-1.0,-1.0,1.6886556611237487,1.6886556611237487,681.8285251250734,669.5961663548433,687.3792402924001,0.20243077354452704,0.0,-0.4190131545629689,0.019985117802305413,0.1956091334883987
