target_id,prot_ps,prot_acf,prot_cs,e_prot_ps,E_prot_ps,e_prot_acf,E_prot_acf,e_prot_cs,E_prot_cs,sph_ps,sph_acf,sph_cs,h_ps,fa_prob_ps,hacf,gacf,hcs
2019658,73.0488106231145,74.27696224767715,73.80208010114728,11.903839803697366,17.574277721174738,-1.0,-1.0,4.805196660225044,4.805196660225044,1469.2042809070106,1471.9831929048976,1470.8049682213984,0.1408469670328227,0.0,0.28457957081847496,0.41201282535470973,0.969762052704321
