target_id,prot_ps,prot_acf,prot_cs,e_prot_ps,E_prot_ps,e_prot_acf,E_prot_acf,e_prot_cs,E_prot_cs,sph_ps,sph_acf,sph_cs,h_ps,fa_prob_ps,hacf,gacf,hcs
2012265,91.31057178456516,33.838254533708096,85.02413162265906,3.698376858297763,4.027928287895705,-1.0,-1.0,14.34950767605111,14.34950767605111,1681.59889762249,1723.706687344158,1781.1225339468206,0.06442545217817283,0.0,0.0626395307641996,0.21191053213668948,0.5905761604707734
