target_id,prot_ps,prot_acf,prot_cs,e_prot_ps,E_prot_ps,e_prot_acf,E_prot_acf,e_prot_cs,E_prot_cs,sph_ps,sph_acf,sph_cs,h_ps,fa_prob_ps,hacf,gacf,hcs
2165531,72.9355888094523,33.53185176523402,45.911066037470306,20.02694903257592,43.887604040324675,-1.0,-1.0,1.254792266971867,1.254792266971867,1359.7740228466755,1327.6734848314577,1338.8268594624965,0.1175709905816432,0.0,-0.397480317738912,0.00047507942713176377,0.20219664982760627
