target_id,prot_ps,prot_acf,prot_cs,e_prot_ps,E_prot_ps,e_prot_acf,E_prot_acf,e_prot_cs,E_prot_cs,sph_ps,sph_acf,sph_cs,h_ps,fa_prob_ps,hacf,gacf,hcs
2161250,95.37723880885122,60.770051448605955,93.35885997342413,2.8711718256727323,3.057068207186944,-1.0,-1.0,27.055614733435174,27.055614733435174,1595.5654242413445,1544.074609580296,1585.2847833525336,0.11667157747985742,0.0,0.022492351466452336,0.25831563861278745,7.600421835123431
