target_id,prot_ps,prot_acf,prot_cs,e_prot_ps,E_prot_ps,e_prot_acf,E_prot_acf,e_prot_cs,E_prot_cs,sph_ps,sph_acf,sph_cs,h_ps,fa_prob_ps,hacf,gacf,hcs
2310259,31.08459025302641,32.734981642104685,31.59036989279944,3.002668688276188,3.71278049249144,-1.0,-1.0,1.6790823886563657,1.6790823886563657,1693.0506402076835,1738.9745628432236,1726.8538473647286,0.057741459934904545,0.0,0.27296839075936874,0.5358264940763557,0.9400714625040828
