target_id,prot_ps,prot_acf,prot_cs,e_prot_ps,E_prot_ps,e_prot_acf,E_prot_acf,e_prot_cs,E_prot_cs,sph_ps,sph_acf,sph_cs,h_ps,fa_prob_ps,hacf,gacf,hcs
2306825,91.3105852115631,59.95257059298456,90.81365350831032,1.3714242041187532,1.413925256147607,-1.0,-1.0,4.663831158401851,4.663831158401851,1229.7055612197448,1199.027908458222,1232.955693684335,0.10910421112900874,0.0,0.002619590535400063,0.23156142069081026,80.39183141411
