target_id,prot_ps,prot_acf,prot_cs,e_prot_ps,E_prot_ps,e_prot_acf,E_prot_acf,e_prot_cs,E_prot_cs,sph_ps,sph_acf,sph_cs,h_ps,fa_prob_ps,hacf,gacf,hcs
2300631,56.191193587060305,4.9041010066866875,55.38986405574553,12.108260756949093,21.149406497371977,-1.0,-1.0,4.124990019906653,4.124990019906653,1204.867562306075,1073.5210362035393,1207.4789832577885,0.04565426421276974,0.0,0.5324871381912311,0.47091727930726557,0.27451127887380633
