target_id,prot_ps,prot_acf,prot_cs,e_prot_ps,E_prot_ps,e_prot_acf,E_prot_acf,e_prot_cs,E_prot_cs,sph_ps,sph_acf,sph_cs,h_ps,fa_prob_ps,hacf,gacf,hcs
2447049,60.87370708926543,57.7661414896138,60.266362855263814,15.61033345836966,32.18096278608305,-1.0,-1.0,7.7966174774468024,7.7966174774468024,1013.7329048527499,1027.824824726574,1017.654834400469,0.09342582364110787,0.0,0.21666499515414342,0.3726851486699674,0.9714786063314149
