target_id,prot_ps,prot_acf,prot_cs,e_prot_ps,E_prot_ps,e_prot_acf,E_prot_acf,e_prot_cs,E_prot_cs,sph_ps,sph_acf,sph_cs,h_ps,fa_prob_ps,hacf,gacf,hcs
2422417,91.31171828022792,92.9937631515786,91.48055627741246,1.4004519947851293,1.444880039146554,-1.0,-1.0,4.12727992589436,4.12727992589436,663.2780413342907,659.6545760283169,662.7709818770921,0.1694198744090467,0.0,0.35710023320657774,0.44754952777641843,0.9823239363051228
