target_id,prot_ps,prot_acf,prot_cs,e_prot_ps,E_prot_ps,e_prot_acf,E_prot_acf,e_prot_cs,E_prot_cs,sph_ps,sph_acf,sph_cs,h_ps,fa_prob_ps,hacf,gacf,hcs
2423787,89.96472510954627,14.609565241262317,99.88447374179958,8.17860823892083,9.996076360686999,-1.0,-1.0,15.274209939636567,15.274209939636567,2003.2868423590785,1795.650454768315,2003.2868423590785,0.34967968703030894,0.0,0.24516469562018972,0.2507005507844921,0.7706324555692053
