target_id,prot_ps,prot_acf,prot_cs,e_prot_ps,E_prot_ps,e_prot_acf,E_prot_acf,e_prot_cs,E_prot_cs,sph_ps,sph_acf,sph_cs,h_ps,fa_prob_ps,hacf,gacf,hcs
2572803,72.93543472683625,31.22282337024808,41.38769046804953,2.371938563004079,2.5351833912494754,-1.0,-1.0,0.9753631392729506,0.9753631392729506,1066.703262662387,1068.014117747723,1069.9192385854324,0.13534484618201467,0.0,-0.37300406580785084,0.0013949401704484443,0.1825665589498221
