target_id,prot_ps,prot_acf,prot_cs,e_prot_ps,E_prot_ps,e_prot_acf,E_prot_acf,e_prot_cs,E_prot_cs,sph_ps,sph_acf,sph_cs,h_ps,fa_prob_ps,hacf,gacf,hcs
2580323,89.96459057464526,7.4988854713737965,7.5300254130042195,8.180643868040136,9.998829281413222,-1.0,-1.0,0.2423334477478235,0.2423334477478235,2833.982529220041,2379.414050283317,2375.669958040811,0.3321295693812868,0.0,0.7232593942776152,0.5739559002246126,0.5874482689946998
