target_id,prot_ps,prot_acf,prot_cs,e_prot_ps,E_prot_ps,e_prot_acf,E_prot_acf,e_prot_cs,E_prot_cs,sph_ps,sph_acf,sph_cs,h_ps,fa_prob_ps,hacf,gacf,hcs
2576197,73.04848854638493,2.002506222575903,61.37673896051797,22.540120755079087,59.835561603983024,-1.0,-1.0,2.721780867426986,2.721780867426986,1680.4826817637374,697.9148059824138,1690.275193894103,0.16789452665267224,0.0,0.9277774769445252,0.050755648522938734,0.32811290827213063
