target_id,prot_ps,prot_acf,prot_cs,e_prot_ps,E_prot_ps,e_prot_acf,E_prot_acf,e_prot_cs,E_prot_cs,sph_ps,sph_acf,sph_cs,h_ps,fa_prob_ps,hacf,gacf,hcs
2584086,74.87879901743705,61.95487304776907,74.88473908380944,24.926246120602464,76.09523701113129,-1.0,-1.0,2.6090547364716845,2.6090547364716845,1962.6024652189535,1953.6096735751114,1962.626140320408,0.184574375414754,0.0,0.1120546395501242,0.29702318846051795,1.3717303417099658
