target_id,prot_ps,prot_acf,prot_cs,e_prot_ps,E_prot_ps,e_prot_acf,E_prot_acf,e_prot_cs,E_prot_cs,sph_ps,sph_acf,sph_cs,h_ps,fa_prob_ps,hacf,gacf,hcs
2694407,73.59781192885387,2.7994218366220593,74.64633030405633,9.807439917683638,13.322598070760591,-1.0,-1.0,4.534741850553359,4.534741850553359,339.5510202452408,272.8305167083005,339.4391190598531,0.08415449583166644,0.0,0.4930521016183098,0.008084645218551983,0.3139101927662532
