target_id,prot_ps,prot_acf,prot_cs,e_prot_ps,E_prot_ps,e_prot_acf,E_prot_acf,e_prot_cs,E_prot_cs,sph_ps,sph_acf,sph_cs,h_ps,fa_prob_ps,hacf,gacf,hcs
2695201,89.96469052909772,42.13268528319895,56.39731683019549,8.178671821403327,9.9961626764525,-1.0,-1.0,11.074102739023157,11.074102739023157,1538.4437663048961,1538.4437663048961,1538.4437663048961,0.44563166971757906,0.0,-0.3890237382843123,0.0009392510902956064,0.09278424841435787
