target_id,prot_ps,prot_acf,prot_cs,e_prot_ps,E_prot_ps,e_prot_acf,E_prot_acf,e_prot_cs,E_prot_cs,sph_ps,sph_acf,sph_cs,h_ps,fa_prob_ps,hacf,gacf,hcs
2714532,73.04872995481887,33.12319782655686,46.1056114645116,11.4891644161453,16.685204610511505,-1.0,-1.0,1.745689455898203,1.745689455898203,990.1781088631305,940.0692022356826,990.4319240791098,0.1722467725767664,0.0,-0.526321476855709,0.00020246975103821452,0.1392211523302293
