target_id,prot_ps,prot_acf,prot_cs,e_prot_ps,E_prot_ps,e_prot_acf,E_prot_acf,e_prot_cs,E_prot_cs,sph_ps,sph_acf,sph_cs,h_ps,fa_prob_ps,hacf,gacf,hcs
2713915,11.322735556929176,11.3203049832955,11.433508033128454,0.5132194974532354,0.5638203353574784,-1.0,-1.0,0.5302952697211988,0.5302952697211988,529.3551663370171,529.3551663370171,527.2022743430923,0.07044166573378231,0.0,0.5075016431686179,0.7344133372012027,0.9840511083323384
