target_id,prot_ps,prot_acf,prot_cs,e_prot_ps,E_prot_ps,e_prot_acf,E_prot_acf,e_prot_cs,E_prot_cs,sph_ps,sph_acf,sph_cs,h_ps,fa_prob_ps,hacf,gacf,hcs
2721966,95.37704613310946,84.08496940974146,96.25614102073013,4.563662359693282,5.049909422138143,-1.0,-1.0,23.320644128824863,23.320644128824863,1741.9101822865987,1715.6643241622862,1746.0323047635302,0.17294948998813173,0.0,0.2770198961374842,0.3980211628744144,0.6505941798328032
