target_id,prot_ps,prot_acf,prot_cs,e_prot_ps,E_prot_ps,e_prot_acf,E_prot_acf,e_prot_cs,E_prot_cs,sph_ps,sph_acf,sph_cs,h_ps,fa_prob_ps,hacf,gacf,hcs
2719007,73.04850742463802,74.07231506658718,73.80177232135085,21.62355975220234,53.78369178155907,-1.0,-1.0,4.299758412350057,4.299758412350057,962.2755829343496,963.5404515392768,963.176397775858,0.15969034860765294,0.0,0.25943882709902305,0.43565133104816667,0.981805136379217
