target_id,prot_ps,prot_acf,prot_cs,e_prot_ps,E_prot_ps,e_prot_acf,E_prot_acf,e_prot_cs,E_prot_cs,sph_ps,sph_acf,sph_cs,h_ps,fa_prob_ps,hacf,gacf,hcs
2858741,18.493278101472836,18.12471436196938,18.39066382271662,1.013650455706692,1.139855099472605,-1.0,-1.0,0.2863689841367883,0.2863689841367883,4597.02480639526,4622.631691084653,4588.697602211351,0.14361965426998144,0.0,0.45317654135229674,0.7660327021976219,0.9149981835729752
