target_id,prot_ps,prot_acf,prot_cs,e_prot_ps,E_prot_ps,e_prot_acf,E_prot_acf,e_prot_cs,E_prot_cs,sph_ps,sph_acf,sph_cs,h_ps,fa_prob_ps,hacf,gacf,hcs
2835890,121.74790499163623,-1.0,90.38511599449443,2.6194196960005485,2.7371342941035266,-1.0,-1.0,34.70209413416256,34.70209413416256,2500.5524872395463,-1.0,2563.746795589664,0.18935171668110098,0.0,-1.0,-1.0,0.1090991480860746
