target_id,prot_ps,prot_acf,prot_cs,e_prot_ps,E_prot_ps,e_prot_acf,E_prot_acf,e_prot_cs,E_prot_cs,sph_ps,sph_acf,sph_cs,h_ps,fa_prob_ps,hacf,gacf,hcs
2858010,72.93559446902465,35.22785966657102,46.11334418236211,22.35420860975551,58.690137909159304,-1.0,-1.0,1.4769399193844535,1.4769399193844535,1632.7760288681727,1556.663142816519,1571.7504093417094,0.12772983709873617,0.0,-0.4925591019145289,0.00044746570546808084,0.21083748669206787
