target_id,prot_ps,prot_acf,prot_cs,e_prot_ps,E_prot_ps,e_prot_acf,E_prot_acf,e_prot_cs,E_prot_cs,sph_ps,sph_acf,sph_cs,h_ps,fa_prob_ps,hacf,gacf,hcs
2857138,72.9331384176999,27.217842461541295,41.312214059899894,4.839312378552023,5.571254892370803,-1.0,-1.0,0.956964931047564,0.956964931047564,1386.0960886993992,1355.438917510514,1361.937908873637,0.13141214251688596,0.0,-0.3386358676275296,0.0017741390619163133,0.2952553898506256
