target_id,prot_ps,prot_acf,prot_cs,e_prot_ps,E_prot_ps,e_prot_acf,E_prot_acf,e_prot_cs,E_prot_cs,sph_ps,sph_acf,sph_cs,h_ps,fa_prob_ps,hacf,gacf,hcs
2859995,95.37581470237492,27.72872639913112,37.50754974305012,4.685220942976002,5.201351258004948,-1.0,-1.0,1.0619427243095283,1.0619427243095283,953.7703952472369,945.1278943506536,939.381725158894,0.11800286361798161,0.0,-0.2790459476580889,0.004029409412346835,0.30118209028234794
