target_id,prot_ps,prot_acf,prot_cs,e_prot_ps,E_prot_ps,e_prot_acf,E_prot_acf,e_prot_cs,E_prot_cs,sph_ps,sph_acf,sph_cs,h_ps,fa_prob_ps,hacf,gacf,hcs
2996170,72.93429815671556,10.707312818616629,11.049413435245413,13.134822402266025,20.41665620568503,-1.0,-1.0,0.19553239879048334,0.19553239879048334,1137.2950503231452,1062.3918958730167,1076.6419889609765,0.08986045490933581,0.0,0.34554438495868794,0.3617702378862604,0.2765839926087741
