target_id,prot_ps,prot_acf,prot_cs,e_prot_ps,E_prot_ps,e_prot_acf,E_prot_acf,e_prot_cs,E_prot_cs,sph_ps,sph_acf,sph_cs,h_ps,fa_prob_ps,hacf,gacf,hcs
2973605,16.98496335973909,17.12351098936051,17.19155549007002,0.8069287185923457,0.890715340355456,-1.0,-1.0,0.8249100605302201,0.8249100605302201,2466.3082214931333,2459.1623476993095,2451.0554048393537,0.11844605762525823,0.0,0.44448842347529766,0.739672592121098,0.8601155194436735
