target_id,prot_ps,prot_acf,prot_cs,e_prot_ps,E_prot_ps,e_prot_acf,E_prot_acf,e_prot_cs,E_prot_cs,sph_ps,sph_acf,sph_cs,h_ps,fa_prob_ps,hacf,gacf,hcs
2996143,15.985127006804243,16.02001692354679,16.02616927165221,0.8351835076541896,0.9317042406390854,-1.0,-1.0,0.17214154746000981,0.17214154746000981,6509.431268596276,6509.329381632699,6509.428926866323,0.27358679012443987,0.0,0.6103360418161098,1.1015691584397942,0.8847494421606149
