target_id,prot_ps,prot_acf,prot_cs,e_prot_ps,E_prot_ps,e_prot_acf,E_prot_acf,e_prot_cs,E_prot_cs,sph_ps,sph_acf,sph_cs,h_ps,fa_prob_ps,hacf,gacf,hcs
2994572,91.31066090739186,60.56563225015998,90.47366712228646,3.105842502970887,3.334983615153888,-1.0,-1.0,5.282167926630984,5.282167926630984,1148.6998365857485,1130.9351601644507,1152.9258174194513,0.11008023222557195,0.0,0.13124023885299899,0.3245558490691559,1.30813361841024
