target_id,prot_ps,prot_acf,prot_cs,e_prot_ps,E_prot_ps,e_prot_acf,E_prot_acf,e_prot_cs,E_prot_cs,sph_ps,sph_acf,sph_cs,h_ps,fa_prob_ps,hacf,gacf,hcs
2982925,45.92229345503348,31.83582240808755,28.54373681876343,0.8952598642189713,0.9312046475821703,-1.0,-1.0,6.122109851942707,6.122109851942707,1544.704222174854,1506.1119659506912,1489.3648689409383,0.11037220204314088,0.0,-0.09014716344101953,0.12981624732016178,0.5211596462466749
