target_id,prot_ps,prot_acf,prot_cs,e_prot_ps,E_prot_ps,e_prot_acf,E_prot_acf,e_prot_cs,E_prot_cs,sph_ps,sph_acf,sph_cs,h_ps,fa_prob_ps,hacf,gacf,hcs
3096453,52.569970696531016,7.805716337636113,7.78058274838142,9.99352670348231,16.02546460610307,-1.0,-1.0,0.216079063886502,0.216079063886502,283.2199546795031,253.5055419064066,251.22678761233638,0.06832625404053536,0.0,0.5963218193087503,0.6718404415002355,0.6749755107004786
