target_id,prot_ps,prot_acf,prot_cs,e_prot_ps,E_prot_ps,e_prot_acf,E_prot_acf,e_prot_cs,E_prot_cs,sph_ps,sph_acf,sph_cs,h_ps,fa_prob_ps,hacf,gacf,hcs
3103790,61.859598809583325,6.702045019716024,56.18081941504499,7.148635492720885,9.32555330096477,-1.0,-1.0,6.2397838912449375,6.2397838912449375,311.63948754202295,226.31561811388,324.6487864022995,0.07455177155807496,0.0,0.48290918054577275,0.2544269331556796,0.3103614052570999
