target_id,prot_ps,prot_acf,prot_cs,e_prot_ps,E_prot_ps,e_prot_acf,E_prot_acf,e_prot_cs,E_prot_cs,sph_ps,sph_acf,sph_cs,h_ps,fa_prob_ps,hacf,gacf,hcs
3116383,7.232548932084045,7.213121970184147,7.216505154612668,0.20126128347000538,0.21299694061244345,-1.0,-1.0,0.08389549211158101,0.08389549211158101,820.7465209230073,818.2641484597211,818.2641484597211,0.10014255882304898,0.0,0.6367795244702223,0.7062682428861902,0.48838357891118067
