target_id,prot_ps,prot_acf,prot_cs,e_prot_ps,E_prot_ps,e_prot_acf,E_prot_acf,e_prot_cs,E_prot_cs,sph_ps,sph_acf,sph_cs,h_ps,fa_prob_ps,hacf,gacf,hcs
3122597,73.5977681693402,25.72610415238887,28.875378079183236,1.9883677692928785,2.1007428876631025,-1.0,-1.0,0.4135292692558377,0.4135292692558377,651.76477951269,623.7468108104938,644.4313152262536,0.09274916837374826,0.0,-0.014104850699290319,0.23788566754396873,4.533760929729234
