target_id,prot_ps,prot_acf,prot_cs,e_prot_ps,E_prot_ps,e_prot_acf,E_prot_acf,e_prot_cs,E_prot_cs,sph_ps,sph_acf,sph_cs,h_ps,fa_prob_ps,hacf,gacf,hcs
3113666,74.87757314164573,30.22138195624575,28.456930122142808,24.305660542994026,70.59499896492207,-1.0,-1.0,0.3925077275340393,0.3925077275340393,1445.3608739238343,1339.6729966131272,1363.0449252332724,0.12925275060197483,0.0,-0.4843559606780651,0.0007578052690912218,0.11010918306008725
