target_id,prot_ps,prot_acf,prot_cs,e_prot_ps,E_prot_ps,e_prot_acf,E_prot_acf,e_prot_cs,E_prot_cs,sph_ps,sph_acf,sph_cs,h_ps,fa_prob_ps,hacf,gacf,hcs
3103260,20.577311104436994,19.82070995029062,20.411448841695677,2.9965768069383607,4.210674565846336,-1.0,-1.0,0.63472156664204,0.63472156664204,1298.7556622332263,1280.8394810213626,1302.7477846062422,0.1175737871848299,0.0,0.34311404159871534,0.7206659482226616,0.8231426075647617
