target_id,prot_ps,prot_acf,prot_cs,e_prot_ps,E_prot_ps,e_prot_acf,E_prot_acf,e_prot_cs,E_prot_cs,sph_ps,sph_acf,sph_cs,h_ps,fa_prob_ps,hacf,gacf,hcs
3112129,73.04958299198178,33.327401445712894,30.72534790514165,7.80718805847971,9.93396997084794,-1.0,-1.0,2.9879459405646247,2.9879459405646247,829.32427333994,799.9008552036981,806.0854775917785,0.26020006787182914,0.0,-0.5669952763709846,0.009414640423578313,0.04495420798969892
