target_id,prot_ps,prot_acf,prot_cs,e_prot_ps,E_prot_ps,e_prot_acf,E_prot_acf,e_prot_cs,E_prot_cs,sph_ps,sph_acf,sph_cs,h_ps,fa_prob_ps,hacf,gacf,hcs
3130537,72.9344687594848,-1.0,73.55695838189021,2.298677518251239,2.452248776934951,-1.0,-1.0,3.1377389124248816,3.1377389124248816,2680.6923274626793,-1.0,2669.3979478115593,0.29707743035445167,0.0,-1.0,-1.0,0.1378425267277914
