target_id,prot_ps,prot_acf,prot_cs,e_prot_ps,E_prot_ps,e_prot_acf,E_prot_acf,e_prot_cs,E_prot_cs,sph_ps,sph_acf,sph_cs,h_ps,fa_prob_ps,hacf,gacf,hcs
3229487,91.31197103377905,34.430819323752075,47.61199951435904,1.3418200842113066,1.3824250498780515,-1.0,-1.0,7.032903050769754,7.032903050769754,1242.9883082362105,1133.5641582027702,1185.3361436403122,0.11261323958086815,0.0,-0.41759065643315074,0.002397446540661291,0.18964725916595562
