target_id,prot_ps,prot_acf,prot_cs,e_prot_ps,E_prot_ps,e_prot_acf,E_prot_acf,e_prot_cs,E_prot_cs,sph_ps,sph_acf,sph_cs,h_ps,fa_prob_ps,hacf,gacf,hcs
3247782,15.985371161210649,15.815666637383401,15.902632997499893,1.3910008450819458,1.6818626403508503,-1.0,-1.0,0.25320954030976034,0.25320954030976034,5729.714509832784,5720.15676755948,5732.891568082629,0.16161576684014117,0.0,0.6749343071091669,1.1021079745391211,0.9822015683390355
