target_id,prot_ps,prot_acf,prot_cs,e_prot_ps,E_prot_ps,e_prot_acf,E_prot_acf,e_prot_cs,E_prot_cs,sph_ps,sph_acf,sph_cs,h_ps,fa_prob_ps,hacf,gacf,hcs
3233725,20.577293623497837,20.617607238236815,20.767988339243505,1.570348688929478,1.8498694817880939,-1.0,-1.0,0.4738620299256989,0.4738620299256989,3354.859100313302,3353.5134103925348,3371.8535617799857,0.08375910623170638,0.0,0.4701185075879495,0.753973668806962,0.9744279331480966
