target_id,prot_ps,prot_acf,prot_cs,e_prot_ps,E_prot_ps,e_prot_acf,E_prot_acf,e_prot_cs,E_prot_cs,sph_ps,sph_acf,sph_cs,h_ps,fa_prob_ps,hacf,gacf,hcs
3247339,91.31056728838675,33.736083584371954,41.72345451910101,3.2389813886198624,3.488979792017915,-1.0,-1.0,0.7966130773186042,0.7966130773186042,397.2687818223032,382.11220374999186,383.10004377914265,0.1065021381548964,0.0,-0.42729879225363965,0.0013310234464833093,0.2661368582815548
