target_id,prot_ps,prot_acf,prot_cs,e_prot_ps,E_prot_ps,e_prot_acf,E_prot_acf,e_prot_cs,E_prot_cs,sph_ps,sph_acf,sph_cs,h_ps,fa_prob_ps,hacf,gacf,hcs
3216556,73.0495741714784,79.07849537674338,73.80169159222393,21.69592093914467,52.66835644985194,-1.0,-1.0,3.4266731599204365,3.4266731599204365,1173.0094896890769,1191.0671878759981,1174.4122811644083,0.13246452122061672,0.0,0.2527977279735454,0.3930410825098789,0.8393632735648334
