target_id,prot_ps,prot_acf,prot_cs,e_prot_ps,E_prot_ps,e_prot_acf,E_prot_acf,e_prot_cs,E_prot_cs,sph_ps,sph_acf,sph_cs,h_ps,fa_prob_ps,hacf,gacf,hcs
3241662,91.31088130615628,31.9379716347903,46.716841034821535,3.0309627408421562,3.248800131765975,-1.0,-1.0,1.6719120931129396,1.6719120931129396,1093.2504595390285,1060.676731085622,1076.0141250069375,0.12480885256181828,0.0,-0.4230239883891256,0.0004077697544157266,0.20947385053822698
