target_id,prot_ps,prot_acf,prot_cs,e_prot_ps,E_prot_ps,e_prot_acf,E_prot_acf,e_prot_cs,E_prot_cs,sph_ps,sph_acf,sph_cs,h_ps,fa_prob_ps,hacf,gacf,hcs
3223536,73.04848192333789,69.57686960930005,73.70721039269948,24.46649649217801,75.64667731411573,-1.0,-1.0,3.4425169639187034,3.4425169639187034,885.6153830620053,899.5457296860199,885.8609106179645,0.14596684993355197,0.0,0.15486207643422706,0.3400740671183477,1.0453204328876646
