target_id,prot_ps,prot_acf,prot_cs,e_prot_ps,E_prot_ps,e_prot_acf,E_prot_acf,e_prot_cs,E_prot_cs,sph_ps,sph_acf,sph_cs,h_ps,fa_prob_ps,hacf,gacf,hcs
3343074,6.164442517089626,6.109689997974783,6.067596481600775,0.310804740340326,0.34598939263447814,-1.0,-1.0,0.3340605696267601,0.3340605696267601,3616.2174360118365,3599.7553318257246,3594.7095223894235,0.12426739014828532,0.0,0.780532786694192,1.1124859731899317,0.13042841777523118
