target_id,prot_ps,prot_acf,prot_cs,e_prot_ps,E_prot_ps,e_prot_acf,E_prot_acf,e_prot_cs,E_prot_cs,sph_ps,sph_acf,sph_cs,h_ps,fa_prob_ps,hacf,gacf,hcs
3338822,8.4941217692957,8.602595812641084,8.498883794006678,0.4623310770025757,0.5181750477020461,-1.0,-1.0,0.12979948115727943,0.12979948115727943,3685.861065060481,3639.4333632919866,3687.283248225953,0.08206324238408662,0.0,0.6210893952674457,1.0400196279825744,0.9516148723935837
