target_id,prot_ps,prot_acf,prot_cs,e_prot_ps,E_prot_ps,e_prot_acf,E_prot_acf,e_prot_cs,E_prot_cs,sph_ps,sph_acf,sph_cs,h_ps,fa_prob_ps,hacf,gacf,hcs
3323215,17.816925331094847,17.511684644035995,17.99637211166312,1.8443008661922597,2.319751822368069,-1.0,-1.0,1.022028677727812,1.022028677727812,2853.218055854355,2871.948450688511,2865.728193472357,0.0981777896485815,0.0,0.45771345982133177,0.8083122065610728,0.9856701335044643
