target_id,prot_ps,prot_acf,prot_cs,e_prot_ps,E_prot_ps,e_prot_acf,E_prot_acf,e_prot_cs,E_prot_cs,sph_ps,sph_acf,sph_cs,h_ps,fa_prob_ps,hacf,gacf,hcs
3330620,7.812667550938381,7.805682362057269,7.838136205445284,0.32978312961247536,0.3598596381961192,-1.0,-1.0,0.07080828768992857,0.07080828768992857,5766.049259997783,5769.180164371974,5761.278556657001,0.20982566878926642,0.0,0.7532304034757187,1.3092700511735114,0.8590261382882184
