target_id,prot_ps,prot_acf,prot_cs,e_prot_ps,E_prot_ps,e_prot_acf,E_prot_acf,e_prot_cs,E_prot_cs,sph_ps,sph_acf,sph_cs,h_ps,fa_prob_ps,hacf,gacf,hcs
3340694,91.31175927461138,51.65641523897648,24.972035230835896,1.3025612857995128,1.34067437293632,-1.0,-1.0,1.590241471985659,1.590241471985659,1523.872030846154,1467.0824039901643,1431.9790292417667,0.1085863700885792,0.0,-0.046901002979839394,0.17372491883413596,1.4358949126057694
