target_id,prot_ps,prot_acf,prot_cs,e_prot_ps,E_prot_ps,e_prot_acf,E_prot_acf,e_prot_cs,E_prot_cs,sph_ps,sph_acf,sph_cs,h_ps,fa_prob_ps,hacf,gacf,hcs
3329643,47.128037097117854,19.41204215399921,33.6010189448577,11.348574689799634,21.690287238515516,-1.0,-1.0,6.4713846121064265,6.4713846121064265,1361.0607952007688,1277.5168603896186,1299.7942402462568,0.09295021258643567,0.0,-0.4028035551341045,0.008769457014870169,0.12434685836587638
