target_id,prot_ps,prot_acf,prot_cs,e_prot_ps,E_prot_ps,e_prot_acf,E_prot_acf,e_prot_cs,E_prot_cs,sph_ps,sph_acf,sph_cs,h_ps,fa_prob_ps,hacf,gacf,hcs
3335194,12.815688761564097,12.70976962056011,12.810572694312754,0.630239431712674,0.6993512691363346,-1.0,-1.0,0.07769213439791471,0.07769213439791471,7852.336069508009,7917.850942275448,7855.811100381238,0.3978975371626706,0.0,0.5530401842573329,1.1808826623433908,0.9692496903625079
