target_id,prot_ps,prot_acf,prot_cs,e_prot_ps,E_prot_ps,e_prot_acf,E_prot_acf,e_prot_cs,E_prot_cs,sph_ps,sph_acf,sph_cs,h_ps,fa_prob_ps,hacf,gacf,hcs
3353050,73.59773553108539,46.75242107361555,46.49761220526415,10.576184064535788,14.782171558103627,-1.0,-1.0,9.097667773464408,9.097667773464408,395.167216173074,398.28032818911925,397.5106416450533,0.22347296582504908,0.0,-0.21707822001232338,0.003501673424256918,0.13882681033162309
