target_id,prot_ps,prot_acf,prot_cs,e_prot_ps,E_prot_ps,e_prot_acf,E_prot_acf,e_prot_cs,E_prot_cs,sph_ps,sph_acf,sph_cs,h_ps,fa_prob_ps,hacf,gacf,hcs
3446721,92.79012025906407,70.37091460637748,62.14105407591994,1.3787451174460443,1.4213321978525641,-1.0,-1.0,1.8856075898712488,1.8856075898712488,1092.966126730529,1099.5998551730445,1097.4977160192927,0.17339314227333133,0.0,0.18035382942564215,0.369085502816601,0.6234847677508376
