target_id,prot_ps,prot_acf,prot_cs,e_prot_ps,E_prot_ps,e_prot_acf,E_prot_acf,e_prot_cs,E_prot_cs,sph_ps,sph_acf,sph_cs,h_ps,fa_prob_ps,hacf,gacf,hcs
3430394,16.98822622838112,16.510428238660097,16.85105798957404,2.0948926670342747,2.771617731522788,-1.0,-1.0,0.6366469193504205,0.6366469193504205,5257.649554909427,5271.155998621359,5237.393855046801,0.17640960268881062,0.0,0.5898702636555284,1.0542405298046227,0.8445832622739073
