target_id,prot_ps,prot_acf,prot_cs,e_prot_ps,E_prot_ps,e_prot_acf,E_prot_acf,e_prot_cs,E_prot_cs,sph_ps,sph_acf,sph_cs,h_ps,fa_prob_ps,hacf,gacf,hcs
3426852,72.93441914796212,39.64164393953979,38.97804479770332,2.1015708841104868,2.228725859073549,-1.0,-1.0,8.160900608171108,8.160900608171108,2107.0632444352996,2078.5939895765227,2063.8462891606655,0.251904021216164,0.0,-0.4113370008125048,0.0002665891702044454,0.08483241674804455
