target_id,prot_ps,prot_acf,prot_cs,e_prot_ps,E_prot_ps,e_prot_acf,E_prot_acf,e_prot_cs,E_prot_cs,sph_ps,sph_acf,sph_cs,h_ps,fa_prob_ps,hacf,gacf,hcs
3428161,45.99866852549833,39.641549084335566,91.07298527726905,6.034201559179671,8.209662055565964,-1.0,-1.0,5.290593618903297,5.290593618903297,455.70108612259537,429.1219307143665,456.97281936115843,0.07033773073158191,0.0,0.09528041814087132,0.27589439333694493,0.9715295618678864
