target_id,prot_ps,prot_acf,prot_cs,e_prot_ps,E_prot_ps,e_prot_acf,E_prot_acf,e_prot_cs,E_prot_cs,sph_ps,sph_acf,sph_cs,h_ps,fa_prob_ps,hacf,gacf,hcs
3533706,17.602275753901008,17.307359432801604,17.50266009482659,0.7946352845520757,0.8742710850901005,-1.0,-1.0,0.37532201272865706,0.37532201272865706,5189.420143111709,5166.512948037655,5201.02487856763,0.16704692880321248,0.0,0.5573650076481458,0.9576813674411983,0.9556436921299002
