target_id,prot_ps,prot_acf,prot_cs,e_prot_ps,E_prot_ps,e_prot_acf,E_prot_acf,e_prot_cs,E_prot_cs,sph_ps,sph_acf,sph_cs,h_ps,fa_prob_ps,hacf,gacf,hcs
3547874,19.62550626788209,1.7981690168380737,8.817954133837446,0.1956572087619648,0.1996237459986112,-1.0,-1.0,0.04119693870771491,0.04119693870771491,215.88592441650033,160.83199376592313,212.61529926067558,0.0634517340937429,0.0,0.5063584298838365,0.1537505475644523,0.31994674445603366
