target_id,prot_ps,prot_acf,prot_cs,e_prot_ps,E_prot_ps,e_prot_acf,E_prot_acf,e_prot_cs,E_prot_cs,sph_ps,sph_acf,sph_cs,h_ps,fa_prob_ps,hacf,gacf,hcs
3546641,91.31069954091676,89.99026372656226,91.28175903938667,1.5749289952063918,1.631408768393257,-1.0,-1.0,4.351015741296912,4.351015741296912,664.3739046907967,667.6141116149662,664.4511009828296,0.15839550209428002,0.0,0.3053260237976306,0.4132848656596843,0.9937271874207276
