target_id,prot_ps,prot_acf,prot_cs,e_prot_ps,E_prot_ps,e_prot_acf,E_prot_acf,e_prot_cs,E_prot_cs,sph_ps,sph_acf,sph_cs,h_ps,fa_prob_ps,hacf,gacf,hcs
3543358,73.04865174549553,-1.0,73.67687021113304,21.261653258162873,51.598980625934274,-1.0,-1.0,3.374914388043945,3.374914388043945,686.8481995869435,-1.0,687.3686613361672,0.2722906637695191,0.0,-1.0,-1.0,0.35956189043028836
