target_id,prot_ps,prot_acf,prot_cs,e_prot_ps,E_prot_ps,e_prot_acf,E_prot_acf,e_prot_cs,E_prot_cs,sph_ps,sph_acf,sph_cs,h_ps,fa_prob_ps,hacf,gacf,hcs
3539634,91.997356880733,29.83328588306904,36.8249853089593,2.143577224879351,2.2472539140196375,-1.0,-1.0,0.6457230670986484,0.6457230670986484,275.8030941769596,269.23618961693217,270.71127796366454,0.11770258640681139,0.0,-0.2858227118476144,0.00195298478892586,0.17845180767845106
