target_id,prot_ps,prot_acf,prot_cs,e_prot_ps,E_prot_ps,e_prot_acf,E_prot_acf,e_prot_cs,E_prot_cs,sph_ps,sph_acf,sph_cs,h_ps,fa_prob_ps,hacf,gacf,hcs
3554195,73.04862048146757,3.4941692599095404,73.54581686498399,12.024223573246289,17.837961219752643,-1.0,-1.0,3.332293114257509,3.332293114257509,467.4170939772855,316.52102126376894,467.6871965850775,0.10455364377467641,0.0,0.7045712849224537,0.009798160093100527,0.25005910674612686
