target_id,prot_ps,prot_acf,prot_cs,e_prot_ps,E_prot_ps,e_prot_acf,E_prot_acf,e_prot_cs,E_prot_cs,sph_ps,sph_acf,sph_cs,h_ps,fa_prob_ps,hacf,gacf,hcs
3556875,73.04944135606475,38.12931668199599,48.267301236446954,14.631292441214377,24.247284288166924,-1.0,-1.0,9.042115814576075,9.042115814576075,1392.807785622955,1344.4821596951317,1341.4064419326223,0.13567132829238554,0.0,-0.5388291176557979,0.0007602823711180817,0.04398892293920745
