target_id,prot_ps,prot_acf,prot_cs,e_prot_ps,E_prot_ps,e_prot_acf,E_prot_acf,e_prot_cs,E_prot_cs,sph_ps,sph_acf,sph_cs,h_ps,fa_prob_ps,hacf,gacf,hcs
3525674,91.31060776337992,33.838267643004656,25.473510762057465,3.3261451848784276,3.588019702096176,-1.0,-1.0,0.552199290852832,0.552199290852832,654.0292375509616,628.6292954758159,630.465254918647,0.10935537513107076,0.0,-0.393082250383712,0.000303996514532473,0.19164947310316371
