target_id,prot_ps,prot_acf,prot_cs,e_prot_ps,E_prot_ps,e_prot_acf,E_prot_acf,e_prot_cs,E_prot_cs,sph_ps,sph_acf,sph_cs,h_ps,fa_prob_ps,hacf,gacf,hcs
3525551,91.31074604073689,61.56683684838936,47.612027724967334,2.1878291004336035,2.2967919233470298,-1.0,-1.0,5.718380671087678,5.718380671087678,1041.4850808400604,1024.9397286518174,1009.3244717055013,0.1697463626493775,0.0,-0.03410691545642345,0.0007643253662887664,1.9961598368767108
