target_id,prot_ps,prot_acf,prot_cs,e_prot_ps,E_prot_ps,e_prot_acf,E_prot_acf,e_prot_cs,E_prot_cs,sph_ps,sph_acf,sph_cs,h_ps,fa_prob_ps,hacf,gacf,hcs
3558685,60.87445508547135,26.625099803321064,34.279764912547535,11.74201976147242,18.99758649841489,-1.0,-1.0,5.168601788894223,5.168601788894223,1248.2807638651293,1230.5960723290175,1224.9142507409042,0.05285614643960525,0.0,-0.25239010995217254,0.0020716286292357944,0.2406253507093951
