target_id,prot_ps,prot_acf,prot_cs,e_prot_ps,E_prot_ps,e_prot_acf,E_prot_acf,e_prot_cs,E_prot_cs,sph_ps,sph_acf,sph_cs,h_ps,fa_prob_ps,hacf,gacf,hcs
3543363,73.04944720399668,32.73481827042997,46.843347713651816,22.1242349446133,56.990445663196624,-1.0,-1.0,1.7318824504587838,1.7318824504587838,1176.1265516393182,1082.2390990144138,1145.0040768963918,0.10879381086277308,0.0,-0.5526434260971235,4.019597896803839e-05,0.13563092373030677
