target_id,prot_ps,prot_acf,prot_cs,e_prot_ps,E_prot_ps,e_prot_acf,E_prot_acf,e_prot_cs,E_prot_cs,sph_ps,sph_acf,sph_cs,h_ps,fa_prob_ps,hacf,gacf,hcs
3553517,73.0485596075332,67.6766016036272,73.66403895847053,10.324729683267115,14.450449873991587,-1.0,-1.0,4.047872609360961,4.047872609360961,933.5668128848434,945.938696566011,933.566730880366,0.13372708384423804,0.0,0.16810132978030498,0.3122869513122906,0.9563929562748928
