target_id,prot_ps,prot_acf,prot_cs,e_prot_ps,E_prot_ps,e_prot_acf,E_prot_acf,e_prot_cs,E_prot_cs,sph_ps,sph_acf,sph_cs,h_ps,fa_prob_ps,hacf,gacf,hcs
3526459,6.630437209819624,6.497931908816099,73.1344696474909,0.06545434672830464,0.06677467661098735,-1.0,-1.0,1.2679538913792248,1.2679538913792248,327.0101503187279,327.4800581600075,362.6383912074981,0.1737837718100303,0.0,0.6043209167079526,0.43488058231295634,0.42266878294393406
