target_id,prot_ps,prot_acf,prot_cs,e_prot_ps,E_prot_ps,e_prot_acf,E_prot_acf,e_prot_cs,E_prot_cs,sph_ps,sph_acf,sph_cs,h_ps,fa_prob_ps,hacf,gacf,hcs
3635515,91.31159973446904,36.33106923941523,42.16345230634789,16.21178434306232,25.277117949374485,-1.0,-1.0,8.293351332323102,8.293351332323102,1425.6123936446995,1387.6663200184526,1391.9503658053156,0.14782385124590314,0.0,-0.5149929970488473,0.0005720846494732257,0.09945836940863505
