target_id,prot_ps,prot_acf,prot_cs,e_prot_ps,E_prot_ps,e_prot_acf,E_prot_acf,e_prot_cs,E_prot_cs,sph_ps,sph_acf,sph_cs,h_ps,fa_prob_ps,hacf,gacf,hcs
3627629,61.33163144726715,46.85465175611898,61.39594580863583,11.777407322434037,19.240894918168344,-1.0,-1.0,1.705361919136416,1.705361919136416,574.0420268205047,572.1942028526184,574.0811350830506,0.10139397511284817,0.0,0.05510796507726431,0.2040482596486782,1.863824229031237
