target_id,prot_ps,prot_acf,prot_cs,e_prot_ps,E_prot_ps,e_prot_acf,E_prot_acf,e_prot_cs,E_prot_cs,sph_ps,sph_acf,sph_cs,h_ps,fa_prob_ps,hacf,gacf,hcs
3662044,121.74765581117386,19.922888546716422,24.76334112458631,2.4493651587479093,2.5520330879049453,-1.0,-1.0,0.29665601340718806,0.29665601340718806,733.200387647052,723.6477069215354,727.348179979885,0.07214559379798316,0.0,-0.14059406742376107,0.00044031264537790216,0.4993838513857355
