target_id,prot_ps,prot_acf,prot_cs,e_prot_ps,E_prot_ps,e_prot_acf,E_prot_acf,e_prot_cs,E_prot_cs,sph_ps,sph_acf,sph_cs,h_ps,fa_prob_ps,hacf,gacf,hcs
3654354,73.04846495595689,35.73859617859125,45.85775117409302,10.42875451099657,14.538384095064103,-1.0,-1.0,2.330923242584836,2.330923242584836,976.0996668515979,923.5472287568349,958.7754649423978,0.11997227326985632,0.0,-0.5149769181926641,0.0005200720902544531,0.1526584717520379
