target_id,prot_ps,prot_acf,prot_cs,e_prot_ps,E_prot_ps,e_prot_acf,E_prot_acf,e_prot_cs,E_prot_cs,sph_ps,sph_acf,sph_cs,h_ps,fa_prob_ps,hacf,gacf,hcs
3656700,91.99820763168852,0.6947457110509276,92.74323866764807,1.3588849856790972,1.4002799611733536,-1.0,-1.0,3.3955851149659457,3.3955851149659457,445.6797527391298,265.5921407679989,445.1318197771868,0.06966352346617909,0.0,0.8764172027428653,0.03141873525289418,0.14237895626974054
