target_id,prot_ps,prot_acf,prot_cs,e_prot_ps,E_prot_ps,e_prot_acf,E_prot_acf,e_prot_cs,E_prot_cs,sph_ps,sph_acf,sph_cs,h_ps,fa_prob_ps,hacf,gacf,hcs
3760509,34.78545002446809,31.937846448272467,34.38988840207458,7.249846611199988,12.521333783267437,-1.0,-1.0,3.74171829951812,3.74171829951812,1243.9713267059203,1261.5566594006118,1243.7761435201082,0.08068423455542234,0.0,0.32642663004725264,0.5674660704654115,0.5829708732288653
