target_id,prot_ps,prot_acf,prot_cs,e_prot_ps,E_prot_ps,e_prot_acf,E_prot_acf,e_prot_cs,E_prot_cs,sph_ps,sph_acf,sph_cs,h_ps,fa_prob_ps,hacf,gacf,hcs
3750168,73.04939517321353,56.76483203005046,91.14659182770612,26.420352838963233,98.06723054811486,-1.0,-1.0,4.749408117068084,4.749408117068084,1295.745767075451,1289.1516601513333,1297.1306640540263,0.09046607543981525,0.0,0.07387725877914171,0.2598592137972394,0.9315276184410888
