target_id,prot_ps,prot_acf,prot_cs,e_prot_ps,E_prot_ps,e_prot_acf,E_prot_acf,e_prot_cs,E_prot_cs,sph_ps,sph_acf,sph_cs,h_ps,fa_prob_ps,hacf,gacf,hcs
3762238,72.9342543943139,34.94178257882595,46.00675312665216,21.413945638903925,51.580374414397696,-1.0,-1.0,1.3366598307098703,1.3366598307098703,1049.170619241383,1009.9402294078093,1024.9422295346753,0.14710556197652505,0.0,-0.45173584605533973,0.0006145008641992022,0.1548887667369624
