target_id,prot_ps,prot_acf,prot_cs,e_prot_ps,E_prot_ps,e_prot_acf,E_prot_acf,e_prot_cs,E_prot_cs,sph_ps,sph_acf,sph_cs,h_ps,fa_prob_ps,hacf,gacf,hcs
3734351,76.8932563279485,24.234405965544283,27.855876260041263,0.8990205170166519,0.9205849026497788,-1.0,-1.0,2.664065746666107,2.664065746666107,391.9719904973738,385.76253910330166,385.8731818004637,0.04159290071355236,0.0,-0.32807359494442806,0.0026704075465261157,0.32893716525750794
