target_id,prot_ps,prot_acf,prot_cs,e_prot_ps,E_prot_ps,e_prot_acf,E_prot_acf,e_prot_cs,E_prot_cs,sph_ps,sph_acf,sph_cs,h_ps,fa_prob_ps,hacf,gacf,hcs
3760764,73.04874669346012,21.312426509335637,49.08927520542555,2.3719838802102657,2.5349645285613036,-1.0,-1.0,4.321983103335835,4.321983103335835,1075.1538792139047,1028.0923139530964,1069.525380164694,0.060037324390026625,0.0,-0.2815203411135134,0.0012176579435406731,0.2267285750192052
