target_id,prot_ps,prot_acf,prot_cs,e_prot_ps,E_prot_ps,e_prot_acf,E_prot_acf,e_prot_cs,E_prot_cs,sph_ps,sph_acf,sph_cs,h_ps,fa_prob_ps,hacf,gacf,hcs
3756713,73.0484621664864,29.83324645087123,46.10544335408136,12.383619027813694,18.700672779270292,-1.0,-1.0,1.5536386860007205,1.5536386860007205,788.7764845175633,769.1233541211768,787.138869987295,0.09265501420894874,0.0,-0.3717912704296498,0.0005941355478540911,0.12783435282619204
