target_id,prot_ps,prot_acf,prot_cs,e_prot_ps,E_prot_ps,e_prot_acf,E_prot_acf,e_prot_cs,E_prot_cs,sph_ps,sph_acf,sph_cs,h_ps,fa_prob_ps,hacf,gacf,hcs
3847849,91.31180722911932,26.216461225878447,28.424524368823338,1.3410178578623686,1.3815519408823036,-1.0,-1.0,0.6963977577149564,0.6963977577149564,1025.5198408986535,991.1094924588683,995.5535642247866,0.07823319775980941,0.0,-0.4109488088665833,0.0005354132629916131,0.19774244874992314
