target_id,prot_ps,prot_acf,prot_cs,e_prot_ps,E_prot_ps,e_prot_acf,E_prot_acf,e_prot_cs,E_prot_cs,sph_ps,sph_acf,sph_cs,h_ps,fa_prob_ps,hacf,gacf,hcs
3850551,73.5987810709479,1.7981675416231155,91.97677673296018,12.429887667124426,18.674613901762655,-1.0,-1.0,3.7405393317816893,3.7405393317816893,453.3274053774793,277.39212743747487,459.97332320197876,0.16393418557770176,0.0,0.838144484007755,0.04745439832628262,0.22487247622471054
