target_id,prot_ps,prot_acf,prot_cs,e_prot_ps,E_prot_ps,e_prot_acf,E_prot_acf,e_prot_cs,E_prot_cs,sph_ps,sph_acf,sph_cs,h_ps,fa_prob_ps,hacf,gacf,hcs
3860060,91.31059725200083,57.84790275665,91.29771284780303,1.1892958218360405,1.2210938566130665,-1.0,-1.0,4.008690928439089,4.008690928439089,890.7444340573774,862.5892115910898,890.779017333684,0.13078351653055365,0.0,0.015062327791189252,0.24048432494881586,9.943759990420824
