target_id,prot_ps,prot_acf,prot_cs,e_prot_ps,E_prot_ps,e_prot_acf,E_prot_acf,e_prot_cs,E_prot_cs,sph_ps,sph_acf,sph_cs,h_ps,fa_prob_ps,hacf,gacf,hcs
3847368,91.31181987375402,67.75822236388922,91.22637261230297,2.4176382940703434,2.5542470703195335,-1.0,-1.0,3.9890788302650515,3.9890788302650515,734.6484266219182,734.3988545515168,734.782746323887,0.1409663897919706,0.0,0.03069780817773032,0.25764031976221696,8.737673043292993
