target_id,prot_ps,prot_acf,prot_cs,e_prot_ps,E_prot_ps,e_prot_acf,E_prot_acf,e_prot_cs,E_prot_cs,sph_ps,sph_acf,sph_cs,h_ps,fa_prob_ps,hacf,gacf,hcs
3847540,91.99727332833525,3.310265539214015,91.24416548785149,2.9438075660132625,3.147237745439142,-1.0,-1.0,4.6433000737021635,4.6433000737021635,365.2149818507264,328.2834745052315,365.17273715366156,0.04249710257270769,0.0,0.2182647958289409,0.04771804802850889,0.4128782380738396
