target_id,prot_ps,prot_acf,prot_cs,e_prot_ps,E_prot_ps,e_prot_acf,E_prot_acf,e_prot_cs,E_prot_cs,sph_ps,sph_acf,sph_cs,h_ps,fa_prob_ps,hacf,gacf,hcs
3853692,91.31170167972786,29.9357316410169,46.669703458612794,3.00489198163217,3.218863705667829,-1.0,-1.0,3.458356328659069,3.458356328659069,1005.9637337755131,894.8618266064368,983.8557441239445,0.12217258972664174,0.0,-0.35551457682243826,0.001158055829178939,0.13746252366439315
