target_id,prot_ps,prot_acf,prot_cs,e_prot_ps,E_prot_ps,e_prot_acf,E_prot_acf,e_prot_cs,E_prot_cs,sph_ps,sph_acf,sph_cs,h_ps,fa_prob_ps,hacf,gacf,hcs
3869826,73.04927183172873,22.31356754153967,28.913847259115425,8.842713837734578,11.630278788120123,-1.0,-1.0,5.526849551776217,5.526849551776217,1243.4322829470066,1190.2707704275838,1218.5165988429478,0.11730841151977886,0.0,-0.07846801219774431,0.15176695244701868,0.4456562171790372
