target_id,prot_ps,prot_acf,prot_cs,e_prot_ps,E_prot_ps,e_prot_acf,E_prot_acf,e_prot_cs,E_prot_cs,sph_ps,sph_acf,sph_cs,h_ps,fa_prob_ps,hacf,gacf,hcs
3869453,73.04923784527081,-1.0,73.80147967826574,10.959322661565018,15.59052801593738,-1.0,-1.0,4.375752120776921,4.375752120776921,896.2465887677474,-1.0,896.3139160391172,0.1866772068114517,0.0,-1.0,-1.0,0.304101135738903
