target_id,prot_ps,prot_acf,prot_cs,e_prot_ps,E_prot_ps,e_prot_acf,E_prot_acf,e_prot_cs,E_prot_cs,sph_ps,sph_acf,sph_cs,h_ps,fa_prob_ps,hacf,gacf,hcs
3847627,73.04845740235159,6.600094332359731,91.50906842323214,27.389514341245423,106.32611391283191,-1.0,-1.0,4.106879097402825,4.106879097402825,259.7845099729299,230.09358933297338,263.9956429559439,0.09186009063909449,0.0,0.5180612346775806,0.40298462911566174,0.16895493582832458
