target_id,prot_ps,prot_acf,prot_cs,e_prot_ps,E_prot_ps,e_prot_acf,E_prot_acf,e_prot_cs,E_prot_cs,sph_ps,sph_acf,sph_cs,h_ps,fa_prob_ps,hacf,gacf,hcs
3853682,63.51563326649124,4.495460856705904,4.457862456813454,3.1476142277063204,3.495298116897125,-1.0,-1.0,0.2245154664958889,0.2245154664958889,2891.8810570805967,2372.5609851698664,2416.3092522539678,0.04053800104042947,0.0,0.8183381295994203,0.775554687899408,0.6503879981084336
