target_id,prot_ps,prot_acf,prot_cs,e_prot_ps,E_prot_ps,e_prot_acf,E_prot_acf,e_prot_cs,E_prot_cs,sph_ps,sph_acf,sph_cs,h_ps,fa_prob_ps,hacf,gacf,hcs
3866116,73.04876206978564,32.63279989361763,32.05104922801255,20.675321862766353,48.27634339717153,-1.0,-1.0,5.115287643716732,5.115287643716732,992.450947777637,958.9482340688155,962.4243808890673,0.08788090434120446,0.0,-0.4271097330198391,0.0016065118174431459,0.1623997982066637
