target_id,prot_ps,prot_acf,prot_cs,e_prot_ps,E_prot_ps,e_prot_acf,E_prot_acf,e_prot_cs,E_prot_cs,sph_ps,sph_acf,sph_cs,h_ps,fa_prob_ps,hacf,gacf,hcs
3859512,5.312622702815634,5.312776938080788,5.341814468399757,0.20772687592108596,0.22521044024115966,-1.0,-1.0,0.05812448957959377,0.05812448957959377,18929.885488002954,18946.60517996971,18904.45885698168,0.3093571480341583,0.0,0.8745141184317513,1.5740342267589127,0.9943594143650556
