target_id,prot_ps,prot_acf,prot_cs,e_prot_ps,E_prot_ps,e_prot_acf,E_prot_acf,e_prot_cs,E_prot_cs,sph_ps,sph_acf,sph_cs,h_ps,fa_prob_ps,hacf,gacf,hcs
3946621,2.6089045276141607,2.5950780301354825,2.598135924956119,0.14700593524833483,0.16546683352488456,-1.0,-1.0,0.072654734139277,0.072654734139277,1141.9799738045583,1139.3281090170126,1139.3281090170126,0.05514809306372349,0.0,0.8581063893720234,1.3656351763116177,0.48961687679855465
