target_id,prot_ps,prot_acf,prot_cs,e_prot_ps,E_prot_ps,e_prot_acf,E_prot_acf,e_prot_cs,E_prot_cs,sph_ps,sph_acf,sph_cs,h_ps,fa_prob_ps,hacf,gacf,hcs
3942111,38.44707425845302,36.433255036361516,73.80155536182224,6.781454246784396,10.535050147739213,-1.0,-1.0,4.9653941249983164,4.9653941249983164,1526.6443636870622,1557.4702633990864,1569.5596410252954,0.04471725186920143,0.0,0.08158092021772782,0.3391233081972551,1.879153324117112
