target_id,prot_ps,prot_acf,prot_cs,e_prot_ps,E_prot_ps,e_prot_acf,E_prot_acf,e_prot_cs,E_prot_cs,sph_ps,sph_acf,sph_cs,h_ps,fa_prob_ps,hacf,gacf,hcs
3946894,19.743045491850644,19.82065890915692,19.746319580823958,0.6482000216837527,0.6939081680459864,-1.0,-1.0,0.20581856401189066,0.20581856401189066,2075.7942072900405,2070.2778716075463,2075.7942072900405,0.36431010766993854,0.0,0.42943569411823257,0.9378110825338923,0.9169028773201537
