target_id,prot_ps,prot_acf,prot_cs,e_prot_ps,E_prot_ps,e_prot_acf,E_prot_acf,e_prot_cs,E_prot_cs,sph_ps,sph_acf,sph_cs,h_ps,fa_prob_ps,hacf,gacf,hcs
3969429,73.04939513026564,33.73604668164626,51.625346590094274,22.424914851054297,57.1810535410641,-1.0,-1.0,5.212008888308285,5.212008888308285,352.25494450218594,344.4715110435,353.966085133909,0.12375430250013639,0.0,-0.3956710579059868,5.257669143685084e-05,0.09957325709250835
