target_id,prot_ps,prot_acf,prot_cs,e_prot_ps,E_prot_ps,e_prot_acf,E_prot_acf,e_prot_cs,E_prot_cs,sph_ps,sph_acf,sph_cs,h_ps,fa_prob_ps,hacf,gacf,hcs
3958018,74.87874496854779,34.73726497031748,46.31172165842726,23.70440251288214,65.74920908072264,-1.0,-1.0,5.225833842375205,5.225833842375205,1950.4059762835623,1858.4629323304866,1888.925411271457,0.16302968957157066,0.0,-0.5421001053602745,0.0005114923435079466,0.1139442482650796
