target_id,prot_ps,prot_acf,prot_cs,e_prot_ps,E_prot_ps,e_prot_acf,E_prot_acf,e_prot_cs,E_prot_cs,sph_ps,sph_acf,sph_cs,h_ps,fa_prob_ps,hacf,gacf,hcs
3946262,18.63235064275899,18.308652937412262,18.48179804438494,1.0456646801084695,1.1786512849094315,-1.0,-1.0,0.6581421262134042,0.6581421262134042,844.436709056458,846.1637383638225,845.1589061785434,0.11167099143642197,0.0,0.3848016522565115,0.809362392210263,0.9632116714867732
