target_id,prot_ps,prot_acf,prot_cs,e_prot_ps,E_prot_ps,e_prot_acf,E_prot_acf,e_prot_cs,E_prot_cs,sph_ps,sph_acf,sph_cs,h_ps,fa_prob_ps,hacf,gacf,hcs
3974987,74.87860927503142,25.72596403444186,52.26872502908241,0.874956274437622,0.8959785005858834,-1.0,-1.0,1.9142901757396191,1.9142901757396191,2523.94260098129,2506.481268131821,2477.7067703394673,0.06076630281798181,0.0,0.09007666972688216,0.31020851851492515,0.629908014164736
