target_id,prot_ps,prot_acf,prot_cs,e_prot_ps,E_prot_ps,e_prot_acf,E_prot_acf,e_prot_cs,E_prot_cs,sph_ps,sph_acf,sph_cs,h_ps,fa_prob_ps,hacf,gacf,hcs
3956527,73.59781014804948,27.93296553660184,32.090987652956066,2.983914089320649,3.247476361070966,-1.0,-1.0,4.995213074447944,4.995213074447944,108.83060054932547,105.8863469510396,107.53512652843078,0.13524785247010812,0.0,-0.5442977176775243,6.323851789846735e-05,0.08585544927605537
