target_id,prot_ps,prot_acf,prot_cs,e_prot_ps,E_prot_ps,e_prot_acf,E_prot_acf,e_prot_cs,E_prot_cs,sph_ps,sph_acf,sph_cs,h_ps,fa_prob_ps,hacf,gacf,hcs
3952668,91.31178480081745,33.53172415215522,46.770769601618596,1.43272875609361,1.479206911353529,-1.0,-1.0,4.937244079376178,4.937244079376178,1506.8469792898222,1362.6176786265296,1446.4655139702008,0.13312145672787046,0.0,-0.5265540073646882,0.0001378256931475752,0.13176170615542754
