target_id,prot_ps,prot_acf,prot_cs,e_prot_ps,E_prot_ps,e_prot_acf,E_prot_acf,e_prot_cs,E_prot_cs,sph_ps,sph_acf,sph_cs,h_ps,fa_prob_ps,hacf,gacf,hcs
4038557,45.65582591864428,24.316083816811442,61.09664399780063,0.9969098819106819,1.042125124269333,-1.0,-1.0,1.5215980297373672,1.5215980297373672,1504.1063770416833,1500.962208490975,1530.2900482966209,0.03445764425953232,0.0,0.12738290154861004,0.4017665678594847,0.794448642470648
