target_id,prot_ps,prot_acf,prot_cs,e_prot_ps,E_prot_ps,e_prot_acf,E_prot_acf,e_prot_cs,E_prot_cs,sph_ps,sph_acf,sph_cs,h_ps,fa_prob_ps,hacf,gacf,hcs
4065265,92.7899990649021,4.311336630489677,91.8578286382137,3.6421046856393957,3.9557442400021756,-1.0,-1.0,5.766138279276725,5.766138279276725,2053.580137999384,983.343429660402,2062.025564465496,0.21361350434097479,0.0,0.8410948833233522,0.17530970352711517,0.27257056547246944
