target_id,prot_ps,prot_acf,prot_cs,e_prot_ps,E_prot_ps,e_prot_acf,E_prot_acf,e_prot_cs,E_prot_cs,sph_ps,sph_acf,sph_cs,h_ps,fa_prob_ps,hacf,gacf,hcs
4075140,73.04935776417656,31.038782082032412,45.486145556027466,26.43789377281179,93.28763180505725,-1.0,-1.0,2.5992299731829016,2.5992299731829016,983.9063485446136,917.2504298663164,952.8889730220129,0.07699553842872695,0.0,-0.32644046625180506,0.0007236799389153947,0.27503676284678014
