target_id,prot_ps,prot_acf,prot_cs,e_prot_ps,E_prot_ps,e_prot_acf,E_prot_acf,e_prot_cs,E_prot_cs,sph_ps,sph_acf,sph_cs,h_ps,fa_prob_ps,hacf,gacf,hcs
4049209,73.59769973295255,49.75615858100355,46.49758995311334,1.655697237120009,1.7345191844972874,-1.0,-1.0,3.9663612098118235,3.9663612098118235,287.05056766862174,282.8289339162987,285.93714821115447,0.09368672652684153,0.0,0.12668035905869596,0.2595988916183084,0.47998065208207097
