target_id,prot_ps,prot_acf,prot_cs,e_prot_ps,E_prot_ps,e_prot_acf,E_prot_acf,e_prot_cs,E_prot_cs,sph_ps,sph_acf,sph_cs,h_ps,fa_prob_ps,hacf,gacf,hcs
4067938,33.97609157117843,32.734839904122055,33.865238048031166,8.495132029309424,16.824196997767707,-1.0,-1.0,0.8830763163579246,0.8830763163579246,1294.3883674815495,1315.9903959299772,1296.299272446266,0.06367530797459878,0.0,0.09604781607529243,0.2731099546949867,0.8777547894522548
