target_id,prot_ps,prot_acf,prot_cs,e_prot_ps,E_prot_ps,e_prot_acf,E_prot_acf,e_prot_cs,E_prot_cs,sph_ps,sph_acf,sph_cs,h_ps,fa_prob_ps,hacf,gacf,hcs
4059974,73.049455885245,25.72605607844889,34.809486263113904,1.863965339340453,1.9631487996821875,-1.0,-1.0,1.5242932074700166,1.5242932074700166,1033.6033476545147,1019.6369285356063,1030.9444749472177,0.10748483130425063,0.0,-0.41438341060223394,0.00010678290395527146,0.24455208942299403
