target_id,prot_ps,prot_acf,prot_cs,e_prot_ps,E_prot_ps,e_prot_acf,E_prot_acf,e_prot_cs,E_prot_cs,sph_ps,sph_acf,sph_cs,h_ps,fa_prob_ps,hacf,gacf,hcs
4157092,73.04934464271061,30.52793415170163,28.648349995057494,23.812465955982084,69.72397140868019,-1.0,-1.0,0.3579563096179527,0.3579563096179527,874.8997312627585,818.1218981312217,838.0746348204624,0.11730659305105552,0.0,-0.5375016850733344,0.0003364836702152707,0.1414165950974466
