target_id,prot_ps,prot_acf,prot_cs,e_prot_ps,E_prot_ps,e_prot_acf,E_prot_acf,e_prot_cs,E_prot_cs,sph_ps,sph_acf,sph_cs,h_ps,fa_prob_ps,hacf,gacf,hcs
4138791,54.110708100517776,29.322391161695123,28.91392105763778,10.75236941966736,17.727004902636494,-1.0,-1.0,2.9691923226767205,2.9691923226767205,1026.7122253058085,1008.6393714715219,1007.2278293964289,0.05569363100753442,0.0,-0.4103425233557651,0.0003155662926883629,0.1746406712891976
