target_id,prot_ps,prot_acf,prot_cs,e_prot_ps,E_prot_ps,e_prot_acf,E_prot_acf,e_prot_cs,E_prot_cs,sph_ps,sph_acf,sph_cs,h_ps,fa_prob_ps,hacf,gacf,hcs
4156956,91.31176821063217,23.825706352479756,32.75258142469916,3.393235282798898,3.664831179853408,-1.0,-1.0,7.531559200854271,7.531559200854271,909.9864409585656,888.312441409033,890.088498038234,0.06921124971072709,0.0,-0.2008016910307127,0.003019559248274059,0.3277163869607861
