target_id,prot_ps,prot_acf,prot_cs,e_prot_ps,E_prot_ps,e_prot_acf,E_prot_acf,e_prot_cs,E_prot_cs,sph_ps,sph_acf,sph_cs,h_ps,fa_prob_ps,hacf,gacf,hcs
4161096,72.93534851341253,34.43088444881141,46.05772197866362,25.719387299087686,85.22355838343314,-1.0,-1.0,1.446591506392559,1.446591506392559,1441.7944267945704,1335.788983847887,1395.2110629465524,0.18319883753749266,0.0,-0.506346151618317,0.0005055033065529124,0.14532203745473468
