target_id,prot_ps,prot_acf,prot_cs,e_prot_ps,E_prot_ps,e_prot_acf,E_prot_acf,e_prot_cs,E_prot_cs,sph_ps,sph_acf,sph_cs,h_ps,fa_prob_ps,hacf,gacf,hcs
4159944,91.31192399404111,34.04256078787148,28.63978956652304,1.426011367858024,1.4720850751079695,-1.0,-1.0,0.37707331733199556,0.37707331733199556,860.6296488154121,769.527452737646,791.0823407659705,0.13206420003935795,0.0,-0.5568389970739432,0.00016193331597869065,0.10852458812754559
