target_id,prot_ps,prot_acf,prot_cs,e_prot_ps,E_prot_ps,e_prot_acf,E_prot_acf,e_prot_cs,E_prot_cs,sph_ps,sph_acf,sph_cs,h_ps,fa_prob_ps,hacf,gacf,hcs
4177369,73.04859688860597,4.699758538044989,73.47480852081364,10.292244256515843,14.386892168944314,-1.0,-1.0,2.7064529985597128,2.7064529985597128,983.685974434822,678.0430350933326,983.737281427198,0.13689062289266804,0.0,0.535833748074734,0.16922033356568011,0.30265947966952467
