target_id,prot_ps,prot_acf,prot_cs,e_prot_ps,E_prot_ps,e_prot_acf,E_prot_acf,e_prot_cs,E_prot_cs,sph_ps,sph_acf,sph_cs,h_ps,fa_prob_ps,hacf,gacf,hcs
4178279,73.04938003644729,29.138456453569233,31.28039013762645,11.426548305534716,16.6552336671991,-1.0,-1.0,0.791022337895722,0.791022337895722,719.6420622125055,707.4232146833622,704.1873200853059,0.06680310891905311,0.0,-0.41597726007345864,0.0009120325127529028,0.21642753719910418
