target_id,prot_ps,prot_acf,prot_cs,e_prot_ps,E_prot_ps,e_prot_acf,E_prot_acf,e_prot_cs,E_prot_cs,sph_ps,sph_acf,sph_cs,h_ps,fa_prob_ps,hacf,gacf,hcs
4179699,73.04930646827208,34.94159306399524,31.090718283247035,26.4253802378638,93.13218062926359,-1.0,-1.0,0.42614656868589984,0.42614656868589984,700.3444663736136,666.0619502165844,661.1486204130927,0.12617524124063273,0.0,-0.36833842335343014,0.003811708369026945,0.1904806105225461
