target_id,prot_ps,prot_acf,prot_cs,e_prot_ps,E_prot_ps,e_prot_acf,E_prot_acf,e_prot_cs,E_prot_cs,sph_ps,sph_acf,sph_cs,h_ps,fa_prob_ps,hacf,gacf,hcs
4150250,11.975299471130365,12.015006942674518,11.999959591717225,0.5525929821950939,0.608157878739263,-1.0,-1.0,0.12147541730481476,0.12147541730481476,5956.332029145957,5962.501538209427,5963.416894300535,0.1556052202978585,0.0,0.567923657563524,0.8915922018109471,0.7367930668306919
