target_id,prot_ps,prot_acf,prot_cs,e_prot_ps,E_prot_ps,e_prot_acf,E_prot_acf,e_prot_cs,E_prot_cs,sph_ps,sph_acf,sph_cs,h_ps,fa_prob_ps,hacf,gacf,hcs
4173466,38.44602146386132,39.2326945066452,38.82013820347375,6.151860561877449,9.004817194611697,-1.0,-1.0,1.9883674656357593,1.9883674656357593,2069.0428102030855,2068.3924765544543,2079.8621985961818,0.17530601575190335,0.0,0.5105715825253508,1.0519980460627414,0.9819184865059732
