target_id,prot_ps,prot_acf,prot_cs,e_prot_ps,E_prot_ps,e_prot_acf,E_prot_acf,e_prot_cs,E_prot_cs,sph_ps,sph_acf,sph_cs,h_ps,fa_prob_ps,hacf,gacf,hcs
4148191,18.73058750826599,7.110919235274196,9.22849951612008,0.8535739328961007,0.9392275881487535,-1.0,-1.0,0.07143872607517732,0.07143872607517732,5884.371190097859,5810.290568566702,5790.780402852944,0.20032534101042854,0.0,-0.2561376740826505,0.0018599037963577536,0.2244963375045571
