target_id,prot_ps,prot_acf,prot_cs,e_prot_ps,E_prot_ps,e_prot_acf,E_prot_acf,e_prot_cs,E_prot_cs,sph_ps,sph_acf,sph_cs,h_ps,fa_prob_ps,hacf,gacf,hcs
4276976,15.01997967966861,14.507970768027008,14.951704717693474,2.453531668120416,3.629973775623709,-1.0,-1.0,0.16758738536877446,0.16758738536877446,423.3169549367106,405.7304995668429,423.86024524583144,0.06060348899503567,0.0,0.2911746803228382,0.504671072330269,0.9528896868515702
