target_id,prot_ps,prot_acf,prot_cs,e_prot_ps,E_prot_ps,e_prot_acf,E_prot_acf,e_prot_cs,E_prot_cs,sph_ps,sph_acf,sph_cs,h_ps,fa_prob_ps,hacf,gacf,hcs
4245790,20.01354719501994,20.413285550661385,20.225295333378014,1.2487164567813238,1.424726041569567,-1.0,-1.0,1.2995604942656467,1.2995604942656467,2982.1456223573696,2996.0142176322083,2963.62268147726,0.10959935727248149,0.0,0.5533399968318836,0.8982047580651854,0.9526365467678992
