target_id,prot_ps,prot_acf,prot_cs,e_prot_ps,E_prot_ps,e_prot_acf,E_prot_acf,e_prot_cs,E_prot_cs,sph_ps,sph_acf,sph_cs,h_ps,fa_prob_ps,hacf,gacf,hcs
4280659,72.93539716859385,53.454750917851925,73.69869445065966,2.4711471045426947,2.6488448678770453,-1.0,-1.0,6.563499761244897,6.563499761244897,1796.0585719257658,1839.0143180120376,1827.0475711280349,0.13681325607304493,0.0,0.035556362725278914,0.17430441788111137,1.3802879657695748
