target_id,prot_ps,prot_acf,prot_cs,e_prot_ps,E_prot_ps,e_prot_acf,E_prot_acf,e_prot_cs,E_prot_cs,sph_ps,sph_acf,sph_cs,h_ps,fa_prob_ps,hacf,gacf,hcs
4365996,73.04873358536764,62.159638912416995,61.126674829917995,22.223455037361212,57.654395464082754,-1.0,-1.0,2.1513925818857564,2.1513925818857564,723.459150214492,725.8782780489944,723.0186830754807,0.14904968525602472,0.0,0.27505853959007576,0.45941326142877503,0.9413703499721521
