target_id,prot_ps,prot_acf,prot_cs,e_prot_ps,E_prot_ps,e_prot_acf,E_prot_acf,e_prot_cs,E_prot_cs,sph_ps,sph_acf,sph_cs,h_ps,fa_prob_ps,hacf,gacf,hcs
4387307,73.04923342043587,34.43071653600782,42.01201705662026,9.569446700984997,13.012926195557668,-1.0,-1.0,1.128873198674567,1.128873198674567,829.5615407666521,817.8182620578982,826.7585710450179,0.09071119138641043,0.0,-0.4387807696478947,0.0014478169175329292,0.15161886796609572
