target_id,prot_ps,prot_acf,prot_cs,e_prot_ps,E_prot_ps,e_prot_acf,E_prot_acf,e_prot_cs,E_prot_cs,sph_ps,sph_acf,sph_cs,h_ps,fa_prob_ps,hacf,gacf,hcs
4376851,91.31120108820335,32.73551651649177,47.024494613434165,0.9651595265868025,0.9860041783519335,-1.0,-1.0,1.3082941255905904,1.3082941255905904,986.9718962848261,969.2295413413374,982.5838288105597,0.09117048720059007,0.0,-0.4156279560563911,0.0002850418700883761,0.15380037706233982
