target_id,prot_ps,prot_acf,prot_cs,e_prot_ps,E_prot_ps,e_prot_acf,E_prot_acf,e_prot_cs,E_prot_cs,sph_ps,sph_acf,sph_cs,h_ps,fa_prob_ps,hacf,gacf,hcs
4372768,47.68793027469555,10.114757884293795,5.225793878009974,0.7631001919154841,0.7885905554843831,-1.0,-1.0,0.049965365325496044,0.049965365325496044,1060.8838169812461,927.1976356914101,877.3155783927992,0.032150112497091966,0.0,0.16723475995886702,0.0031363671221081857,0.37805426606884984
