target_id,prot_ps,prot_acf,prot_cs,e_prot_ps,E_prot_ps,e_prot_acf,E_prot_acf,e_prot_cs,E_prot_cs,sph_ps,sph_acf,sph_cs,h_ps,fa_prob_ps,hacf,gacf,hcs
4345755,43.292824584638424,5.210602094884962,92.75833421061492,7.955456163954061,12.50549728874023,-1.0,-1.0,4.1462911709549495,4.1462911709549495,225.3748494107493,190.4620885818344,229.89569646961831,0.0452914147060999,0.0,0.465656009671936,0.26504160587432124,0.32596690495564357
