target_id,prot_ps,prot_acf,prot_cs,e_prot_ps,E_prot_ps,e_prot_acf,E_prot_acf,e_prot_cs,E_prot_cs,sph_ps,sph_acf,sph_cs,h_ps,fa_prob_ps,hacf,gacf,hcs
4348954,91.31166833599335,33.12300760764629,47.0903782083984,3.0945258080101326,3.3187421333968814,-1.0,-1.0,1.3372876376911333,1.3372876376911333,676.9873791000224,640.8666280553921,660.5625861340172,0.16343904778962556,0.0,-0.5348175940573257,0.00031794769006049384,0.17199507451081436
