target_id,prot_ps,prot_acf,prot_cs,e_prot_ps,E_prot_ps,e_prot_acf,E_prot_acf,e_prot_cs,E_prot_cs,sph_ps,sph_acf,sph_cs,h_ps,fa_prob_ps,hacf,gacf,hcs
4354841,31.084819176104133,29.5266745518893,30.935075046889217,5.571633578488441,8.733846693875591,-1.0,-1.0,0.8848330571137886,0.8848330571137886,1480.5292397689043,1461.7811358123863,1401.9221748666907,0.0668464625072388,0.0,0.15929366305592435,0.4116434366245403,0.7726958950195595
