target_id,prot_ps,prot_acf,prot_cs,e_prot_ps,E_prot_ps,e_prot_acf,E_prot_acf,e_prot_cs,E_prot_cs,sph_ps,sph_acf,sph_cs,h_ps,fa_prob_ps,hacf,gacf,hcs
4374168,95.37588637980102,18.308738052845,93.35180894915078,4.8705057877837135,5.42469067903437,-1.0,-1.0,5.5659870360311015,5.5659870360311015,1061.6161794066531,901.6802773016483,1057.9323422882446,0.08291210098917384,0.0,0.03523935102419419,0.03321983722648697,4.687026627723948
