target_id,prot_ps,prot_acf,prot_cs,e_prot_ps,E_prot_ps,e_prot_acf,E_prot_acf,e_prot_cs,E_prot_cs,sph_ps,sph_acf,sph_cs,h_ps,fa_prob_ps,hacf,gacf,hcs
4371625,45.99880394355713,13.608942939899862,13.608521350624413,6.205005816609116,8.466281754010204,-1.0,-1.0,0.7295054027834759,0.7295054027834759,411.4718101155297,390.5717186136845,390.6151054788899,0.044874928738224164,0.0,0.12868027032968413,0.3288186943187748,0.45868053226546657
