target_id,prot_ps,prot_acf,prot_cs,e_prot_ps,E_prot_ps,e_prot_acf,E_prot_acf,e_prot_cs,E_prot_cs,sph_ps,sph_acf,sph_cs,h_ps,fa_prob_ps,hacf,gacf,hcs
4380214,73.04927350323572,6.211835794150829,73.91167512478891,19.12690449183834,40.60121072085883,-1.0,-1.0,3.3676004525625185,3.3676004525625185,1834.6966887553986,1428.4828736176678,1832.8677717597213,0.12541593750154403,0.0,0.6745770707335829,0.49973251853869627,0.2218263138304108
