target_id,prot_ps,prot_acf,prot_cs,e_prot_ps,E_prot_ps,e_prot_acf,E_prot_acf,e_prot_cs,E_prot_cs,sph_ps,sph_acf,sph_cs,h_ps,fa_prob_ps,hacf,gacf,hcs
4454611,91.31180138924687,32.142181812785566,28.643264402336175,1.1847954538911267,1.2165763103032958,-1.0,-1.0,0.37443454479107785,0.37443454479107785,659.499151083572,647.119399136462,645.0945011951395,0.11390141275757386,0.0,-0.42788068242249794,0.0005570266146291414,0.13793484134769537
