target_id,prot_ps,prot_acf,prot_cs,e_prot_ps,E_prot_ps,e_prot_acf,E_prot_acf,e_prot_cs,E_prot_cs,sph_ps,sph_acf,sph_cs,h_ps,fa_prob_ps,hacf,gacf,hcs
4457346,45.92236995922779,25.828291200101376,72.97362883061358,4.563140344663331,5.680814894147275,-1.0,-1.0,3.9864405208534657,3.9864405208534657,700.3825702712686,682.1671095709792,709.7941211391627,0.1110110013597072,0.0,-0.28656878320950346,0.00107879584335277,0.2200964974972999
