target_id,prot_ps,prot_acf,prot_cs,e_prot_ps,E_prot_ps,e_prot_acf,E_prot_acf,e_prot_cs,E_prot_cs,sph_ps,sph_acf,sph_cs,h_ps,fa_prob_ps,hacf,gacf,hcs
4460061,73.59869534812562,9.317766219377518,9.307263221556875,18.94762546563817,38.982341857947674,-1.0,-1.0,0.08084400289831065,0.08084400289831065,495.99435791793144,467.8660775264543,468.2049517321334,0.0341244159895322,0.0,0.3368839426378642,0.298908839560049,0.503809733448068
