target_id,prot_ps,prot_acf,prot_cs,e_prot_ps,E_prot_ps,e_prot_acf,E_prot_acf,e_prot_cs,E_prot_cs,sph_ps,sph_acf,sph_cs,h_ps,fa_prob_ps,hacf,gacf,hcs
4448391,91.9972753430378,53.14824795210734,52.067842923468554,1.3472258996921624,1.387899053139904,-1.0,-1.0,6.084238738621768,6.084238738621768,264.8505523776905,248.40742042401953,252.4703697410706,0.09001832456948154,0.0,0.23257417936040212,0.3844248888662599,0.9621574181749437
