target_id,prot_ps,prot_acf,prot_cs,e_prot_ps,E_prot_ps,e_prot_acf,E_prot_acf,e_prot_cs,E_prot_cs,sph_ps,sph_acf,sph_cs,h_ps,fa_prob_ps,hacf,gacf,hcs
4459010,91.31164959045458,2.411174642853439,91.30765666556985,4.869961151572824,5.4471102937081355,-1.0,-1.0,8.055233348607734,8.055233348607734,746.1262853711004,640.789837684707,746.1362257249388,0.03341334361437583,0.0,0.6109072728843458,0.4135091085934686,0.2627833534640102
