target_id,prot_ps,prot_acf,prot_cs,e_prot_ps,E_prot_ps,e_prot_acf,E_prot_acf,e_prot_cs,E_prot_cs,sph_ps,sph_acf,sph_cs,h_ps,fa_prob_ps,hacf,gacf,hcs
4478177,95.3758335773558,16.61271901242435,45.49616852195934,1.686734528987742,1.7486984609532783,-1.0,-1.0,4.6637965501343315,4.6637965501343315,836.4141196551296,737.6056914640802,835.1600546190169,0.08655278166609809,0.0,-0.0649345525266916,0.001489946302862824,0.8414555765309075
