target_id,prot_ps,prot_acf,prot_cs,e_prot_ps,E_prot_ps,e_prot_acf,E_prot_acf,e_prot_cs,E_prot_cs,sph_ps,sph_acf,sph_cs,h_ps,fa_prob_ps,hacf,gacf,hcs
4546168,52.57048646433775,26.420811660122126,33.09528491662816,9.886842265189713,15.752792028839579,-1.0,-1.0,4.728155523404315,4.728155523404315,240.34409098997241,237.5802841625533,238.65744772029043,0.05726065335400117,0.0,-0.4844489780325888,0.006391215964404867,0.11122961175134388
