target_id,prot_ps,prot_acf,prot_cs,e_prot_ps,E_prot_ps,e_prot_acf,E_prot_acf,e_prot_cs,E_prot_cs,sph_ps,sph_acf,sph_cs,h_ps,fa_prob_ps,hacf,gacf,hcs
4556565,72.93536219241244,87.78344802930951,94.35004227016123,0.8987369908010265,0.9212733667268509,-1.0,-1.0,6.768860024629961,6.768860024629961,1184.3432256186527,1162.0497671283415,1157.2580826357853,0.2113815644166287,0.0,0.3018357337360207,0.11474362368842989,0.4644135984249866
