target_id,prot_ps,prot_acf,prot_cs,e_prot_ps,E_prot_ps,e_prot_acf,E_prot_acf,e_prot_cs,E_prot_cs,sph_ps,sph_acf,sph_cs,h_ps,fa_prob_ps,hacf,gacf,hcs
4585736,98.60685893604968,34.1436275197193,47.15084318785145,8.747993320422552,10.657880520386485,-1.0,-1.0,6.2551684483965815,6.2551684483965815,1239.6704280619738,1311.5773378126594,1239.6704280619738,0.28408981691797847,0.0,-0.5147401193841709,0.00012338820961133035,0.37035384432812385
