target_id,prot_ps,prot_acf,prot_cs,e_prot_ps,E_prot_ps,e_prot_acf,E_prot_acf,e_prot_cs,E_prot_cs,sph_ps,sph_acf,sph_cs,h_ps,fa_prob_ps,hacf,gacf,hcs
4546748,73.59780395814178,40.05011897534132,46.19711369784936,1.340638747581579,1.3908010080027964,-1.0,-1.0,1.311357135754022,1.311357135754022,306.15131671914145,307.3803233004116,309.2279750682275,0.11552943280392636,0.0,-0.19104339174500498,0.11351043646538259,0.5098354406494184
