target_id,prot_ps,prot_acf,prot_cs,e_prot_ps,E_prot_ps,e_prot_acf,E_prot_acf,e_prot_cs,E_prot_cs,sph_ps,sph_acf,sph_cs,h_ps,fa_prob_ps,hacf,gacf,hcs
4562450,21.80571375287829,22.314152827486396,22.041969205085184,4.217532212536334,6.835102219331734,-1.0,-1.0,1.5069036437253849,1.5069036437253849,823.5377968573641,839.3414911039897,842.0377329896182,0.044689210099742485,0.0,0.2155290508409309,0.5865939358843293,0.9612307533126332
