target_id,prot_ps,prot_acf,prot_cs,e_prot_ps,E_prot_ps,e_prot_acf,E_prot_acf,e_prot_cs,E_prot_cs,sph_ps,sph_acf,sph_cs,h_ps,fa_prob_ps,hacf,gacf,hcs
4587155,73.04957393339289,82.77699864888564,73.78838902163668,11.842470650447446,17.440757809216663,-1.0,-1.0,3.2002568288780315,3.2002568288780315,1327.882279550793,1377.561484259717,1329.5842599265443,0.18008799121146518,0.0,0.22488201239541986,0.3677587536883498,0.7206489632340809
