target_id,prot_ps,prot_acf,prot_cs,e_prot_ps,E_prot_ps,e_prot_acf,E_prot_acf,e_prot_cs,E_prot_cs,sph_ps,sph_acf,sph_cs,h_ps,fa_prob_ps,hacf,gacf,hcs
4577152,73.04925522768859,31.140906555578113,46.10529730814508,13.123002792619324,20.367813138198514,-1.0,-1.0,1.6036410216034758,1.6036410216034758,696.6077553080167,646.9335668292099,688.5627635173345,0.12271968875604092,0.0,-0.4482249543299637,0.00018895057360449052,0.18025228241296978
