target_id,prot_ps,prot_acf,prot_cs,e_prot_ps,E_prot_ps,e_prot_acf,E_prot_acf,e_prot_cs,E_prot_cs,sph_ps,sph_acf,sph_cs,h_ps,fa_prob_ps,hacf,gacf,hcs
4553880,97.29993081591658,0.6947420220822096,61.53738761359826,9.01242445219701,11.037050342803312,-1.0,-1.0,9.062139601495666,9.062139601495666,317.75388933550107,246.35141519951935,317.75388933550107,0.14805274720572795,4.637429007152651e-162,0.7936202035023813,0.0028878765004277107,0.2069030651318627
