target_id,prot_ps,prot_acf,prot_cs,e_prot_ps,E_prot_ps,e_prot_acf,E_prot_acf,e_prot_cs,E_prot_cs,sph_ps,sph_acf,sph_cs,h_ps,fa_prob_ps,hacf,gacf,hcs
4570046,91.31057019273742,14.324043410364538,90.85420903580209,1.249616880261911,1.2846307705041369,-1.0,-1.0,4.002605503090468,4.002605503090468,1700.0958519249516,1458.1366754751944,1701.1533789658179,0.0898867081014385,0.0,0.2704129275234714,0.3373372964423916,0.3371761580894235
