target_id,prot_ps,prot_acf,prot_cs,e_prot_ps,E_prot_ps,e_prot_acf,E_prot_acf,e_prot_cs,E_prot_cs,sph_ps,sph_acf,sph_cs,h_ps,fa_prob_ps,hacf,gacf,hcs
4557341,42.056384488622584,35.12557703303173,33.06217926177195,0.8217363114824536,0.8551615930674856,-1.0,-1.0,2.7733305181354213,2.7733305181354213,1264.6886392790273,1237.3919115104068,1274.4855862379513,0.08865264149532566,0.0,0.23928152185139742,0.4588997150263762,0.4223029393837838
