target_id,prot_ps,prot_acf,prot_cs,e_prot_ps,E_prot_ps,e_prot_acf,E_prot_acf,e_prot_cs,E_prot_cs,sph_ps,sph_acf,sph_cs,h_ps,fa_prob_ps,hacf,gacf,hcs
4543236,45.65584136418191,46.54794885031879,45.681758257504995,3.898649342679434,4.691946869674901,-1.0,-1.0,0.9462973684001588,0.9462973684001588,1477.6459202197045,1476.2274033536003,1477.4947800070083,0.14884080184100834,0.0,0.27012242553873134,0.3459806979262065,0.9796784330529343
