target_id,prot_ps,prot_acf,prot_cs,e_prot_ps,E_prot_ps,e_prot_acf,E_prot_acf,e_prot_cs,E_prot_cs,sph_ps,sph_acf,sph_cs,h_ps,fa_prob_ps,hacf,gacf,hcs
4557026,63.52115515902282,25.726010349579155,28.789753367477353,1.6997137766665915,1.794804869048832,-1.0,-1.0,3.2449353033029187,3.2449353033029187,522.0171037355191,516.2110722989623,518.9142492311547,0.05478289744265843,0.0,-0.38731580371283625,0.0007338930946862166,0.14958244305765944
