target_id,prot_ps,prot_acf,prot_cs,e_prot_ps,E_prot_ps,e_prot_acf,E_prot_acf,e_prot_cs,E_prot_cs,sph_ps,sph_acf,sph_cs,h_ps,fa_prob_ps,hacf,gacf,hcs
4646583,73.59865215215277,23.028804241213948,25.432800707986193,2.1022027851040264,2.2282194240697635,-1.0,-1.0,0.3987669128463435,0.3987669128463435,381.7004937735604,365.5584753929633,365.85886139133146,0.10436335272910216,0.0,-0.15936025380963748,0.036809304038979807,0.42801751097154067
