target_id,prot_ps,prot_acf,prot_cs,e_prot_ps,E_prot_ps,e_prot_acf,E_prot_acf,e_prot_cs,E_prot_cs,sph_ps,sph_acf,sph_cs,h_ps,fa_prob_ps,hacf,gacf,hcs
4641231,91.31177286275464,8.806929593440145,91.71326497936569,1.4427418395356284,1.4900568854708212,-1.0,-1.0,3.539577759452078,3.539577759452078,1001.0225498764127,942.8326031955612,1000.3807174740381,0.09059368887245667,0.0,0.3447982594703415,0.3265681175622793,0.4781056189536544
