target_id,prot_ps,prot_acf,prot_cs,e_prot_ps,E_prot_ps,e_prot_acf,E_prot_acf,e_prot_cs,E_prot_cs,sph_ps,sph_acf,sph_cs,h_ps,fa_prob_ps,hacf,gacf,hcs
4649785,21.820010284734817,20.92354440689087,21.60437692606822,1.7989503096142911,2.1584093391195047,-1.0,-1.0,2.07521614197105,2.07521614197105,3432.7434548033098,3489.488846377697,3450.4690104056995,0.3120039715242554,0.0,0.5988338099897155,1.1087518490363022,0.9372294011254997
