target_id,prot_ps,prot_acf,prot_cs,e_prot_ps,E_prot_ps,e_prot_acf,E_prot_acf,e_prot_cs,E_prot_cs,sph_ps,sph_acf,sph_cs,h_ps,fa_prob_ps,hacf,gacf,hcs
4661205,72.93438122727615,54.762653429061174,73.08017125097139,2.1702500061632577,2.3075683962369453,-1.0,-1.0,3.3187333682738887,3.3187333682738887,1451.9797672013121,1476.2236062638387,1450.728301960915,0.24041494061817373,0.0,0.10832832233614861,0.3036360527460751,1.170333461548819
