target_id,prot_ps,prot_acf,prot_cs,e_prot_ps,E_prot_ps,e_prot_acf,E_prot_acf,e_prot_cs,E_prot_cs,sph_ps,sph_acf,sph_cs,h_ps,fa_prob_ps,hacf,gacf,hcs
4679768,73.04851078653499,63.95761710591614,73.55272925592455,21.977549667849544,56.02830642509409,-1.0,-1.0,3.42695623205673,3.42695623205673,821.5587725961013,806.6112860642352,821.7864973038866,0.17859161032286391,0.0,0.23606436131723843,0.4128060162530234,0.9696944548547215
