target_id,prot_ps,prot_acf,prot_cs,e_prot_ps,E_prot_ps,e_prot_acf,E_prot_acf,e_prot_cs,E_prot_cs,sph_ps,sph_acf,sph_cs,h_ps,fa_prob_ps,hacf,gacf,hcs
4640018,15.542449525509308,15.611348358914256,15.664271647199055,1.2017302521259143,1.4189621106222035,-1.0,-1.0,0.8203956063145611,0.8203956063145611,4305.856649398927,4304.680797089932,4314.3036452233455,0.12911538252918917,0.0,0.6522122815866388,1.0853846480611407,0.8182023861299268
