target_id,prot_ps,prot_acf,prot_cs,e_prot_ps,E_prot_ps,e_prot_acf,E_prot_acf,e_prot_cs,E_prot_cs,sph_ps,sph_acf,sph_cs,h_ps,fa_prob_ps,hacf,gacf,hcs
4660434,122.66303640781882,14.119738628156483,14.905159800305048,4.433421988794919,4.782594710869233,-1.0,-1.0,0.22971988480644973,0.22971988480644973,284.268675272099,271.57885222107024,282.0433706088665,0.07305295301429462,0.0,0.12400628004509066,0.16291277884382335,0.16541763043907542
