target_id,prot_ps,prot_acf,prot_cs,e_prot_ps,E_prot_ps,e_prot_acf,E_prot_acf,e_prot_cs,E_prot_cs,sph_ps,sph_acf,sph_cs,h_ps,fa_prob_ps,hacf,gacf,hcs
4667807,73.0493315809404,29.731014110147953,28.341319079473617,12.062402096736648,18.099651918950073,-1.0,-1.0,1.8924555082533105,1.8924555082533105,551.4234781185761,529.0857307539055,532.6958293131013,0.13367163830917023,0.0,-0.50093505576833,0.0005703383775454429,0.10509808209763569
