target_id,prot_ps,prot_acf,prot_cs,e_prot_ps,E_prot_ps,e_prot_acf,E_prot_acf,e_prot_cs,E_prot_cs,sph_ps,sph_acf,sph_cs,h_ps,fa_prob_ps,hacf,gacf,hcs
4738756,95.37703760475853,33.42964776419103,41.34946320882872,6.176991722336751,7.106714394868149,-1.0,-1.0,0.8922763628736533,0.8922763628736533,866.8033423791525,849.50759088591,863.0095743015355,0.08940957191560202,0.0,-0.3918348110337509,0.00950688052639223,0.12878783558089713
