target_id,prot_ps,prot_acf,prot_cs,e_prot_ps,E_prot_ps,e_prot_acf,E_prot_acf,e_prot_cs,E_prot_cs,sph_ps,sph_acf,sph_cs,h_ps,fa_prob_ps,hacf,gacf,hcs
4736079,73.59859436663545,8.704758457839489,8.695915487442946,2.9201392885086506,3.1699999634443543,-1.0,-1.0,0.07847409064061817,0.07847409064061817,528.802187689655,504.40476162745887,502.05525012151446,0.03924219220870681,0.0,0.42964213160851084,0.47221787941630367,0.47468727648095205
