target_id,prot_ps,prot_acf,prot_cs,e_prot_ps,E_prot_ps,e_prot_acf,E_prot_acf,e_prot_cs,E_prot_cs,sph_ps,sph_acf,sph_cs,h_ps,fa_prob_ps,hacf,gacf,hcs
4757305,29.816031303176317,28.627573500853032,29.897512962991172,5.5656441674814765,8.8287363067273,-1.0,-1.0,0.5982600096495503,0.5982600096495503,924.9127993984594,913.6191898364887,927.4127065913968,0.038721955636794675,0.0,0.07265616788884,0.2535474635469383,0.8221055879499913
