target_id,prot_ps,prot_acf,prot_cs,e_prot_ps,E_prot_ps,e_prot_acf,E_prot_acf,e_prot_cs,E_prot_cs,sph_ps,sph_acf,sph_cs,h_ps,fa_prob_ps,hacf,gacf,hcs
4741034,7.009395071753182,5.108430050313473,6.993133791648091,0.1408541442486051,0.14678845749033353,-1.0,-1.0,0.049665432850280196,0.049665432850280196,563.8676304783312,553.2467273171561,565.0488963109418,0.028545691558983635,0.0,0.2830639016441276,0.4437395157065207,0.45921502628345323
