target_id,prot_ps,prot_acf,prot_cs,e_prot_ps,E_prot_ps,e_prot_acf,E_prot_acf,e_prot_cs,E_prot_cs,sph_ps,sph_acf,sph_cs,h_ps,fa_prob_ps,hacf,gacf,hcs
4732672,63.52051494080021,33.4296416696161,63.58746926150841,1.146927132380533,1.1903426704932372,-1.0,-1.0,2.0153039213577,2.0153039213577,346.25053879514314,339.23575242849483,346.40116103114536,0.09019848675957216,0.0,0.09536210739479078,0.36390212718917714,1.2869250249691637
