target_id,prot_ps,prot_acf,prot_cs,e_prot_ps,E_prot_ps,e_prot_acf,E_prot_acf,e_prot_cs,E_prot_cs,sph_ps,sph_acf,sph_cs,h_ps,fa_prob_ps,hacf,gacf,hcs
4821106,45.655888819124876,33.94039610540494,32.8557746573165,0.48311653673969346,0.4934615569557792,-1.0,-1.0,3.062497675415242,3.062497675415242,383.1188463983771,377.19491443893247,380.6587097058678,0.04752733371299826,0.0,0.0841143501594435,0.2842322211107108,0.5768256029550737
