target_id,prot_ps,prot_acf,prot_cs,e_prot_ps,E_prot_ps,e_prot_acf,E_prot_acf,e_prot_cs,E_prot_cs,sph_ps,sph_acf,sph_cs,h_ps,fa_prob_ps,hacf,gacf,hcs
4820690,73.04937278870837,6.906590030528605,73.80161422681061,17.204800242228657,32.23897271263323,-1.0,-1.0,6.221087808058778,6.221087808058778,1863.2048063028822,1629.8439278737346,1859.0883280651135,0.09757069971922208,0.0,0.257578777290425,0.15522969848356466,0.6432746347923697
