target_id,prot_ps,prot_acf,prot_cs,e_prot_ps,E_prot_ps,e_prot_acf,E_prot_acf,e_prot_cs,E_prot_cs,sph_ps,sph_acf,sph_cs,h_ps,fa_prob_ps,hacf,gacf,hcs
4861736,6.270345478408452,6.211846694350243,93.90863407112872,0.14922849538398353,0.15667253701915396,-1.0,-1.0,1.174748887031919,1.174748887031919,1021.6053587732819,1052.820774633065,1274.1150980729674,0.28290217764288184,0.0,0.7818784524167194,0.762087551487276,0.10382426269848906
