target_id,prot_ps,prot_acf,prot_cs,e_prot_ps,E_prot_ps,e_prot_acf,E_prot_acf,e_prot_cs,E_prot_cs,sph_ps,sph_acf,sph_cs,h_ps,fa_prob_ps,hacf,gacf,hcs
4838866,73.0485923465255,31.324963740538806,92.21104851445182,21.83349314426183,55.10138040880962,-1.0,-1.0,3.948484033751743,3.948484033751743,580.1686300637496,560.4798595040696,579.8380136819534,0.08068390894261115,0.0,-0.48342889056427496,0.0008608279160175203,0.07979966587489355
