target_id,prot_ps,prot_acf,prot_cs,e_prot_ps,E_prot_ps,e_prot_acf,E_prot_acf,e_prot_cs,E_prot_cs,sph_ps,sph_acf,sph_cs,h_ps,fa_prob_ps,hacf,gacf,hcs
4842734,58.43892147979476,23.13100289553404,30.728474791813646,1.3390432631488949,1.4026812754900533,-1.0,-1.0,4.958446909400183,4.958446909400183,387.11597469848664,376.4004959774233,375.2571944094044,0.057959436928681406,0.0,-0.355368166143362,0.0004655449466688666,0.17268051904406023
