target_id,prot_ps,prot_acf,prot_cs,e_prot_ps,E_prot_ps,e_prot_acf,E_prot_acf,e_prot_cs,E_prot_cs,sph_ps,sph_acf,sph_cs,h_ps,fa_prob_ps,hacf,gacf,hcs
4917483,91.31169490617951,24.03002429008484,62.47132003515958,2.544526662856242,2.696301740370515,-1.0,-1.0,4.05741064463348,4.05741064463348,450.13409108009864,445.01754092137116,447.6132824884341,0.032097830034648334,0.0,-0.22579097311032198,0.0020495061608685194,0.15328166984625646
