target_id,prot_ps,prot_acf,prot_cs,e_prot_ps,E_prot_ps,e_prot_acf,E_prot_acf,e_prot_cs,E_prot_cs,sph_ps,sph_acf,sph_cs,h_ps,fa_prob_ps,hacf,gacf,hcs
4921316,91.31173500659935,1.7981658205389977,90.9064063592547,3.0546655670856495,3.276045564219814,-1.0,-1.0,4.76585950511857,4.76585950511857,557.7586293608318,494.88684436430174,558.0481440079448,0.04348474132308431,0.0,0.5519106261452745,0.38979977899347085,0.3756424180619592
