target_id,prot_ps,prot_acf,prot_cs,e_prot_ps,E_prot_ps,e_prot_acf,E_prot_acf,e_prot_cs,E_prot_cs,sph_ps,sph_acf,sph_cs,h_ps,fa_prob_ps,hacf,gacf,hcs
4902057,88.81044618067484,12.219158615916967,12.836655226908622,8.226290297559487,10.074336614732218,-1.0,-1.0,2.201721705632688,2.201721705632688,6878.9571245392335,5499.26628614861,7883.928170888953,0.3981462718627368,0.0,0.35889614642835205,0.35898590213036474,0.26876378127350264
