target_id,prot_ps,prot_acf,prot_cs,e_prot_ps,E_prot_ps,e_prot_acf,E_prot_acf,e_prot_cs,E_prot_cs,sph_ps,sph_acf,sph_cs,h_ps,fa_prob_ps,hacf,gacf,hcs
4946140,16.988032449536753,16.919146159663796,17.015593309340566,1.3844153588474217,1.651260680740151,-1.0,-1.0,0.9391757126945742,0.9391757126945742,2051.195758487154,2047.273730055896,2058.0370987045726,0.08215530640701563,0.0,0.4681327830650257,0.847098778133116,0.9712753675032602
