target_id,prot_ps,prot_acf,prot_cs,e_prot_ps,E_prot_ps,e_prot_acf,E_prot_acf,e_prot_cs,E_prot_cs,sph_ps,sph_acf,sph_cs,h_ps,fa_prob_ps,hacf,gacf,hcs
4902014,712.0924815024591,49.448572900146246,18.327439246717844,6.9121770675835705,7.0504206089351555,-1.0,-1.0,10.441808677220799,10.441808677220799,769.4335265813429,338.28932325658394,212.40255779784368,0.03866777777667176,0.0,0.012797168758020233,0.0023752544095436093,0.5658405011531433
