target_id,prot_ps,prot_acf,prot_cs,e_prot_ps,E_prot_ps,e_prot_acf,E_prot_acf,e_prot_cs,E_prot_cs,sph_ps,sph_acf,sph_cs,h_ps,fa_prob_ps,hacf,gacf,hcs
4989057,75.15315464289648,30.220944623462856,52.92067483736833,0.9903174197515625,1.0170082241002518,-1.0,-1.0,1.2776822992046128,1.2776822992046128,922.9336659357355,880.2043936576431,902.6185874025514,0.07387607187463081,0.0,-0.016797363387559546,0.15653818649650453,5.499671523185826
