target_id,prot_ps,prot_acf,prot_cs,e_prot_ps,E_prot_ps,e_prot_acf,E_prot_acf,e_prot_cs,E_prot_cs,sph_ps,sph_acf,sph_cs,h_ps,fa_prob_ps,hacf,gacf,hcs
4917326,59.97643945751801,4.495247667655349,69.25868947444482,13.865288312134368,26.012766959444917,-1.0,-1.0,17.694147418265068,17.694147418265068,675.315095052764,596.1145781685087,675.315095052764,0.11464575395439207,6.547129861574294e-229,0.5181763014154672,0.27178185570095553,0.2750330820178315
