target_id,prot_ps,prot_acf,prot_cs,e_prot_ps,E_prot_ps,e_prot_acf,E_prot_acf,e_prot_cs,E_prot_cs,sph_ps,sph_acf,sph_cs,h_ps,fa_prob_ps,hacf,gacf,hcs
4936404,91.31091859857011,1.798174999654293,91.22304708566277,2.726486378970762,2.9014925872216537,-1.0,-1.0,4.613154000773897,4.613154000773897,597.2745400822535,424.6239448487906,597.344541362822,0.05980105973749446,0.0,0.5654226334529792,0.053358090219036064,0.16858468603331092
