target_id,prot_ps,prot_acf,prot_cs,e_prot_ps,E_prot_ps,e_prot_acf,E_prot_acf,e_prot_cs,E_prot_cs,sph_ps,sph_acf,sph_cs,h_ps,fa_prob_ps,hacf,gacf,hcs
4940654,91.31153999767926,2.002498601563275,91.223979630451,2.3943798926465263,2.528300512746611,-1.0,-1.0,3.99903443896777,3.99903443896777,751.6933687574215,533.5231263301531,751.7610543491038,0.09685026407185836,0.0,0.6615986572086514,0.5043755083380473,0.31306980965691233
