target_id,prot_ps,prot_acf,prot_cs,e_prot_ps,E_prot_ps,e_prot_acf,E_prot_acf,e_prot_cs,E_prot_cs,sph_ps,sph_acf,sph_cs,h_ps,fa_prob_ps,hacf,gacf,hcs
4901971,52.88554256670211,31.038273504935205,46.496723178857934,11.381318822456649,19.831851216561198,-1.0,-1.0,6.348543504289661,6.348543504289661,662.4031060521172,617.6572622231434,638.6803598160873,0.1452661414687436,0.0,-0.47089110720508376,0.0006496343914824121,0.09101436200210092
