target_id,prot_ps,prot_acf,prot_cs,e_prot_ps,E_prot_ps,e_prot_acf,E_prot_acf,e_prot_cs,E_prot_cs,sph_ps,sph_acf,sph_cs,h_ps,fa_prob_ps,hacf,gacf,hcs
5025538,91.31166635987117,29.220172609202564,51.625301883704964,1.0644269634580183,1.0898433267307865,-1.0,-1.0,9.045541639348372,9.045541639348372,651.1029209523838,638.2536922073317,650.6936572911387,0.08746479849336049,0.0,-0.357242457957084,0.006654170017650285,0.08650042035986023
