target_id,prot_ps,prot_acf,prot_cs,e_prot_ps,E_prot_ps,e_prot_acf,E_prot_acf,e_prot_cs,E_prot_cs,sph_ps,sph_acf,sph_cs,h_ps,fa_prob_ps,hacf,gacf,hcs
5022778,12.07427041663646,11.810671704821289,12.043698013453568,1.4819935694748168,1.95778354168805,-1.0,-1.0,0.6825401065639456,0.6825401065639456,2423.9446807566687,2449.4810423535296,2415.7871223530983,0.05027992408183767,0.0,0.48837412456060114,0.8074158897224814,0.78839503334137
