target_id,prot_ps,prot_acf,prot_cs,e_prot_ps,E_prot_ps,e_prot_acf,E_prot_acf,e_prot_cs,E_prot_cs,sph_ps,sph_acf,sph_cs,h_ps,fa_prob_ps,hacf,gacf,hcs
5023847,23.32290657841158,22.517900648526847,74.1202650602907,3.990331167681191,6.0346138037644685,-1.0,-1.0,10.123057765157299,10.123057765157299,6190.444213250913,6278.892233289753,7249.99793940274,0.04567224013313594,0.0,0.03344669817768211,0.32329582177450733,2.885045765431478
