target_id,prot_ps,prot_acf,prot_cs,e_prot_ps,E_prot_ps,e_prot_acf,E_prot_acf,e_prot_cs,E_prot_cs,sph_ps,sph_acf,sph_cs,h_ps,fa_prob_ps,hacf,gacf,hcs
5023514,61.5580855215929,0.5925545776262879,68.35055754169821,17.27003317221441,38.85150997823102,-1.0,-1.0,11.57059210483943,11.57059210483943,480.7997111153415,319.60558080423186,480.7997111153415,0.27942747145502117,0.0,0.852378563149059,0.01401555466686033,0.3340982370525947
