target_id,prot_ps,prot_acf,prot_cs,e_prot_ps,E_prot_ps,e_prot_acf,E_prot_acf,e_prot_cs,E_prot_cs,sph_ps,sph_acf,sph_cs,h_ps,fa_prob_ps,hacf,gacf,hcs
5093373,60.87443609302461,28.218918080907315,28.913867685492146,12.817063445119281,21.98042630000983,-1.0,-1.0,4.01252757424761,4.01252757424761,465.5515900718392,464.8445261608822,462.6047174300805,0.05040202655747692,0.0,-0.41867973921137025,0.0018355826687725396,0.17260067066502494
