target_id,prot_ps,prot_acf,prot_cs,e_prot_ps,E_prot_ps,e_prot_acf,E_prot_acf,e_prot_cs,E_prot_cs,sph_ps,sph_acf,sph_cs,h_ps,fa_prob_ps,hacf,gacf,hcs
5021623,36.5236697519663,41.54171530157328,39.93460467271506,5.214213469112529,7.2689178761854265,-1.0,-1.0,4.456616347820881,4.456616347820881,551.3132949889493,555.8367884654426,555.9463949777079,0.07888973851918517,0.0,0.30711860273527736,0.5189433034921499,0.5599311971754952
