target_id,prot_ps,prot_acf,prot_cs,e_prot_ps,E_prot_ps,e_prot_acf,E_prot_acf,e_prot_cs,E_prot_cs,sph_ps,sph_acf,sph_cs,h_ps,fa_prob_ps,hacf,gacf,hcs
5077615,52.8855357919429,18.51262142881751,45.5759897553362,0.5231814774948091,0.5337463151409452,-1.0,-1.0,2.9833446638227388,2.9833446638227388,1768.3851156039225,1648.253832664811,1743.7473928998304,0.060831649217557085,0.0,-0.19792531564455976,0.0012796661444181012,0.47791173437983714
