target_id,prot_ps,prot_acf,prot_cs,e_prot_ps,E_prot_ps,e_prot_acf,E_prot_acf,e_prot_cs,E_prot_cs,sph_ps,sph_acf,sph_cs,h_ps,fa_prob_ps,hacf,gacf,hcs
5093714,73.04857846523531,26.216471382416785,41.32864265310628,1.925734030432551,2.032805571826728,-1.0,-1.0,4.878410446162663,4.878410446162663,259.1082550011512,251.7130071679803,254.2336645385483,0.13682455973253171,0.0,-0.3544892426597892,0.0062172439095448395,0.13793447119788002
