target_id,prot_ps,prot_acf,prot_cs,e_prot_ps,E_prot_ps,e_prot_acf,E_prot_acf,e_prot_cs,E_prot_cs,sph_ps,sph_acf,sph_cs,h_ps,fa_prob_ps,hacf,gacf,hcs
5009036,97.39911476001652,15.223097612615675,37.80886171083897,2.486087771373221,2.6212388162424816,-1.0,-1.0,4.500066332861261,4.500066332861261,905.6400111088045,890.9697247676094,898.0287363825742,0.039385228932569634,0.0,-0.249222760907821,0.001414321118667683,0.31245573144428823
