target_id,prot_ps,prot_acf,prot_cs,e_prot_ps,E_prot_ps,e_prot_acf,E_prot_acf,e_prot_cs,E_prot_cs,sph_ps,sph_acf,sph_cs,h_ps,fa_prob_ps,hacf,gacf,hcs
5040077,15.378679479286166,15.305321703664958,15.34544931586648,1.7621643683915824,2.2792839640469413,-1.0,-1.0,1.1891722559937403,1.1891722559937403,1468.1693814137147,1444.492824956193,1460.896654634153,0.07775827116924976,0.0,0.5966809691974274,0.9921744696587109,0.8621803929715572
