target_id,prot_ps,prot_acf,prot_cs,e_prot_ps,E_prot_ps,e_prot_acf,E_prot_acf,e_prot_cs,E_prot_cs,sph_ps,sph_acf,sph_cs,h_ps,fa_prob_ps,hacf,gacf,hcs
5084267,91.31165846391937,42.4407643196173,92.39642507343086,1.3414267828165833,1.3821359105214412,-1.0,-1.0,3.909722105842522,3.909722105842522,1498.3557858042386,1490.752027781841,1508.8125751652078,0.08218034666781324,0.0,0.08124897436762794,0.20912689844109258,1.0644193771867825
