target_id,prot_ps,prot_acf,prot_cs,e_prot_ps,E_prot_ps,e_prot_acf,E_prot_acf,e_prot_cs,E_prot_cs,sph_ps,sph_acf,sph_cs,h_ps,fa_prob_ps,hacf,gacf,hcs
5091497,1.1004292879462778,2.2068281024694443,2.2288963834941384,0.023487168649019674,0.024523543682898996,-1.0,-1.0,0.10616725524385241,0.10616725524385241,4735.96684998307,4746.228978559055,4951.689986909479,0.206306103114974,5.825583829959404e-226,0.8560379904812885,1.2634242533875408,0.7273824514989574
