target_id,prot_ps,prot_acf,prot_cs,e_prot_ps,E_prot_ps,e_prot_acf,E_prot_acf,e_prot_cs,E_prot_cs,sph_ps,sph_acf,sph_cs,h_ps,fa_prob_ps,hacf,gacf,hcs
5025810,12.594671704693155,11.912801051978022,12.57493370279844,0.6609340716271568,0.7375714376115194,-1.0,-1.0,0.1296321006728583,0.1296321006728583,469.2983109069582,457.47328343412926,467.972334341234,0.02747297007732458,0.0,0.27543323620510296,0.08908212497717163,0.8870110695986255
