target_id,prot_ps,prot_acf,prot_cs,e_prot_ps,E_prot_ps,e_prot_acf,E_prot_acf,e_prot_cs,E_prot_cs,sph_ps,sph_acf,sph_cs,h_ps,fa_prob_ps,hacf,gacf,hcs
5018454,15.21843332441622,15.325301326811314,15.154970419952983,1.301893194073564,1.567381441967747,-1.0,-1.0,0.7257643869115248,0.7257643869115248,3153.2103809810574,3104.6779414625826,3222.2507087103063,0.10201643561131554,0.0,0.5236649000386023,0.9270514304792565,0.9794883526132749
