target_id,prot_ps,prot_acf,prot_cs,e_prot_ps,E_prot_ps,e_prot_acf,E_prot_acf,e_prot_cs,E_prot_cs,sph_ps,sph_acf,sph_cs,h_ps,fa_prob_ps,hacf,gacf,hcs
5194092,61.33161609190631,6.109697934240103,6.377176014371216,17.983724234085983,44.11090696755717,-1.0,-1.0,0.2759411270607162,0.2759411270607162,196.57344540066305,160.85071381130308,166.64662141380697,0.03871800626145927,0.0,0.5386114394817976,0.26434281899284423,0.13255680398051434
