target_id,prot_ps,prot_acf,prot_cs,e_prot_ps,E_prot_ps,e_prot_acf,E_prot_acf,e_prot_cs,E_prot_cs,sph_ps,sph_acf,sph_cs,h_ps,fa_prob_ps,hacf,gacf,hcs
5182046,72.93534852466955,28.525528006255627,41.529551388112665,4.943966041847773,5.7283282956697406,-1.0,-1.0,1.6704492875062553,1.6704492875062553,1066.3389957246393,992.605017149316,1023.7399026514612,0.07994974276246454,0.0,-0.4796480327424127,0.001445813261600315,0.2598086475232314
