target_id,prot_ps,prot_acf,prot_cs,e_prot_ps,E_prot_ps,e_prot_acf,E_prot_acf,e_prot_cs,E_prot_cs,sph_ps,sph_acf,sph_cs,h_ps,fa_prob_ps,hacf,gacf,hcs
5175814,27.055348562213116,27.728506497107446,27.06374317625432,0.26587607873205954,0.27122693476248827,-1.0,-1.0,0.35993314406418014,0.35993314406418014,863.5052302158103,860.213284705472,863.5267930479644,0.08150358587957159,0.0,0.038419863279320655,0.2028195214124161,0.8433844814218291
