target_id,prot_ps,prot_acf,prot_cs,e_prot_ps,E_prot_ps,e_prot_acf,E_prot_acf,e_prot_cs,E_prot_cs,sph_ps,sph_acf,sph_cs,h_ps,fa_prob_ps,hacf,gacf,hcs
5125793,73.04934456589748,11.401999502442777,11.433467386374248,2.4767208564360317,2.6549515636401964,-1.0,-1.0,0.5652481174678897,0.5652481174678897,960.1401929152561,916.9815000251226,916.675874388284,0.10411951665505186,0.0,0.48770678626055625,0.5410632563381408,0.40139340788149325
