target_id,prot_ps,prot_acf,prot_cs,e_prot_ps,E_prot_ps,e_prot_acf,E_prot_acf,e_prot_cs,E_prot_cs,sph_ps,sph_acf,sph_cs,h_ps,fa_prob_ps,hacf,gacf,hcs
5174235,9.3536091299065,9.011198939289898,9.36838858225217,1.18478880214961,1.592171951976784,-1.0,-1.0,0.6005728576016093,0.6005728576016093,1231.5087245964728,1247.0373959182589,1231.8557705249625,0.3309878285373466,0.0,0.5266162942805347,0.7345796912621675,0.9481177943640134
