target_id,prot_ps,prot_acf,prot_cs,e_prot_ps,E_prot_ps,e_prot_acf,E_prot_acf,e_prot_cs,E_prot_cs,sph_ps,sph_acf,sph_cs,h_ps,fa_prob_ps,hacf,gacf,hcs
5176599,73.04933609802738,7.008755008224398,76.79994749415238,3.9406624935676433,4.411904820836327,-1.0,-1.0,5.4454574349939335,5.4454574349939335,528.7080789897807,510.6494950884502,527.6644629241308,0.014690217878239013,5.289792028060152e-225,0.27934305310929075,0.0050355913272373265,0.17520522101154126
