target_id,prot_ps,prot_acf,prot_cs,e_prot_ps,E_prot_ps,e_prot_acf,E_prot_acf,e_prot_cs,E_prot_cs,sph_ps,sph_acf,sph_cs,h_ps,fa_prob_ps,hacf,gacf,hcs
5113843,32.46634377873833,27.728490699548274,26.396011054362166,9.246703114449431,21.773032071300968,-1.0,-1.0,2.579926206755619,2.579926206755619,1253.6638201398086,1225.0661509150113,1230.3528066977872,0.07271018576736045,0.0,0.2622381917351804,0.5202188335694053,0.7008093561770624
