target_id,prot_ps,prot_acf,prot_cs,e_prot_ps,E_prot_ps,e_prot_acf,E_prot_acf,e_prot_cs,E_prot_cs,sph_ps,sph_acf,sph_cs,h_ps,fa_prob_ps,hacf,gacf,hcs
5104481,76.89429789248348,1.307758241891861,75.12204674126701,2.79998094624149,3.0222851895621545,-1.0,-1.0,4.709508863234728,4.709508863234728,359.62284530899603,266.63073122423776,359.7385132090315,0.028363389953143598,0.0,0.3685564567624873,0.03613196072278174,0.17225700824941875
