target_id,prot_ps,prot_acf,prot_cs,e_prot_ps,E_prot_ps,e_prot_acf,E_prot_acf,e_prot_cs,E_prot_cs,sph_ps,sph_acf,sph_cs,h_ps,fa_prob_ps,hacf,gacf,hcs
5127332,15.880313965025168,16.22437236085534,15.973854974023997,2.058392327743274,2.7690601457648576,-1.0,-1.0,1.7661236051387685,1.7661236051387685,2301.5634620420055,2333.4305270451437,2313.2814814194344,0.049164478053717056,0.0,0.4667246069726917,0.8185740587744442,0.8831884257125201
