target_id,prot_ps,prot_acf,prot_cs,e_prot_ps,E_prot_ps,e_prot_acf,E_prot_acf,e_prot_cs,E_prot_cs,sph_ps,sph_acf,sph_cs,h_ps,fa_prob_ps,hacf,gacf,hcs
5182286,15.49876112182772,15.50922296801582,15.550691248486672,2.1073792040728083,2.8837483185686867,-1.0,-1.0,0.3300996395467202,0.3300996395467202,1878.256405633775,1877.372700016601,1876.9800837133052,0.10384593415139011,0.0,0.3695419062673799,0.7261769952282561,0.9922266245976711
