target_id,prot_ps,prot_acf,prot_cs,e_prot_ps,E_prot_ps,e_prot_acf,E_prot_acf,e_prot_cs,E_prot_cs,sph_ps,sph_acf,sph_cs,h_ps,fa_prob_ps,hacf,gacf,hcs
5184355,42.96977958884725,87.88567092269659,81.9952262919396,11.38456178199506,23.946729720710664,-1.0,-1.0,3.54257819133669,3.54257819133669,761.13363774977,822.3656971590452,745.0509022411577,0.12792877650566026,0.0,0.3057464783990993,-1.0,0.29128815100737304
