target_id,prot_ps,prot_acf,prot_cs,e_prot_ps,E_prot_ps,e_prot_acf,E_prot_acf,e_prot_cs,E_prot_cs,sph_ps,sph_acf,sph_cs,h_ps,fa_prob_ps,hacf,gacf,hcs
5193446,31.760200935387076,31.733583382330835,32.050919216154135,5.301663543636323,7.919044112615531,-1.0,-1.0,2.2092458662725822,2.2092458662725822,1270.4713207267862,1271.7122610197848,1259.251797960006,0.07537118515636343,0.0,0.23624542837601703,0.5016791255800712,0.9609301280482591
