target_id,prot_ps,prot_acf,prot_cs,e_prot_ps,E_prot_ps,e_prot_acf,E_prot_acf,e_prot_cs,E_prot_cs,sph_ps,sph_acf,sph_cs,h_ps,fa_prob_ps,hacf,gacf,hcs
5115791,91.31164499661229,26.134679895360023,25.467315825475378,1.4152790069498309,1.4605941944696639,-1.0,-1.0,2.6786868328946665,2.6786868328946665,597.9288767806474,581.7162665035953,565.6655422433561,0.03994752239100563,0.0,-0.24759622424096786,0.014271659990080024,0.3274134810837267
