target_id,prot_ps,prot_acf,prot_cs,e_prot_ps,E_prot_ps,e_prot_acf,E_prot_acf,e_prot_cs,E_prot_cs,sph_ps,sph_acf,sph_cs,h_ps,fa_prob_ps,hacf,gacf,hcs
5175576,73.59573976647076,4.495420288294554,13.371627647532152,1.9224834738397618,2.0273415923187343,-1.0,-1.0,1.1895038477318738,1.1895038477318738,294.3016810671828,256.3643574581786,286.3893795602173,0.035435585166542174,0.0,0.14110508233881047,0.02876964113861439,0.4420078544632065
