target_id,prot_ps,prot_acf,prot_cs,e_prot_ps,E_prot_ps,e_prot_acf,E_prot_acf,e_prot_cs,E_prot_cs,sph_ps,sph_acf,sph_cs,h_ps,fa_prob_ps,hacf,gacf,hcs
5176748,47.12865697487766,23.130961252376437,25.833445337756395,10.047355302210583,17.386459100755083,-1.0,-1.0,3.998918388468324,3.998918388468324,205.82857321383312,203.80667640424022,204.96822736687827,0.05296687019664903,0.0,-0.29839835540054827,0.0007005865301271119,0.06509881994096714
