target_id,prot_ps,prot_acf,prot_cs,e_prot_ps,E_prot_ps,e_prot_acf,E_prot_acf,e_prot_cs,E_prot_cs,sph_ps,sph_acf,sph_cs,h_ps,fa_prob_ps,hacf,gacf,hcs
5273639,60.8745785355414,24.234364544972777,41.3285823758226,5.28358417298962,6.380009865255261,-1.0,-1.0,4.751830655561095,4.751830655561095,847.4656072834802,832.0813462740067,852.6245275956663,0.05276959797118911,0.0,-0.3291412474409932,0.0010521206787671988,0.12578799963069734
