target_id,prot_ps,prot_acf,prot_cs,e_prot_ps,E_prot_ps,e_prot_acf,E_prot_acf,e_prot_cs,E_prot_cs,sph_ps,sph_acf,sph_cs,h_ps,fa_prob_ps,hacf,gacf,hcs
5210066,2.063518800086414,2.1046734685078263,2.0949680132691673,0.07805329656616555,0.08437228910468386,-1.0,-1.0,0.086588201988114,0.086588201988114,2623.189375188828,2624.0455761743287,2621.7886011373243,0.06259958463142556,0.0,0.8456214603055957,1.1811551833220562,0.109631532149431
