target_id,prot_ps,prot_acf,prot_cs,e_prot_ps,E_prot_ps,e_prot_acf,E_prot_acf,e_prot_cs,E_prot_cs,sph_ps,sph_acf,sph_cs,h_ps,fa_prob_ps,hacf,gacf,hcs
5297346,9.486937458369598,9.317772377282381,9.455286234226447,0.43968626125127663,0.48449026919590565,-1.0,-1.0,0.14104058624025506,0.14104058624025506,5230.065278881102,5232.581463935058,5221.62863452314,0.16477154063407062,0.0,0.6742204214403342,1.0077829448567779,0.7863950042647975
