target_id,prot_ps,prot_acf,prot_cs,e_prot_ps,E_prot_ps,e_prot_acf,E_prot_acf,e_prot_cs,E_prot_cs,sph_ps,sph_acf,sph_cs,h_ps,fa_prob_ps,hacf,gacf,hcs
5207828,26.38092713749669,25.215271064080298,26.069644643681343,4.264113982037809,6.331324409092872,-1.0,-1.0,1.2565609676640626,1.2565609676640626,2087.067209960678,2065.665591390888,2072.1064010445243,0.09213316727438525,0.0,0.28028744932215033,0.635632243435803,0.8887914123444445
