target_id,prot_ps,prot_acf,prot_cs,e_prot_ps,E_prot_ps,e_prot_acf,E_prot_acf,e_prot_cs,E_prot_cs,sph_ps,sph_acf,sph_cs,h_ps,fa_prob_ps,hacf,gacf,hcs
5207907,91.31062913525457,31.52926188521087,46.689303520637864,3.8311899637648423,4.183210506747088,-1.0,-1.0,1.795107743907404,1.795107743907404,790.1156355789611,774.8779275047075,780.038039302607,0.0867560426426816,0.0,-0.43551701212272914,0.0006524463440241157,0.31677050624463865
