target_id,prot_ps,prot_acf,prot_cs,e_prot_ps,E_prot_ps,e_prot_acf,E_prot_acf,e_prot_cs,E_prot_cs,sph_ps,sph_acf,sph_cs,h_ps,fa_prob_ps,hacf,gacf,hcs
5215999,1.2660053657042127,1.307759553194046,63.286284969935686,-1.0,-1.0,-1.0,-1.0,0.2297282974240386,0.2297282974240386,22970.09411147061,22970.46087797396,23763.460180407066,0.4131283534085326,0.0,0.46136684147161267,0.9108228791444309,0.014661690295517027
