target_id,prot_ps,prot_acf,prot_cs,e_prot_ps,E_prot_ps,e_prot_acf,E_prot_acf,e_prot_cs,E_prot_cs,sph_ps,sph_acf,sph_cs,h_ps,fa_prob_ps,hacf,gacf,hcs
5295366,73.04944425141362,81.5714036077261,73.8016865466535,26.283621085267427,91.39448700330654,-1.0,-1.0,4.2092363049051595,4.2092363049051595,880.206261286953,905.8414617367172,881.1908548442885,0.13183422257535107,0.0,0.2054806111441947,0.351899103820074,0.7818808120242206
