target_id,prot_ps,prot_acf,prot_cs,e_prot_ps,E_prot_ps,e_prot_acf,E_prot_acf,e_prot_cs,E_prot_cs,sph_ps,sph_acf,sph_cs,h_ps,fa_prob_ps,hacf,gacf,hcs
5285093,53.90879426668408,53.86345216073096,53.81546976104777,10.973900499146218,18.383501571311264,-1.0,-1.0,1.9766575867714886,1.9766575867714886,1337.0070060083162,1345.7205500542727,1351.9709692204874,0.12734703242128773,0.0,0.18695857898765425,0.4437318414606869,0.9867672370470447
