target_id,prot_ps,prot_acf,prot_cs,e_prot_ps,E_prot_ps,e_prot_acf,E_prot_acf,e_prot_cs,E_prot_cs,sph_ps,sph_acf,sph_cs,h_ps,fa_prob_ps,hacf,gacf,hcs
5201375,5.090546765404433,4.699749005958438,5.0688375010457145,-1.0,-1.0,-1.0,-1.0,0.11201300460622535,0.11201300460622535,1057.6799190690465,1045.847030882589,1052.5090730719407,0.03975148401725096,0.0,0.7428879957087345,0.9475168262140614,0.4125882481955934
