target_id,prot_ps,prot_acf,prot_cs,e_prot_ps,E_prot_ps,e_prot_acf,E_prot_acf,e_prot_cs,E_prot_cs,sph_ps,sph_acf,sph_cs,h_ps,fa_prob_ps,hacf,gacf,hcs
5286224,73.04939654780904,3.902837712317705,73.80163945466279,11.87743487396311,17.516719042494273,-1.0,-1.0,3.895360433831292,3.895360433831292,409.71688118216593,306.5654026175251,410.01251564193205,0.0663925225142983,0.0,0.5618601152679565,0.43311374722749696,0.17526038803010552
