target_id,prot_ps,prot_acf,prot_cs,e_prot_ps,E_prot_ps,e_prot_acf,E_prot_acf,e_prot_cs,E_prot_cs,sph_ps,sph_acf,sph_cs,h_ps,fa_prob_ps,hacf,gacf,hcs
5256849,75.15306753224138,39.43634572904557,75.30572976021685,0.8680652855202737,0.8885782903430481,-1.0,-1.0,2.709646051689511,2.709646051689511,1776.7747670748022,1790.0680040534633,1776.785040820331,0.04930523676626901,0.0,0.13145995421772405,0.3564730709453704,0.9257852330571932
