target_id,prot_ps,prot_acf,prot_cs,e_prot_ps,E_prot_ps,e_prot_acf,E_prot_acf,e_prot_cs,E_prot_cs,sph_ps,sph_acf,sph_cs,h_ps,fa_prob_ps,hacf,gacf,hcs
5284904,73.04848651708116,26.522989976219833,33.601031962246644,8.563937258080898,11.221347750655681,-1.0,-1.0,6.386366892050948,6.386366892050948,409.0867314302397,389.04241893248945,399.7382294997649,0.09903007929816057,0.0,-0.41839391116896996,0.0006196023172543863,0.1781367322263264
