target_id,prot_ps,prot_acf,prot_cs,e_prot_ps,E_prot_ps,e_prot_acf,E_prot_acf,e_prot_cs,E_prot_cs,sph_ps,sph_acf,sph_cs,h_ps,fa_prob_ps,hacf,gacf,hcs
5298758,91.31180531090865,33.225226018577814,46.568035419322555,12.473574356665594,17.22727677891757,-1.0,-1.0,1.6823695122535052,1.6823695122535052,708.4266946200624,690.1260702377757,708.2014812805438,0.161950997179895,0.0,-0.4380496863961502,0.0016173521328475826,0.15944694090467176
