target_id,prot_ps,prot_acf,prot_cs,e_prot_ps,E_prot_ps,e_prot_acf,E_prot_acf,e_prot_cs,E_prot_cs,sph_ps,sph_acf,sph_cs,h_ps,fa_prob_ps,hacf,gacf,hcs
5200185,3.7233744725006526,3.698520129080862,3.79615839738837,0.10444231258173753,0.11062150698944473,-1.0,-1.0,0.06037828185982941,0.06037828185982941,4169.259497510062,4135.342048921302,4166.847132002282,0.1198126457460502,0.0,0.8457414084818468,1.170111418944223,0.42322019973063196
