target_id,prot_ps,prot_acf,prot_cs,e_prot_ps,E_prot_ps,e_prot_acf,E_prot_acf,e_prot_cs,E_prot_cs,sph_ps,sph_acf,sph_cs,h_ps,fa_prob_ps,hacf,gacf,hcs
5355471,30.437269077650306,35.84074278268963,36.9006926193621,5.58630427122608,8.775209206032628,-1.0,-1.0,2.7418277091329193,2.7418277091329193,258.5983148079428,259.1144680729856,258.72568403744185,0.03731887477580613,0.0,0.14177245756945564,0.220962177394959,0.8265996995507554
