target_id,prot_ps,prot_acf,prot_cs,e_prot_ps,E_prot_ps,e_prot_acf,E_prot_acf,e_prot_cs,E_prot_cs,sph_ps,sph_acf,sph_cs,h_ps,fa_prob_ps,hacf,gacf,hcs
5349731,21.17370850019107,21.128421909175813,21.184917316818712,2.44312704225516,3.1665680801436835,-1.0,-1.0,0.2553777781227207,0.2553777781227207,4592.570084632853,4590.823646828097,4593.371388751636,0.19511585000683834,0.0,0.536682231588396,0.9029184968058312,0.8666256266914287
