target_id,prot_ps,prot_acf,prot_cs,e_prot_ps,E_prot_ps,e_prot_acf,E_prot_acf,e_prot_cs,E_prot_cs,sph_ps,sph_acf,sph_cs,h_ps,fa_prob_ps,hacf,gacf,hcs
5376067,91.31179580059302,7.499173775780946,91.71682590425283,1.4195860458011964,1.465375037923323,-1.0,-1.0,3.728043083063312,3.728043083063312,750.6789424471257,646.4832170704034,750.0276848069913,0.06010285424776839,0.0,0.4229920698436835,0.11934640487735648,0.1897853039819883
