target_id,prot_ps,prot_acf,prot_cs,e_prot_ps,E_prot_ps,e_prot_acf,E_prot_acf,e_prot_cs,E_prot_cs,sph_ps,sph_acf,sph_cs,h_ps,fa_prob_ps,hacf,gacf,hcs
5343801,23.03078347263265,23.130545875057578,23.23815656523761,2.0390952011733177,2.475147346316927,-1.0,-1.0,0.6610426272401149,0.6610426272401149,2537.5593474672573,2547.163075046649,2587.231917836407,0.10346854039630103,0.0,0.5501553829604487,0.8518449637971434,0.9930119593052054
