target_id,prot_ps,prot_acf,prot_cs,e_prot_ps,E_prot_ps,e_prot_acf,E_prot_acf,e_prot_cs,E_prot_cs,sph_ps,sph_acf,sph_cs,h_ps,fa_prob_ps,hacf,gacf,hcs
5351652,39.48616527019849,26.21644748467952,28.928000548761343,8.33062312278383,14.30719661344591,-1.0,-1.0,4.492664686238346,4.492664686238346,591.9414728034872,578.6121764837385,577.0030626597969,0.05166487289667763,0.0,-0.29960354310380605,0.0004630579832325399,0.2791692256963408
