target_id,prot_ps,prot_acf,prot_cs,e_prot_ps,E_prot_ps,e_prot_acf,E_prot_acf,e_prot_cs,E_prot_cs,sph_ps,sph_acf,sph_cs,h_ps,fa_prob_ps,hacf,gacf,hcs
5373246,9.188589006680965,9.317754965275526,9.307742465422487,0.7147822091084901,0.844920799892174,-1.0,-1.0,0.6932864921020295,0.6932864921020295,730.535178286033,757.8032555776146,754.0552924016059,0.03591300402828839,0.0,0.5531687681247222,0.6740040513665666,0.787806984893447
