target_id,prot_ps,prot_acf,prot_cs,e_prot_ps,E_prot_ps,e_prot_acf,E_prot_acf,e_prot_cs,E_prot_cs,sph_ps,sph_acf,sph_cs,h_ps,fa_prob_ps,hacf,gacf,hcs
5388229,0.6169632703316121,0.3065058938227594,52.18258768389973,0.006117606086107674,0.006241287079882141,-1.0,-1.0,0.10147208570045531,0.10147208570045531,8201.079650137162,8140.801904747275,8787.37538399185,0.28451855555951044,0.0,196.38570153049167,319.8004087383305,0.006178865557999022
