target_id,prot_ps,prot_acf,prot_cs,e_prot_ps,E_prot_ps,e_prot_acf,E_prot_acf,e_prot_cs,E_prot_cs,sph_ps,sph_acf,sph_cs,h_ps,fa_prob_ps,hacf,gacf,hcs
5356088,121.74909315692113,23.927888536825776,44.681398350925605,2.2949144364280727,2.384551750123393,-1.0,-1.0,17.56926942175388,17.56926942175388,259.9579787130167,250.09251415640472,248.82951615100586,0.04636169631663048,0.0,-0.15785604892644495,0.017459793202561566,0.35977915988335646
