target_id,prot_ps,prot_acf,prot_cs,e_prot_ps,E_prot_ps,e_prot_acf,E_prot_acf,e_prot_cs,E_prot_cs,sph_ps,sph_acf,sph_cs,h_ps,fa_prob_ps,hacf,gacf,hcs
5344559,33.99738467755377,33.326774863526225,33.60037726415322,4.533754024285713,6.160366941018424,-1.0,-1.0,1.143367041248494,1.143367041248494,3194.0897114147283,3172.359948554509,3177.3578328059766,0.1415687939989476,0.0,0.4867526738267933,0.9616612499910767,0.9884538948469125
