target_id,prot_ps,prot_acf,prot_cs,e_prot_ps,E_prot_ps,e_prot_acf,E_prot_acf,e_prot_cs,E_prot_cs,sph_ps,sph_acf,sph_cs,h_ps,fa_prob_ps,hacf,gacf,hcs
5461440,91.31091858601665,33.32753891404718,28.914040980236603,1.3666087253339327,1.4087999651290914,-1.0,-1.0,5.574920356767245,5.574920356767245,889.8779690192541,835.7837471905024,841.8998000272635,0.07338179253516684,0.0,-0.06589236516553626,0.17765795802390927,0.9917840163264758
