target_id,prot_ps,prot_acf,prot_cs,e_prot_ps,E_prot_ps,e_prot_acf,E_prot_acf,e_prot_cs,E_prot_cs,sph_ps,sph_acf,sph_cs,h_ps,fa_prob_ps,hacf,gacf,hcs
5426997,89.96491131150195,13.322295846417546,97.55251133539231,8.178822627610643,9.99636387618149,-1.0,-1.0,35.52298553379602,35.52298553379602,1940.5598189145883,1661.5820272367534,1940.5598189145883,0.39144696284023284,0.0,0.26013816870388373,0.0009904741691880714,0.6871933831677548
