target_id,prot_ps,prot_acf,prot_cs,e_prot_ps,E_prot_ps,e_prot_acf,E_prot_acf,e_prot_cs,E_prot_cs,sph_ps,sph_acf,sph_cs,h_ps,fa_prob_ps,hacf,gacf,hcs
5427850,75.15327178879187,27.42161631770432,46.496803710451346,0.7444681636519164,0.7595117851718527,-1.0,-1.0,7.924451638170805,7.924451638170805,590.7942289077189,556.4440772703749,579.8859608364007,0.1533006322453697,0.0,-0.42211863766319346,0.023843359076387766,0.08412374618936455
