target_id,prot_ps,prot_acf,prot_cs,e_prot_ps,E_prot_ps,e_prot_acf,E_prot_acf,e_prot_cs,E_prot_cs,sph_ps,sph_acf,sph_cs,h_ps,fa_prob_ps,hacf,gacf,hcs
5456417,60.87205163645608,28.627672664355487,91.7044830126066,13.013695977120229,22.905434230825314,-1.0,-1.0,4.104024147616661,4.104024147616661,281.14593391219177,275.0156690692698,284.09076718460796,0.13479178211345336,0.0,-0.47698930427785136,0.006327480163359128,0.09301575685217033
