target_id,prot_ps,prot_acf,prot_cs,e_prot_ps,E_prot_ps,e_prot_acf,E_prot_acf,e_prot_cs,E_prot_cs,sph_ps,sph_acf,sph_cs,h_ps,fa_prob_ps,hacf,gacf,hcs
5427387,53.29256739027598,4.413616172969341,4.551541678374634,8.478661035453626,12.377807442465254,-1.0,-1.0,0.27489753220912794,0.27489753220912794,620.318311271983,482.826061775923,484.62925690249483,0.07843609677005596,0.0,0.5796440048658207,0.41623530558050004,0.14199519331875135
