target_id,prot_ps,prot_acf,prot_cs,e_prot_ps,E_prot_ps,e_prot_acf,E_prot_acf,e_prot_cs,E_prot_cs,sph_ps,sph_acf,sph_cs,h_ps,fa_prob_ps,hacf,gacf,hcs
5442451,9.19974078380593,9.11347659304738,9.22296010895139,0.7060660100524885,0.8341702216094902,-1.0,-1.0,0.11347076061133471,0.11347076061133471,3932.1280974194215,3977.3561294965443,3945.101199523148,0.15695140872531482,0.0,0.7913658136088729,1.275373410240517,0.7240948461301531
