target_id,prot_ps,prot_acf,prot_cs,e_prot_ps,E_prot_ps,e_prot_acf,E_prot_acf,e_prot_cs,E_prot_cs,sph_ps,sph_acf,sph_cs,h_ps,fa_prob_ps,hacf,gacf,hcs
5476871,74.8785642988004,59.85012096352875,74.74965292834437,11.219786186575199,16.08978221609604,-1.0,-1.0,2.753919151441561,2.753919151441561,2271.6206538801134,2267.4502014293876,2271.553390458596,0.20673653643664955,0.0,0.20250349751000496,0.37794398605308716,0.9454373696693239
