target_id,prot_ps,prot_acf,prot_cs,e_prot_ps,E_prot_ps,e_prot_acf,E_prot_acf,e_prot_cs,E_prot_cs,sph_ps,sph_acf,sph_cs,h_ps,fa_prob_ps,hacf,gacf,hcs
5436508,2.044406266820455,2.1046725092455745,59.342735795362955,0.0619363626274243,0.06588870593779639,-1.0,-1.0,0.34031977480828574,0.34031977480828574,1229.0032905467733,1228.6435479818379,1348.5962416854063,0.13749049418544987,0.0,0.8079916137262267,1.3973168094962918,0.04485719709080134
