target_id,prot_ps,prot_acf,prot_cs,e_prot_ps,E_prot_ps,e_prot_acf,E_prot_acf,e_prot_cs,E_prot_cs,sph_ps,sph_acf,sph_cs,h_ps,fa_prob_ps,hacf,gacf,hcs
5442977,73.04930455221229,9.011252742726356,71.13405929725829,2.1085654612790563,2.2391224793360607,-1.0,-1.0,2.659381062859672,2.659381062859672,459.4200870066957,444.879372730819,459.8788088999556,0.039343825334320764,0.0,0.151988470457624,0.0009777245936383877,0.4317210096297882
