target_id,prot_ps,prot_acf,prot_cs,e_prot_ps,E_prot_ps,e_prot_acf,E_prot_acf,e_prot_cs,E_prot_cs,sph_ps,sph_acf,sph_cs,h_ps,fa_prob_ps,hacf,gacf,hcs
5440148,73.04938949284373,0.7969144158996642,81.47898192593827,18.197529948837328,35.90978419495917,-1.0,-1.0,6.242598415303715,6.242598415303715,623.5003428657922,556.3170204456469,623.1335513694285,0.02355938264598341,0.0,0.5334292736273794,0.0023832333111427073,0.03422350066497461
