target_id,prot_ps,prot_acf,prot_cs,e_prot_ps,E_prot_ps,e_prot_acf,E_prot_acf,e_prot_cs,E_prot_cs,sph_ps,sph_acf,sph_cs,h_ps,fa_prob_ps,hacf,gacf,hcs
5515865,75.1531728536158,34.941059555858374,46.16095898637773,11.901134386725218,17.337209082554494,-1.0,-1.0,1.1623699334778401,1.1623699334778401,315.27686813737773,307.66081470473523,310.8328316707056,0.15956446762205184,0.0,-0.3955066218204583,0.0004388935150676787,0.14078898771364343
