target_id,prot_ps,prot_acf,prot_cs,e_prot_ps,E_prot_ps,e_prot_acf,E_prot_acf,e_prot_cs,E_prot_cs,sph_ps,sph_acf,sph_cs,h_ps,fa_prob_ps,hacf,gacf,hcs
5535947,14.047948960978287,13.608835944905877,14.035139241598273,0.869930814100405,0.9943091032533538,-1.0,-1.0,0.7563619892845758,0.7563619892845758,1377.7861829190833,1365.2818127911173,1376.7015686327836,0.07670166044909316,0.0,0.4776287361748858,0.6916888604813671,0.7499229983957374
