target_id,prot_ps,prot_acf,prot_cs,e_prot_ps,E_prot_ps,e_prot_acf,E_prot_acf,e_prot_cs,E_prot_cs,sph_ps,sph_acf,sph_cs,h_ps,fa_prob_ps,hacf,gacf,hcs
5541806,61.99418637662665,33.22538048028946,94.35027233362199,16.603199155603903,35.3470828486811,-1.0,-1.0,8.186812049508635,8.186812049508635,485.6386144271933,469.9768600904293,493.2245646719002,0.14595149135202165,0.0,-0.37524015717592596,0.0036149132381445293,0.07687294344451291
