target_id,prot_ps,prot_acf,prot_cs,e_prot_ps,E_prot_ps,e_prot_acf,E_prot_acf,e_prot_cs,E_prot_cs,sph_ps,sph_acf,sph_cs,h_ps,fa_prob_ps,hacf,gacf,hcs
5512558,9.037414023799197,9.011122546624392,9.0063811588333,0.7860273018103978,0.9495492886790693,-1.0,-1.0,0.07017529583686455,0.07017529583686455,4014.7206262111868,4024.179901622825,4026.432631409473,0.0914185543962332,0.0,0.5652342188323572,0.7171055985692661,0.8013016917624922
