target_id,prot_ps,prot_acf,prot_cs,e_prot_ps,E_prot_ps,e_prot_acf,E_prot_acf,e_prot_cs,E_prot_cs,sph_ps,sph_acf,sph_cs,h_ps,fa_prob_ps,hacf,gacf,hcs
5545141,91.31057299644911,32.734833936206996,46.05030372975694,2.8952243741023693,3.0891643621397122,-1.0,-1.0,1.9996710525516697,1.9996710525516697,151.21540322085883,149.97998698061383,150.05973374562654,0.07332918016962027,0.0,-0.3843331839893372,0.0010900634194684344,0.15178433075807626
