target_id,prot_ps,prot_acf,prot_cs,e_prot_ps,E_prot_ps,e_prot_acf,E_prot_acf,e_prot_cs,E_prot_cs,sph_ps,sph_acf,sph_cs,h_ps,fa_prob_ps,hacf,gacf,hcs
5522955,45.6559893698818,46.445851309690624,46.10542549234814,5.630098719545089,7.448846445801458,-1.0,-1.0,4.728416118892838,4.728416118892838,1420.4798563404704,1436.2912191363132,1417.6348475676448,0.08509887176231608,0.0,0.26858915447167697,0.6408502627832333,0.9938546084390857
