target_id,prot_ps,prot_acf,prot_cs,e_prot_ps,E_prot_ps,e_prot_acf,E_prot_acf,e_prot_cs,E_prot_cs,sph_ps,sph_acf,sph_cs,h_ps,fa_prob_ps,hacf,gacf,hcs
5544402,60.874410607876676,33.122989491559565,92.06412758851846,12.340276977612668,20.61452900575557,-1.0,-1.0,4.547752908540508,4.547752908540508,510.29430907363997,503.054727538977,512.0645877638178,0.05954482126910345,0.0,-0.3624057117937769,0.0030946516319640405,0.15865228983522178
