target_id,prot_ps,prot_acf,prot_cs,e_prot_ps,E_prot_ps,e_prot_acf,E_prot_acf,e_prot_cs,E_prot_cs,sph_ps,sph_acf,sph_cs,h_ps,fa_prob_ps,hacf,gacf,hcs
5597109,52.885587885477946,30.220912942662835,28.563738011293275,10.76079116476113,18.021051248438013,-1.0,-1.0,0.3885654474651507,0.3885654474651507,999.5762578447253,962.9263336421366,958.92170138606,0.15635591541726124,0.0,-0.5089945195098637,0.0003410987265808907,0.06841898088818255
