target_id,prot_ps,prot_acf,prot_cs,e_prot_ps,E_prot_ps,e_prot_acf,E_prot_acf,e_prot_cs,E_prot_cs,sph_ps,sph_acf,sph_cs,h_ps,fa_prob_ps,hacf,gacf,hcs
5597401,1.6171103639458146,3.208034780342132,3.12671447837867,0.03627511676258455,0.03798865809603469,-1.0,-1.0,0.06367616103361096,0.06367616103361096,17414.682621770153,17933.156465010896,17830.854300634426,0.15210694647931053,0.0,0.9125247455068275,1.285458379915249,0.08006616013610345
