target_id,prot_ps,prot_acf,prot_cs,e_prot_ps,E_prot_ps,e_prot_acf,E_prot_acf,e_prot_cs,E_prot_cs,sph_ps,sph_acf,sph_cs,h_ps,fa_prob_ps,hacf,gacf,hcs
5560949,61.99502756011145,26.318676002323627,45.80606513612544,0.6844164516423987,0.6997426050889928,-1.0,-1.0,1.0538835599232237,1.0538835599232237,975.7618530552794,959.4318654195635,966.2437739957062,0.1242008825169018,0.0,-0.29497977484225696,0.004139334107880699,0.09382136584496122
