target_id,prot_ps,prot_acf,prot_cs,e_prot_ps,E_prot_ps,e_prot_acf,E_prot_acf,e_prot_cs,E_prot_cs,sph_ps,sph_acf,sph_cs,h_ps,fa_prob_ps,hacf,gacf,hcs
5536250,4.454224282777104,4.495407789945602,4.457809833884238,0.30330192414414725,0.3505668675983653,-1.0,-1.0,0.2599909086899117,0.2599909086899117,3332.873806920348,3289.3192486284734,3328.145068459433,0.06604817995024467,0.0,0.8158957975495621,1.3303981456426157,0.46298217122318036
