target_id,prot_ps,prot_acf,prot_cs,e_prot_ps,E_prot_ps,e_prot_acf,E_prot_acf,e_prot_cs,E_prot_cs,sph_ps,sph_acf,sph_cs,h_ps,fa_prob_ps,hacf,gacf,hcs
5536332,73.0490732512341,18.124616471119225,24.369852983797465,15.667054054772407,27.230785204892882,-1.0,-1.0,0.2680832330164482,0.2680832330164482,442.33275715280655,433.8927669217213,437.31009717889606,0.07596329541160249,0.0,-0.006517946707784442,0.0005158038457796499,6.363957343126284
