target_id,prot_ps,prot_acf,prot_cs,e_prot_ps,E_prot_ps,e_prot_acf,E_prot_acf,e_prot_cs,E_prot_cs,sph_ps,sph_acf,sph_cs,h_ps,fa_prob_ps,hacf,gacf,hcs
5544935,60.874451412859415,29.526681953575462,41.47374669748349,17.383948427040743,40.00260762772525,-1.0,-1.0,6.744397785334979,6.744397785334979,646.44792809685,639.1046578678864,638.1182076149018,0.05378045889608895,0.0,-0.30801963765931145,0.002252872673920464,0.1484785519925479
