target_id,prot_ps,prot_acf,prot_cs,e_prot_ps,E_prot_ps,e_prot_acf,E_prot_acf,e_prot_cs,E_prot_cs,sph_ps,sph_acf,sph_cs,h_ps,fa_prob_ps,hacf,gacf,hcs
5653841,73.0486395640434,2.5950855407863855,73.70934196078765,13.164100261479703,20.699062890215345,-1.0,-1.0,3.5006046914983497,3.5006046914983497,538.3228372800938,401.9415937484506,539.389932879755,0.09272708455376001,0.0,0.6681291100866398,0.40568476137921944,0.32904504535172474
