target_id,prot_ps,prot_acf,prot_cs,e_prot_ps,E_prot_ps,e_prot_acf,E_prot_acf,e_prot_cs,E_prot_cs,sph_ps,sph_acf,sph_cs,h_ps,fa_prob_ps,hacf,gacf,hcs
5640239,47.12868324265924,5.006262133829296,90.38489559922368,8.912187589970785,14.246380997457472,-1.0,-1.0,8.062718391792963,8.062718391792963,316.0227294936164,269.79623109138157,318.2787371397798,0.06913557704176869,0.0,0.5327760365786012,0.4672830662407605,0.2996060029904892
