target_id,prot_ps,prot_acf,prot_cs,e_prot_ps,E_prot_ps,e_prot_acf,E_prot_acf,e_prot_cs,E_prot_cs,sph_ps,sph_acf,sph_cs,h_ps,fa_prob_ps,hacf,gacf,hcs
5687665,33.2072593424113,32.836409913841635,33.55689019608311,4.543263613204147,6.231283737508434,-1.0,-1.0,1.6197457878100754,1.6197457878100754,1441.3399776010867,1442.4670287968556,1444.7775845560427,0.08882137839556059,0.0,0.3077610487108948,0.6553867146774158,0.9883753375160715
