target_id,prot_ps,prot_acf,prot_cs,e_prot_ps,E_prot_ps,e_prot_acf,E_prot_acf,e_prot_cs,E_prot_cs,sph_ps,sph_acf,sph_cs,h_ps,fa_prob_ps,hacf,gacf,hcs
5616138,28.64682163896946,16.020024590194225,23.05269278306048,1.1726150476439798,1.278313270614234,-1.0,-1.0,2.640546664068844,2.640546664068844,498.1186036247694,491.13777460464735,493.276560305432,0.07391798539748046,0.0,-0.2683161682280186,0.0013185515568695516,0.11191796962629032
