target_id,prot_ps,prot_acf,prot_cs,e_prot_ps,E_prot_ps,e_prot_acf,E_prot_acf,e_prot_cs,E_prot_cs,sph_ps,sph_acf,sph_cs,h_ps,fa_prob_ps,hacf,gacf,hcs
5629662,73.04872395552333,35.330044735688716,42.16372134699951,15.792464979355536,27.611997705917076,-1.0,-1.0,7.097938143218678,7.097938143218678,450.5226080908822,444.4694212575731,448.1751691717286,0.07368446571505358,0.0,-0.3719062571979833,0.0007486363324206158,0.1670606716096908
