target_id,prot_ps,prot_acf,prot_cs,e_prot_ps,E_prot_ps,e_prot_acf,E_prot_acf,e_prot_cs,E_prot_cs,sph_ps,sph_acf,sph_cs,h_ps,fa_prob_ps,hacf,gacf,hcs
5636733,52.1775964158448,25.62395870871842,26.78827542899176,13.027051748757195,25.762559653991737,-1.0,-1.0,4.176644183523937,4.176644183523937,235.72416670028602,234.04741434033704,233.4460649135384,0.07826578860345977,0.0,-0.48170992257715156,0.0005519851046434654,0.0765667920746776
