target_id,prot_ps,prot_acf,prot_cs,e_prot_ps,E_prot_ps,e_prot_acf,E_prot_acf,e_prot_cs,E_prot_cs,sph_ps,sph_acf,sph_cs,h_ps,fa_prob_ps,hacf,gacf,hcs
5621887,72.93521856237336,15.509196813683957,43.79662317603361,1.8655188729076428,1.9671560367553695,-1.0,-1.0,2.6845606233221115,2.6845606233221115,1433.73861800698,1393.0950015322596,1408.293508383523,0.07732179509827458,0.0,-0.17588393831877452,0.0006022268900185701,0.41954864020192845
