target_id,prot_ps,prot_acf,prot_cs,e_prot_ps,E_prot_ps,e_prot_acf,E_prot_acf,e_prot_cs,E_prot_cs,sph_ps,sph_acf,sph_cs,h_ps,fa_prob_ps,hacf,gacf,hcs
5689016,21.312081158589553,21.618491197936237,21.323133829445084,1.8398480623322868,2.2191741097360556,-1.0,-1.0,0.20962250251313364,0.20962250251313364,3386.654614049783,3386.7457245306123,3385.498954554314,0.12103497875666998,0.0,0.37493208170388825,0.6366264480082753,0.9888291356615592
