target_id,prot_ps,prot_acf,prot_cs,e_prot_ps,E_prot_ps,e_prot_acf,E_prot_acf,e_prot_cs,E_prot_cs,sph_ps,sph_acf,sph_cs,h_ps,fa_prob_ps,hacf,gacf,hcs
5638251,61.99499186823019,29.5267573161982,41.75083484510425,18.381578204442164,44.51521550298015,-1.0,-1.0,6.674287806503679,6.674287806503679,1216.6443757994923,1220.1619980169075,1215.3588389370536,0.05646280932206773,0.0,-0.35878956702007525,0.0014825623266439825,0.2545053246939135
