target_id,prot_ps,prot_acf,prot_cs,e_prot_ps,E_prot_ps,e_prot_acf,E_prot_acf,e_prot_cs,E_prot_cs,sph_ps,sph_acf,sph_cs,h_ps,fa_prob_ps,hacf,gacf,hcs
5699984,16.53177201231467,16.61267926124856,16.675615364722905,1.701096009840306,2.136355352582246,-1.0,-1.0,0.4920061804206031,0.4920061804206031,2980.6897347095437,2980.271354616051,2982.8462015302803,0.09676912275037874,0.0,0.36204935709610037,0.6728112301982505,0.9322893639476676
