target_id,prot_ps,prot_acf,prot_cs,e_prot_ps,E_prot_ps,e_prot_acf,E_prot_acf,e_prot_cs,E_prot_cs,sph_ps,sph_acf,sph_cs,h_ps,fa_prob_ps,hacf,gacf,hcs
5632007,73.04927350197742,30.527903540991247,34.27972975863609,12.331504814980143,18.712387221666347,-1.0,-1.0,7.686972937713156,7.686972937713156,744.1712312665611,729.0184250179839,724.8844134620016,0.09140692930269362,0.0,-0.3719615505528441,0.00646828059471069,0.13100290206774265
