target_id,prot_ps,prot_acf,prot_cs,e_prot_ps,E_prot_ps,e_prot_acf,E_prot_acf,e_prot_cs,E_prot_cs,sph_ps,sph_acf,sph_cs,h_ps,fa_prob_ps,hacf,gacf,hcs
5690161,89.96473490674414,25.030384853016585,76.20127766849009,8.174686747605719,9.990776430772058,-1.0,-1.0,6.512026944076599,6.512026944076599,891.3405032496211,819.8623833609881,891.3405032496211,0.22122733715832338,0.0,-0.27200767404119763,0.009162993573882977,0.4293169799899323
