target_id,prot_ps,prot_acf,prot_cs,e_prot_ps,E_prot_ps,e_prot_acf,E_prot_acf,e_prot_cs,E_prot_cs,sph_ps,sph_acf,sph_cs,h_ps,fa_prob_ps,hacf,gacf,hcs
5772478,92.64118024283161,6.804298107046634,92.42044134238232,2.369065769266868,2.4981091767959356,-1.0,-1.0,4.295254274688027,4.295254274688027,253.77796219460643,207.6158174249001,253.86001358726915,0.07406251051368755,0.0,0.3388084697880203,0.058460396734866735,0.3963415660087524
