target_id,prot_ps,prot_acf,prot_cs,e_prot_ps,E_prot_ps,e_prot_acf,E_prot_acf,e_prot_cs,E_prot_cs,sph_ps,sph_acf,sph_cs,h_ps,fa_prob_ps,hacf,gacf,hcs
5700798,40.58254028185654,5.598840611055493,88.47746228601858,10.80478328691078,22.850798255859722,-1.0,-1.0,2.7514847863003387,2.7514847863003387,483.31399688948244,444.59432818242084,489.38914862979,0.021080386074770505,0.0,0.10699649753621303,0.0008910314370590214,0.25747062781960733
