target_id,prot_ps,prot_acf,prot_cs,e_prot_ps,E_prot_ps,e_prot_acf,E_prot_acf,e_prot_cs,E_prot_cs,sph_ps,sph_acf,sph_cs,h_ps,fa_prob_ps,hacf,gacf,hcs
5784101,8.043479339171196,7.703521469142288,7.94739255379749,1.1891438292237204,1.69547255902566,-1.0,-1.0,0.37606639924518176,0.37606639924518176,1284.6146532303005,1302.1574672535687,1308.5085422441782,0.04157277957700215,0.0,0.5577098305328775,0.81749610243882,0.9023338987477004
