target_id,prot_ps,prot_acf,prot_cs,e_prot_ps,E_prot_ps,e_prot_acf,E_prot_acf,e_prot_cs,E_prot_cs,sph_ps,sph_acf,sph_cs,h_ps,fa_prob_ps,hacf,gacf,hcs
5770431,0.19622178173464835,0.2043337281793356,100.09287667778976,0.002255486345875357,0.0023086195002383625,-1.0,-1.0,7.32518456833045e-05,7.32518456833045e-05,40914.67082811856,40878.69709106122,47264.39869237814,0.6937429596629446,0.0,0.7691875665558828,0.5083420738350246,0.0018026893317863238
