target_id,prot_ps,prot_acf,prot_cs,e_prot_ps,E_prot_ps,e_prot_acf,E_prot_acf,e_prot_cs,E_prot_cs,sph_ps,sph_acf,sph_cs,h_ps,fa_prob_ps,hacf,gacf,hcs
5796099,73.04917435322217,30.323526065796614,40.7400778759256,16.99928744716528,31.524891190535584,-1.0,-1.0,0.9939260071204387,0.9939260071204387,610.1877301836337,600.5055585077706,609.2729960401174,0.09246976612480959,0.0,-0.35526721014600543,0.000709512895888581,0.1564372893418564
