target_id,prot_ps,prot_acf,prot_cs,e_prot_ps,E_prot_ps,e_prot_acf,E_prot_acf,e_prot_cs,E_prot_cs,sph_ps,sph_acf,sph_cs,h_ps,fa_prob_ps,hacf,gacf,hcs
5707157,0.4073594371561563,0.4086547251790762,0.407987492153814,0.004029819974693372,0.00411119521072667,-1.0,-1.0,0.028538134431021666,0.028538134431021666,361.27354327073766,362.8820130936171,361.27354327073766,0.36756674324563093,0.0,0.8509741319412947,0.1373785023433145,0.25115202919822754
