target_id,prot_ps,prot_acf,prot_cs,e_prot_ps,E_prot_ps,e_prot_acf,E_prot_acf,e_prot_cs,E_prot_cs,sph_ps,sph_acf,sph_cs,h_ps,fa_prob_ps,hacf,gacf,hcs
5781846,61.99428201251178,14.712342917919159,38.35507798701526,11.347542986353353,17.797909364482372,-1.0,-1.0,3.7803048923671567,3.7803048923671567,650.6108036133826,626.9394894362222,629.8967825836953,0.05661797492545962,0.0,-0.0676475047883999,0.06232919675553969,1.19821587634209
