target_id,prot_ps,prot_acf,prot_cs,e_prot_ps,E_prot_ps,e_prot_acf,E_prot_acf,e_prot_cs,E_prot_cs,sph_ps,sph_acf,sph_cs,h_ps,fa_prob_ps,hacf,gacf,hcs
5731329,53.90790039256389,20.025104666128755,41.311010109286045,10.498350751560423,17.087081059693773,-1.0,-1.0,0.9685560227295626,0.9685560227295626,835.6919144564014,831.9745839328712,836.6744035004928,0.08135313949066171,0.0,-0.1744458160322226,0.10040565382786017,0.23761189901650953
