target_id,prot_ps,prot_acf,prot_cs,e_prot_ps,E_prot_ps,e_prot_acf,E_prot_acf,e_prot_cs,E_prot_cs,sph_ps,sph_acf,sph_cs,h_ps,fa_prob_ps,hacf,gacf,hcs
5701440,11.782158862423987,11.606342494487762,11.69257271513343,0.8088173156079321,0.9378582916604206,-1.0,-1.0,0.5294531863567487,0.5294531863567487,3758.8017178077916,3749.244041301161,3735.9456130106532,0.0945076609636686,0.0,0.5556246598952986,0.820743835293639,0.7597636324547019
