target_id,prot_ps,prot_acf,prot_cs,e_prot_ps,E_prot_ps,e_prot_acf,E_prot_acf,e_prot_cs,E_prot_cs,sph_ps,sph_acf,sph_cs,h_ps,fa_prob_ps,hacf,gacf,hcs
5702714,91.31180627796226,14.324011746793985,91.63958546790785,1.343451026110074,1.3841965959318827,-1.0,-1.0,4.05896528877761,4.05896528877761,597.4727330473346,579.8032358673338,597.1297747715274,0.044987147693111885,0.0,0.011673234469596514,0.07388687611484192,8.391278368931717
