target_id,prot_ps,prot_acf,prot_cs,e_prot_ps,E_prot_ps,e_prot_acf,E_prot_acf,e_prot_cs,E_prot_cs,sph_ps,sph_acf,sph_cs,h_ps,fa_prob_ps,hacf,gacf,hcs
5705922,65.73772352736603,3.494044403079897,65.50045976257884,15.336739737660402,28.503660050017103,-1.0,-1.0,7.734117230834615,7.734117230834615,592.5011622301784,474.7719960076428,592.5011622301784,0.27056066339959756,0.0,0.6242298521224712,0.16809747951400905,0.3926973361698376
