target_id,prot_ps,prot_acf,prot_cs,e_prot_ps,E_prot_ps,e_prot_acf,E_prot_acf,e_prot_cs,E_prot_cs,sph_ps,sph_acf,sph_cs,h_ps,fa_prob_ps,hacf,gacf,hcs
5791986,22.827960874831522,23.233108101412654,22.77406146991266,2.914976792810247,3.901370728129585,-1.0,-1.0,0.38997783225001087,0.38997783225001087,2020.3082830872809,2005.2663985981349,2022.2799864211552,0.11681641237354115,0.0,0.3045210466277945,0.6172883341346844,0.9793859406479897
