target_id,prot_ps,prot_acf,prot_cs,e_prot_ps,E_prot_ps,e_prot_acf,E_prot_acf,e_prot_cs,E_prot_cs,sph_ps,sph_acf,sph_cs,h_ps,fa_prob_ps,hacf,gacf,hcs
5784065,9.496499667839108,9.113453747704625,9.416962128812898,1.0729104170958124,1.3875087491918876,-1.0,-1.0,0.6530056756335911,0.6530056756335911,2098.199705791811,2104.0602673362964,2095.3746669707793,0.04799859134049239,0.0,0.5143450180181068,0.8721572287798112,0.8741106807150635
