target_id,prot_ps,prot_acf,prot_cs,e_prot_ps,E_prot_ps,e_prot_acf,E_prot_acf,e_prot_cs,E_prot_cs,sph_ps,sph_acf,sph_cs,h_ps,fa_prob_ps,hacf,gacf,hcs
5796255,72.93505018528289,28.321076821535826,45.49578697973863,5.319561421933344,6.217436918438949,-1.0,-1.0,5.922257876992369,5.922257876992369,925.0099833509867,890.8960803266086,888.3849250533513,0.06251473740114029,0.0,-0.3030236920437485,0.008929666430657957,0.3372350715438448
