target_id,prot_ps,prot_acf,prot_cs,e_prot_ps,E_prot_ps,e_prot_acf,E_prot_acf,e_prot_cs,E_prot_cs,sph_ps,sph_acf,sph_cs,h_ps,fa_prob_ps,hacf,gacf,hcs
5706433,73.04935774037256,30.63010819023475,40.735459007972466,15.761889123777777,27.93948871765832,-1.0,-1.0,1.0645661900507544,1.0645661900507544,396.2174331383234,389.1766834221183,394.4101290601155,0.08006147974153358,0.0,-0.3410609972694311,0.004109376837881734,0.15923831481147674
