target_id,prot_ps,prot_acf,prot_cs,e_prot_ps,E_prot_ps,e_prot_acf,E_prot_acf,e_prot_cs,E_prot_cs,sph_ps,sph_acf,sph_cs,h_ps,fa_prob_ps,hacf,gacf,hcs
5782846,98.60673252591037,2.7993289502337575,98.99939214320855,8.964496261646275,10.956638598624394,-1.0,-1.0,5.60830291970168,5.60830291970168,379.1544320249401,333.8012061280624,379.1544320249401,0.11288550381610785,4.6790100951531444e-247,0.4339442377776348,0.08766298346394713,0.26104993992534264
