target_id,prot_ps,prot_acf,prot_cs,e_prot_ps,E_prot_ps,e_prot_acf,E_prot_acf,e_prot_cs,E_prot_cs,sph_ps,sph_acf,sph_cs,h_ps,fa_prob_ps,hacf,gacf,hcs
5706179,21.48512936317995,21.31236677011475,21.633618893706497,0.9614648085950179,1.0561749057593666,-1.0,-1.0,0.4256044664826193,0.4256044664826193,986.1823542465356,989.0571292934112,980.6366581562257,0.13950721308070985,0.0,0.47828212775933326,0.8952507785032982,0.9747880200396989
