target_id,prot_ps,prot_acf,prot_cs,e_prot_ps,E_prot_ps,e_prot_acf,E_prot_acf,e_prot_cs,E_prot_cs,sph_ps,sph_acf,sph_cs,h_ps,fa_prob_ps,hacf,gacf,hcs
5702820,52.17755178992467,24.724807078018785,73.98452693391853,9.069946131228363,13.829941717543527,-1.0,-1.0,2.034405383800807,2.034405383800807,345.04991245668117,340.54896744874384,344.49566712299645,0.047040348419845245,0.0,-0.41500434680310533,0.006388374522391688,0.08690511155490666
