target_id,prot_ps,prot_acf,prot_cs,e_prot_ps,E_prot_ps,e_prot_acf,E_prot_acf,e_prot_cs,E_prot_cs,sph_ps,sph_acf,sph_cs,h_ps,fa_prob_ps,hacf,gacf,hcs
5888258,60.87432587562194,29.036213841754943,61.10971518801527,1.351005469913332,1.4131011492036762,-1.0,-1.0,2.3265640328298876,2.3265640328298876,1091.0556940729234,1080.1049679053,1091.3496658219206,0.06791122133114684,0.0,0.12336630558612863,0.22104704669137176,1.8048237978613422
