target_id,prot_ps,prot_acf,prot_cs,e_prot_ps,E_prot_ps,e_prot_acf,E_prot_acf,e_prot_cs,E_prot_cs,sph_ps,sph_acf,sph_cs,h_ps,fa_prob_ps,hacf,gacf,hcs
5879321,5.585142470037539,5.598843928426504,5.604485190550709,0.28255523845041175,0.31400930612966604,-1.0,-1.0,0.05555838989960181,0.05555838989960181,5922.231548212216,5918.337504213242,5923.784209349611,0.2461040881435914,0.0,0.8142375869352518,1.350233669529198,0.5544574434699241
