target_id,prot_ps,prot_acf,prot_cs,e_prot_ps,E_prot_ps,e_prot_acf,E_prot_acf,e_prot_cs,E_prot_cs,sph_ps,sph_acf,sph_cs,h_ps,fa_prob_ps,hacf,gacf,hcs
5801326,73.59769389558114,12.709785550832748,73.60845545510169,10.33973479067128,14.436729217818751,-1.0,-1.0,2.8258555661388005,2.8258555661388005,216.6787930469941,201.69912933058194,216.68178091913148,0.1251583895596357,0.0,0.23178869174793398,0.22260931879982068,0.5097326438817441
