target_id,prot_ps,prot_acf,prot_cs,e_prot_ps,E_prot_ps,e_prot_acf,E_prot_acf,e_prot_cs,E_prot_cs,sph_ps,sph_acf,sph_cs,h_ps,fa_prob_ps,hacf,gacf,hcs
5819225,73.0494442231814,28.035061560571194,28.913915786314753,1.913791209940797,2.0184970609974613,-1.0,-1.0,2.3406858558531627,2.3406858558531627,722.5962821151173,715.9598042783526,720.5051042130003,0.12168370391935161,0.0,-0.4315006753589727,0.0015180361110147533,0.12415706191336358
