target_id,prot_ps,prot_acf,prot_cs,e_prot_ps,E_prot_ps,e_prot_acf,E_prot_acf,e_prot_cs,E_prot_cs,sph_ps,sph_acf,sph_cs,h_ps,fa_prob_ps,hacf,gacf,hcs
5807205,18.87121610581315,18.615148374345154,18.844271006657408,0.9548981744637004,1.0629150661183608,-1.0,-1.0,0.2960422387848913,0.2960422387848913,203.1468691252659,203.87020904691337,203.07878399485676,0.17628263907198283,0.0,0.3294826946158251,0.7779516491848141,0.900010329928994
