target_id,prot_ps,prot_acf,prot_cs,e_prot_ps,E_prot_ps,e_prot_acf,E_prot_acf,e_prot_cs,E_prot_cs,sph_ps,sph_acf,sph_cs,h_ps,fa_prob_ps,hacf,gacf,hcs
5814526,73.04935779265519,34.73728080280125,46.07609763074894,10.693949907582045,15.058912742725639,-1.0,-1.0,1.6358471873769753,1.6358471873769753,824.4206357063966,798.509329292959,817.4026831484653,0.10865625059202454,0.0,-0.4560033518939832,0.001989756452487945,0.2094004125526447
