target_id,prot_ps,prot_acf,prot_cs,e_prot_ps,E_prot_ps,e_prot_acf,E_prot_acf,e_prot_cs,E_prot_cs,sph_ps,sph_acf,sph_cs,h_ps,fa_prob_ps,hacf,gacf,hcs
5881857,121.74854934520354,21.128374241292477,52.3518482565472,2.5441354747344747,2.655033640940033,-1.0,-1.0,2.3248523228648645,2.3248523228648645,458.67840996516134,463.9791226243016,465.0466042782414,0.06598115034631809,0.0,-0.1115890258544894,0.0005318208615796086,0.5459523827525249
