target_id,prot_ps,prot_acf,prot_cs,e_prot_ps,E_prot_ps,e_prot_acf,E_prot_acf,e_prot_cs,E_prot_cs,sph_ps,sph_acf,sph_cs,h_ps,fa_prob_ps,hacf,gacf,hcs
5876826,72.93530652920066,32.73486377578229,96.2540103957934,22.8739512824244,62.41389200094595,-1.0,-1.0,4.9127173006475875,4.9127173006475875,1189.1556943288945,1092.8518648279576,1195.981789504992,0.1594019995655357,0.0,-0.5275752033951705,0.003627965203731598,0.07211738459101781
