target_id,prot_ps,prot_acf,prot_cs,e_prot_ps,E_prot_ps,e_prot_acf,E_prot_acf,e_prot_cs,E_prot_cs,sph_ps,sph_acf,sph_cs,h_ps,fa_prob_ps,hacf,gacf,hcs
5894044,0.6438837867302037,0.30650658532977104,55.206127110086385,0.006716831684551727,0.006858739796499536,-1.0,-1.0,2.400999089103323,2.400999089103323,313.18744232772957,289.53656128184,474.491510728203,0.14509268022083166,0.0,1.0458495287610534,0.20660828866625497,0.060556601947820435
