target_id,prot_ps,prot_acf,prot_cs,e_prot_ps,E_prot_ps,e_prot_acf,E_prot_acf,e_prot_cs,E_prot_cs,sph_ps,sph_acf,sph_cs,h_ps,fa_prob_ps,hacf,gacf,hcs
5864912,16.05476865298177,16.817364474292845,16.180634125545616,1.8214841994316018,2.349210094313431,-1.0,-1.0,0.8449299627825358,0.8449299627825358,1453.25612814303,1485.5283331302733,1480.8933161107839,0.05708825950207463,0.0,0.4471964875178161,0.7787554109210626,0.8741629554486378
