target_id,prot_ps,prot_acf,prot_cs,e_prot_ps,E_prot_ps,e_prot_acf,E_prot_acf,e_prot_cs,E_prot_cs,sph_ps,sph_acf,sph_cs,h_ps,fa_prob_ps,hacf,gacf,hcs
5876368,1.0503037423106056,0.8990861475467682,73.8318742909316,0.010386759065526663,0.010596466697241125,-1.0,-1.0,3.1440925073860924,3.1440925073860924,815.8876265115332,814.7460726196718,929.862734667176,0.06295241408521093,0.0,0.6460299598618117,0.1496302319920322,0.45697305751533546
