target_id,prot_ps,prot_acf,prot_cs,e_prot_ps,E_prot_ps,e_prot_acf,E_prot_acf,e_prot_cs,E_prot_cs,sph_ps,sph_acf,sph_cs,h_ps,fa_prob_ps,hacf,gacf,hcs
5893143,24.76220228511807,24.622655287384987,37.50014069417516,1.866748077698098,2.194280041277377,-1.0,-1.0,3.848504918442971,3.848504918442971,705.9184788690354,707.1566499456134,712.2296655105903,0.08054902363307327,0.0,-0.012775748971634318,0.30157766083649784,2.946445847333663
