target_id,prot_ps,prot_acf,prot_cs,e_prot_ps,E_prot_ps,e_prot_acf,E_prot_acf,e_prot_cs,E_prot_cs,sph_ps,sph_acf,sph_cs,h_ps,fa_prob_ps,hacf,gacf,hcs
5877658,72.93535571057635,29.42461609840393,36.79773014478385,2.016897040556046,2.136225515678774,-1.0,-1.0,7.895941967980178,7.895941967980178,765.0407861758067,745.1036670890729,755.0989014467242,0.11796100968469173,0.0,-0.2954331555180464,0.0011677694213277079,0.1897698261805065
