target_id,prot_ps,prot_acf,prot_cs,e_prot_ps,E_prot_ps,e_prot_acf,E_prot_acf,e_prot_cs,E_prot_cs,sph_ps,sph_acf,sph_cs,h_ps,fa_prob_ps,hacf,gacf,hcs
5809890,31.08445692803861,30.037588546983898,30.72845308356453,4.197455235924924,5.771827855723185,-1.0,-1.0,2.3948614890939406,2.3948614890939406,1645.4309097654477,1592.6364224631257,1581.7411446131503,0.06775293496091005,0.0,0.35271997990249554,0.6544879134847991,0.9059333403770656
