target_id,prot_ps,prot_acf,prot_cs,e_prot_ps,E_prot_ps,e_prot_acf,E_prot_acf,e_prot_cs,E_prot_cs,sph_ps,sph_acf,sph_cs,h_ps,fa_prob_ps,hacf,gacf,hcs
5807917,73.04951258885578,11.504174248781055,11.627368757384298,1.8441088153386573,1.941135281698351,-1.0,-1.0,0.07427158169272761,0.07427158169272761,2584.739590598165,2525.0711520231575,2503.667154031807,0.06725570858977355,0.0,0.1620845704584803,0.41476986982628133,0.7758441436462757
