target_id,prot_ps,prot_acf,prot_cs,e_prot_ps,E_prot_ps,e_prot_acf,E_prot_acf,e_prot_cs,E_prot_cs,sph_ps,sph_acf,sph_cs,h_ps,fa_prob_ps,hacf,gacf,hcs
5991479,26.088815629224815,13.322808949276805,12.248684729996159,4.4368266079466245,6.758651931037516,-1.0,-1.0,0.11189866267301771,0.11189866267301771,1281.3014790772597,1270.632012043521,1237.2989499502837,0.07084189303974703,0.0,-0.3867446745781988,0.0004909743473981987,0.2522899834748904
