target_id,prot_ps,prot_acf,prot_cs,e_prot_ps,E_prot_ps,e_prot_acf,E_prot_acf,e_prot_cs,E_prot_cs,sph_ps,sph_acf,sph_cs,h_ps,fa_prob_ps,hacf,gacf,hcs
5975663,5.313910533989725,5.496673489920795,5.319544772378287,0.41240540499872225,0.48728395216820175,-1.0,-1.0,0.05184985804576191,0.05184985804576191,4181.819048489815,4164.088845220883,4165.979564196188,0.10767253052428513,0.0,0.7692462522449919,1.1899881722482375,0.9132315932909334
