target_id,prot_ps,prot_acf,prot_cs,e_prot_ps,E_prot_ps,e_prot_acf,E_prot_acf,e_prot_cs,E_prot_cs,sph_ps,sph_acf,sph_cs,h_ps,fa_prob_ps,hacf,gacf,hcs
5988823,73.0494057498079,23.130957562476397,39.81093953012958,2.5462257329360227,2.739083367527371,-1.0,-1.0,4.929590210710806,4.929590210710806,1013.994963005181,995.3299712305693,1006.472861862779,0.06411495070057607,0.0,-0.24703970744177461,9.628144193608856e-05,0.3601169537078988
