target_id,prot_ps,prot_acf,prot_cs,e_prot_ps,E_prot_ps,e_prot_acf,E_prot_acf,e_prot_cs,E_prot_cs,sph_ps,sph_acf,sph_cs,h_ps,fa_prob_ps,hacf,gacf,hcs
5977594,91.3106055055446,31.222748659551144,46.56807574616746,1.3405062425856613,1.381085797284726,-1.0,-1.0,1.8257760398877678,1.8257760398877678,366.19152778949734,359.22822801662306,366.512439583539,0.11375257335729799,0.0,-0.4237099765017893,0.0003260309675552908,0.1131432763989677
