target_id,prot_ps,prot_acf,prot_cs,e_prot_ps,E_prot_ps,e_prot_acf,E_prot_acf,e_prot_cs,E_prot_cs,sph_ps,sph_acf,sph_cs,h_ps,fa_prob_ps,hacf,gacf,hcs
5949982,45.65595305559856,6.702255643904209,8.420217482892273,16.320628026348675,55.85246290544586,-1.0,-1.0,0.0436833866262881,0.0436833866262881,307.13896043245194,287.3911893511577,288.4504830837751,0.039094553250920996,0.0,0.2917528360376112,0.28555845976304095,0.7845204929035865
