target_id,prot_ps,prot_acf,prot_cs,e_prot_ps,E_prot_ps,e_prot_acf,E_prot_acf,e_prot_cs,E_prot_cs,sph_ps,sph_acf,sph_cs,h_ps,fa_prob_ps,hacf,gacf,hcs
5953057,93.53652992328469,7.110895413905382,82.04992494486274,8.664270340889402,10.610734388261747,-1.0,-1.0,16.185731207113584,16.185731207113584,285.308708278874,269.59900750093993,285.308708278874,0.1995155920649652,1.6575445606128394e-217,0.2756007891291421,0.0034147033116591063,0.6324701706185143
