target_id,prot_ps,prot_acf,prot_cs,e_prot_ps,E_prot_ps,e_prot_acf,E_prot_acf,e_prot_cs,E_prot_cs,sph_ps,sph_acf,sph_cs,h_ps,fa_prob_ps,hacf,gacf,hcs
5962514,0.7888534856762218,0.40866044349968433,95.70944203376538,0.011089210476654343,0.01140935553875011,-1.0,-1.0,0.9093377512180091,0.9093377512180091,39027.168611266155,38640.68019747443,40468.87556558184,0.2970100713626549,0.0,0.9329794121939037,0.8489198553576436,0.02325109055134227
