target_id,prot_ps,prot_acf,prot_cs,e_prot_ps,E_prot_ps,e_prot_acf,E_prot_acf,e_prot_cs,E_prot_cs,sph_ps,sph_acf,sph_cs,h_ps,fa_prob_ps,hacf,gacf,hcs
5966660,61.33145509223965,1.7981702871620655,61.68622773626896,9.003184509299295,12.692253892166896,-1.0,-1.0,2.1224977273327115,2.1224977273327115,418.1102329802023,265.30292542375,418.2016954051972,0.12076216888041925,0.0,0.8148093238248408,0.07043006471320756,0.18944020574948986
