target_id,prot_ps,prot_acf,prot_cs,e_prot_ps,E_prot_ps,e_prot_acf,E_prot_acf,e_prot_cs,E_prot_cs,sph_ps,sph_acf,sph_cs,h_ps,fa_prob_ps,hacf,gacf,hcs
5981689,91.99717413495016,4.005015274509788,92.7062954042293,3.3180468838583153,3.5732187725573112,-1.0,-1.0,5.162623567248077,5.162623567248077,286.4979178555258,248.93813639128874,286.06525012399806,0.06899154687792469,0.0,0.5211275744726508,0.3089406318176033,0.2635066994012865
