target_id,prot_ps,prot_acf,prot_cs,e_prot_ps,E_prot_ps,e_prot_acf,E_prot_acf,e_prot_cs,E_prot_cs,sph_ps,sph_acf,sph_cs,h_ps,fa_prob_ps,hacf,gacf,hcs
5943512,92.83282113471373,19.41171744838357,46.90953905009209,4.0546571025810465,4.447005239140395,-1.0,-1.0,10.192793407172267,10.192793407172267,1141.1977055571124,1067.1201659056808,1082.8730967968286,0.11612145843110588,0.0,-0.1450192933114291,0.00010841760672287981,0.5241975669413312
