target_id,prot_ps,prot_acf,prot_cs,e_prot_ps,E_prot_ps,e_prot_acf,E_prot_acf,e_prot_cs,E_prot_cs,sph_ps,sph_acf,sph_cs,h_ps,fa_prob_ps,hacf,gacf,hcs
5963681,72.93043488195961,32.42833095649257,22.786237336061614,15.157678932742975,26.126349892616716,-1.0,-1.0,0.5374563188388781,0.5374563188388781,1157.4964672829756,1124.3162916802503,1117.8530573014964,0.11980309954582447,0.0,-0.4471327126562786,0.0002836870251454737,0.13444859786928973
