target_id,prot_ps,prot_acf,prot_cs,e_prot_ps,E_prot_ps,e_prot_acf,E_prot_acf,e_prot_cs,E_prot_cs,sph_ps,sph_acf,sph_cs,h_ps,fa_prob_ps,hacf,gacf,hcs
5967092,81.77523465534216,12.321547882631421,46.97268298778684,3.2428162967151763,3.519129050641837,-1.0,-1.0,1.9906342240883563,1.9906342240883563,229.87132619005973,224.88390741517824,231.9558437730789,0.024171984638469212,0.0,-0.062024196523947264,0.0009332716045658412,1.0943085567453714
