target_id,prot_ps,prot_acf,prot_cs,e_prot_ps,E_prot_ps,e_prot_acf,E_prot_acf,e_prot_cs,E_prot_cs,sph_ps,sph_acf,sph_cs,h_ps,fa_prob_ps,hacf,gacf,hcs
5963456,15.061735353793564,15.325283166021109,15.556388436164708,1.6009186806298938,2.027647415956862,-1.0,-1.0,1.1720806586711756,1.1720806586711756,1516.241587888356,1505.3925574713821,1507.2030168711808,0.045606252026946376,0.0,0.40069463604587424,0.6721928538423333,0.9473449234378001
