target_id,prot_ps,prot_acf,prot_cs,e_prot_ps,E_prot_ps,e_prot_acf,E_prot_acf,e_prot_cs,E_prot_cs,sph_ps,sph_acf,sph_cs,h_ps,fa_prob_ps,hacf,gacf,hcs
5950533,20.871238041077426,20.617590323556215,20.796024943344428,2.4817756042627828,3.246016360540306,-1.0,-1.0,0.4002055354305328,0.4002055354305328,3293.312029279535,3303.4084783502076,3301.131203789929,0.2286411328347569,0.0,0.631636812897864,1.2074426438380574,0.95046807056905
