target_id,prot_ps,prot_acf,prot_cs,e_prot_ps,E_prot_ps,e_prot_acf,E_prot_acf,e_prot_cs,E_prot_cs,sph_ps,sph_acf,sph_cs,h_ps,fa_prob_ps,hacf,gacf,hcs
6070481,73.04940574646567,-1.0,73.57339236467406,1.991189620169564,2.104787265713526,-1.0,-1.0,2.939772364544899,2.939772364544899,879.1938397373067,-1.0,879.8304027767751,0.31280934451837683,0.0,-1.0,-1.0,0.35856600555280815
