target_id,prot_ps,prot_acf,prot_cs,e_prot_ps,E_prot_ps,e_prot_acf,E_prot_acf,e_prot_cs,E_prot_cs,sph_ps,sph_acf,sph_cs,h_ps,fa_prob_ps,hacf,gacf,hcs
6035837,16.232995526673268,16.306120611727238,16.176080630996058,1.3942107535832573,1.6798877036463118,-1.0,-1.0,0.19035265783050967,0.19035265783050967,5303.130742862366,5300.319098590284,5297.2768337661355,0.20265586631486804,0.0,0.6383645450525014,1.1911592524033991,0.9847059070887086
