target_id,prot_ps,prot_acf,prot_cs,e_prot_ps,E_prot_ps,e_prot_acf,E_prot_acf,e_prot_cs,E_prot_cs,sph_ps,sph_acf,sph_cs,h_ps,fa_prob_ps,hacf,gacf,hcs
6034386,73.04922636946213,14.119657219853252,26.39599421132871,7.1943462045131525,8.960142278760998,-1.0,-1.0,5.7436049619414975,5.7436049619414975,944.1906592781319,913.5843924576968,928.5968042542921,0.03203934561151954,0.0,-0.11236239382580378,0.0009719580365495431,0.5988759899517285
