target_id,prot_ps,prot_acf,prot_cs,e_prot_ps,E_prot_ps,e_prot_acf,E_prot_acf,e_prot_cs,E_prot_cs,sph_ps,sph_acf,sph_cs,h_ps,fa_prob_ps,hacf,gacf,hcs
6038432,16.98801446390286,17.021297461353242,17.02268842778544,1.0170511545523944,1.1538258047871999,-1.0,-1.0,0.18436833035126313,0.18436833035126313,2070.6951044064663,2064.531771244038,2064.531771244038,0.1317701941630914,0.0,0.42288034231592686,0.6998322045388625,0.8797516808942561
