target_id,prot_ps,prot_acf,prot_cs,e_prot_ps,E_prot_ps,e_prot_acf,E_prot_acf,e_prot_cs,E_prot_cs,sph_ps,sph_acf,sph_cs,h_ps,fa_prob_ps,hacf,gacf,hcs
6072702,3.8035082840314383,3.59634131193161,3.823846171941217,-1.0,-1.0,-1.0,-1.0,0.046952354617065234,0.046952354617065234,4095.062160033809,4052.013829587483,4069.346172919899,0.15670397027681854,0.0,0.6049185894516788,0.9851933571305924,0.7001523669045353
