target_id,prot_ps,prot_acf,prot_cs,e_prot_ps,E_prot_ps,e_prot_acf,E_prot_acf,e_prot_cs,E_prot_cs,sph_ps,sph_acf,sph_cs,h_ps,fa_prob_ps,hacf,gacf,hcs
6066938,73.59808069067228,57.95038837753236,63.31835982562043,9.073999929162802,12.083334278397444,-1.0,-1.0,11.344834288868272,11.344834288868272,276.1158701597148,280.92968391720336,277.09528298803536,0.06893093817876103,0.0,0.24864043625351398,0.39098316259888244,0.8146489859520566
