target_id,prot_ps,prot_acf,prot_cs,e_prot_ps,E_prot_ps,e_prot_acf,E_prot_acf,e_prot_cs,E_prot_cs,sph_ps,sph_acf,sph_cs,h_ps,fa_prob_ps,hacf,gacf,hcs
6019560,46.41600481386602,26.931217902339995,24.804495641658463,10.676428124359362,19.605311913146046,-1.0,-1.0,0.2874240157373172,0.2874240157373172,134.75840301172346,128.23718134016195,130.3785692803649,0.11198634738625844,0.0,-0.4596992309403128,0.0004704183344816648,0.11774105799989243
