target_id,prot_ps,prot_acf,prot_cs,e_prot_ps,E_prot_ps,e_prot_acf,E_prot_acf,e_prot_cs,E_prot_cs,sph_ps,sph_acf,sph_cs,h_ps,fa_prob_ps,hacf,gacf,hcs
6044382,74.87806196662835,30.221580994315445,31.246131414230746,25.60237181536182,82.76989598686662,-1.0,-1.0,5.5118901623551615,5.5118901623551615,972.8602628319418,930.8784712690507,946.586876063869,0.10394693532531123,0.0,-0.4546085305496752,0.00032124340651507044,0.06290379983642932
