target_id,prot_ps,prot_acf,prot_cs,e_prot_ps,E_prot_ps,e_prot_acf,E_prot_acf,e_prot_cs,E_prot_cs,sph_ps,sph_acf,sph_cs,h_ps,fa_prob_ps,hacf,gacf,hcs
6045893,61.856222058696034,5.414914998691529,61.824062577262005,9.528492768354504,13.710146991368944,-1.0,-1.0,2.3148266512743785,2.3148266512743785,879.7023022118974,816.3763844034287,879.71432854269,0.05701562031029397,0.0,0.4024178732359176,0.18994844827461788,0.43683340822293537
