target_id,prot_ps,prot_acf,prot_cs,e_prot_ps,E_prot_ps,e_prot_acf,E_prot_acf,e_prot_cs,E_prot_cs,sph_ps,sph_acf,sph_cs,h_ps,fa_prob_ps,hacf,gacf,hcs
6029090,91.31157846307433,21.12841227930039,60.760123578809406,2.4009397394395933,2.5328024239587563,-1.0,-1.0,8.129787544029474,8.129787544029474,730.1448959338055,717.3650920430216,722.6964917568448,0.055537949613726635,0.0,-0.21752027520699427,0.00543478425726561,0.13165343841572757
