target_id,prot_ps,prot_acf,prot_cs,e_prot_ps,E_prot_ps,e_prot_acf,E_prot_acf,e_prot_cs,E_prot_cs,sph_ps,sph_acf,sph_cs,h_ps,fa_prob_ps,hacf,gacf,hcs
6060311,56.613753158425446,5.905355231370777,5.680230672714005,15.061659948336334,32.55911201667092,-1.0,-1.0,0.1568646897876007,0.1568646897876007,568.8619127318975,530.8914062642633,533.5104945938854,0.018646738341155406,1.3547861368969532e-289,0.27981391477709966,0.31233004984565693,0.8017696115274677
