target_id,prot_ps,prot_acf,prot_cs,e_prot_ps,E_prot_ps,e_prot_acf,E_prot_acf,e_prot_cs,E_prot_cs,sph_ps,sph_acf,sph_cs,h_ps,fa_prob_ps,hacf,gacf,hcs
6021431,6.550058839859409,13.016056408639997,13.090420036873544,0.24554926631790597,0.26542571995482334,-1.0,-1.0,0.5016190268452392,0.5016190268452392,2524.5913507038417,2723.442975986969,2705.3057678748955,0.1782316816599206,0.0,0.5843803541927025,0.9012214235400317,0.35817181998409925
