target_id,prot_ps,prot_acf,prot_cs,e_prot_ps,E_prot_ps,e_prot_acf,E_prot_acf,e_prot_cs,E_prot_cs,sph_ps,sph_acf,sph_cs,h_ps,fa_prob_ps,hacf,gacf,hcs
6042542,23.564240368949275,22.824370278511196,23.3805674159216,3.394652938448697,4.749346127863586,-1.0,-1.0,0.8897466675147574,0.8897466675147574,2096.0631086425333,2082.850426492551,2052.421672156274,0.15842094531659828,0.0,0.4550375778439016,0.9270394578017854,0.8811824914552672
