target_id,prot_ps,prot_acf,prot_cs,e_prot_ps,E_prot_ps,e_prot_acf,E_prot_acf,e_prot_cs,E_prot_cs,sph_ps,sph_acf,sph_cs,h_ps,fa_prob_ps,hacf,gacf,hcs
6064061,33.453502320646365,32.83702428266406,33.48536508991459,1.5996865281799266,1.7707258616142525,-1.0,-1.0,0.5690039632993701,0.5690039632993701,883.3070213437389,891.8664059256845,883.1523826478502,0.1818627800652459,0.0,0.32860921414961264,0.6140973319134186,0.9513871627641848
