target_id,prot_ps,prot_acf,prot_cs,e_prot_ps,E_prot_ps,e_prot_acf,E_prot_acf,e_prot_cs,E_prot_cs,sph_ps,sph_acf,sph_cs,h_ps,fa_prob_ps,hacf,gacf,hcs
6038860,20.291276907165248,20.025058118626475,20.376130357193937,3.076385953695656,4.399504467594959,-1.0,-1.0,0.4745212835791257,0.4745212835791257,2039.8568261144933,2041.7990931754462,2032.988279201603,0.07391783908729473,0.0,0.19559900260272856,0.4513187653387272,0.9656015899533003
