target_id,prot_ps,prot_acf,prot_cs,e_prot_ps,E_prot_ps,e_prot_acf,E_prot_acf,e_prot_cs,E_prot_cs,sph_ps,sph_acf,sph_cs,h_ps,fa_prob_ps,hacf,gacf,hcs
6131060,73.04859348617447,4.3115174188278615,73.42409942108442,9.840831234595925,13.42062331469036,-1.0,-1.0,2.7492304353654706,2.7492304353654706,311.74142312036764,253.5929034719433,311.68662819465294,0.1281904454995064,0.0,0.603924229548535,0.20168228196641394,0.29680835151864005
