target_id,prot_ps,prot_acf,prot_cs,e_prot_ps,E_prot_ps,e_prot_acf,E_prot_acf,e_prot_cs,E_prot_cs,sph_ps,sph_acf,sph_cs,h_ps,fa_prob_ps,hacf,gacf,hcs
6130383,74.87880740853176,29.42448064684868,36.79756075226701,18.31753856904173,36.21146607418811,-1.0,-1.0,4.482480433160877,4.482480433160877,1007.0525735414876,976.2693373647938,972.4209609572623,0.17700160835803813,0.0,-0.4050695811613747,0.0013490442339340325,0.12266731704938844
