target_id,prot_ps,prot_acf,prot_cs,e_prot_ps,E_prot_ps,e_prot_acf,E_prot_acf,e_prot_cs,E_prot_cs,sph_ps,sph_acf,sph_cs,h_ps,fa_prob_ps,hacf,gacf,hcs
6129282,121.74905253466846,10.11468873359263,90.48600541071967,2.3735373475801396,2.4698348480778805,-1.0,-1.0,4.71384385224816,4.71384385224816,408.37268735936823,384.66029963777714,413.7305477030265,0.0514364067830605,0.0,0.23930738584700897,0.00028693268474619393,0.3133790195567242
