target_id,prot_ps,prot_acf,prot_cs,e_prot_ps,E_prot_ps,e_prot_acf,E_prot_acf,e_prot_cs,E_prot_cs,sph_ps,sph_acf,sph_cs,h_ps,fa_prob_ps,hacf,gacf,hcs
6191658,91.31162192464456,15.32525836955756,94.28601414891125,6.671854938899713,7.827095848251901,-1.0,-1.0,7.288825078770975,7.288825078770975,408.127706476317,407.3717785487748,410.6680075947588,0.052166334329176264,0.0,0.013357971440895584,0.0005969468784911081,9.666429437590361
