target_id,prot_ps,prot_acf,prot_cs,e_prot_ps,E_prot_ps,e_prot_acf,E_prot_acf,e_prot_cs,E_prot_cs,sph_ps,sph_acf,sph_cs,h_ps,fa_prob_ps,hacf,gacf,hcs
6148636,10.822052386604483,11.013820366933942,10.917577149998396,0.8887639715520734,1.0613476218542015,-1.0,-1.0,0.27348173766973205,0.27348173766973205,2192.267044127667,2181.7527500990795,2187.5227021783626,0.09731516293835468,0.0,0.5172344197341803,0.944938448957636,0.8446664740614904
