target_id,prot_ps,prot_acf,prot_cs,e_prot_ps,E_prot_ps,e_prot_acf,E_prot_acf,e_prot_cs,E_prot_cs,sph_ps,sph_acf,sph_cs,h_ps,fa_prob_ps,hacf,gacf,hcs
6119994,11.503846610965569,10.809434291440994,11.389138735388407,1.4666800806625275,1.9677225624353287,-1.0,-1.0,0.8247250439732235,0.8247250439732235,3896.4328708234534,3816.640793843989,3786.978352762836,0.0679136105295804,0.0,0.6095210059018279,0.9929486387620057,0.8760864880490147
