target_id,prot_ps,prot_acf,prot_cs,e_prot_ps,E_prot_ps,e_prot_acf,E_prot_acf,e_prot_cs,E_prot_cs,sph_ps,sph_acf,sph_cs,h_ps,fa_prob_ps,hacf,gacf,hcs
6142199,29.439096434895703,29.220265168696642,29.50556100832301,1.190933733632459,1.2964422508877291,-1.0,-1.0,1.6951542588169906,1.6951542588169906,321.95286568010386,322.9015962763866,321.91939113337736,0.09415533714539566,0.0,0.2159398704009557,0.6138912863130561,0.9754873215335067
