target_id,prot_ps,prot_acf,prot_cs,e_prot_ps,E_prot_ps,e_prot_acf,E_prot_acf,e_prot_cs,E_prot_cs,sph_ps,sph_acf,sph_cs,h_ps,fa_prob_ps,hacf,gacf,hcs
6183900,4.45082853332477,4.209468379616737,4.457949619889258,1.2103079130021146,2.6326182051808527,-1.0,-1.0,0.37776577806075884,0.37776577806075884,499.30194411760533,469.58089833254644,499.54442417542066,0.2153119572708691,2.108313373149931e-111,0.29770236807982703,0.45604179013335333,0.8735888511667335
