target_id,prot_ps,prot_acf,prot_cs,e_prot_ps,E_prot_ps,e_prot_acf,E_prot_acf,e_prot_cs,E_prot_cs,sph_ps,sph_acf,sph_cs,h_ps,fa_prob_ps,hacf,gacf,hcs
6199422,61.33142600002965,19.228153495118022,28.31954600213638,0.6591662106395404,0.6736176500420754,-1.0,-1.0,0.384000892310861,0.384000892310861,200.44532293971344,198.59448124216019,200.81949700714935,0.03882970197035224,0.0,-0.30499348540099813,0.0006268405741486627,0.36123753899266076
