target_id,prot_ps,prot_acf,prot_cs,e_prot_ps,E_prot_ps,e_prot_acf,E_prot_acf,e_prot_cs,E_prot_cs,sph_ps,sph_acf,sph_cs,h_ps,fa_prob_ps,hacf,gacf,hcs
6143935,73.0494397962235,25.41954387538135,26.572134500247156,9.382590085221324,12.669795337111239,-1.0,-1.0,0.3638795080487676,0.3638795080487676,639.7197583538436,630.0885109001891,635.8421793374314,0.0737665669686118,0.0,-0.2632383210126368,0.0008823602097979277,0.1832659737656302
