target_id,prot_ps,prot_acf,prot_cs,e_prot_ps,E_prot_ps,e_prot_acf,E_prot_acf,e_prot_cs,E_prot_cs,sph_ps,sph_acf,sph_cs,h_ps,fa_prob_ps,hacf,gacf,hcs
6146617,52.56987157589291,6.8044469696469605,7.524767486533878,8.526925434354794,12.63569090143185,-1.0,-1.0,0.10079572513295106,0.10079572513295106,576.8846854971629,543.8433590381138,546.784466298487,0.03335726793499829,0.0,0.31937245208784554,0.38046303807701265,0.6316860833120467
