target_id,prot_ps,prot_acf,prot_cs,e_prot_ps,E_prot_ps,e_prot_acf,E_prot_acf,e_prot_cs,E_prot_cs,sph_ps,sph_acf,sph_cs,h_ps,fa_prob_ps,hacf,gacf,hcs
6101339,75.42667125852452,28.320675378665328,45.879494113437836,18.75920774492711,36.959703685767465,-1.0,-1.0,8.245366763363846,8.245366763363846,996.6984541258481,981.3759514489078,992.1095646851703,0.06869328539832043,0.0,-0.26564845643829266,0.0009249941710784138,0.21675492823206088
