target_id,prot_ps,prot_acf,prot_cs,e_prot_ps,E_prot_ps,e_prot_acf,E_prot_acf,e_prot_cs,E_prot_cs,sph_ps,sph_acf,sph_cs,h_ps,fa_prob_ps,hacf,gacf,hcs
6124382,6.408541036980696,6.416166064329445,6.411706099604267,0.2684938195065545,0.292781372183474,-1.0,-1.0,0.08606952528592694,0.08606952528592694,2528.40904997002,2527.3213361953804,2528.40904997002,0.1451678939298449,0.0,0.7796368279901857,1.173187959282596,0.8161758829681826
