target_id,prot_ps,prot_acf,prot_cs,e_prot_ps,E_prot_ps,e_prot_acf,E_prot_acf,e_prot_cs,E_prot_cs,sph_ps,sph_acf,sph_cs,h_ps,fa_prob_ps,hacf,gacf,hcs
6147228,73.04957817499972,30.52797937206924,31.767662962086746,12.74672335948636,19.47546549201148,-1.0,-1.0,0.44720337528965237,0.44720337528965237,405.1125489214378,394.87902713102056,404.21521681889817,0.14463343743873813,0.0,-0.4035674288683913,0.03284883956007026,0.2825333945577147
