target_id,prot_ps,prot_acf,prot_cs,e_prot_ps,E_prot_ps,e_prot_acf,E_prot_acf,e_prot_cs,E_prot_cs,sph_ps,sph_acf,sph_cs,h_ps,fa_prob_ps,hacf,gacf,hcs
6105180,7.494240434554311,14.609859234187752,14.469908899330987,1.5891619936038062,2.7799233807071397,-1.0,-1.0,1.0275626249481333,1.0275626249481333,513.6870374061293,560.2683214838108,557.1319161935093,0.02937225759249289,0.0,0.24575006344483966,0.3475987964557502,0.6205414272875461
