target_id,prot_ps,prot_acf,prot_cs,e_prot_ps,E_prot_ps,e_prot_acf,E_prot_acf,e_prot_cs,E_prot_cs,sph_ps,sph_acf,sph_cs,h_ps,fa_prob_ps,hacf,gacf,hcs
6110417,73.04928268992172,29.322320998180658,37.39949060706234,1.8014314350041474,1.895872820823243,-1.0,-1.0,9.666702176990857,9.666702176990857,264.2732700885015,258.03728079480356,256.34583776967656,0.09341122929046668,0.0,-0.3710433296663074,0.0003905609689301426,0.07399088232015066
