target_id,prot_ps,prot_acf,prot_cs,e_prot_ps,E_prot_ps,e_prot_acf,E_prot_acf,e_prot_cs,E_prot_cs,sph_ps,sph_acf,sph_cs,h_ps,fa_prob_ps,hacf,gacf,hcs
6290523,73.04957398482264,33.4295654874295,26.788197898967187,23.127738658965022,64.16150877488386,-1.0,-1.0,4.930272242787047,4.930272242787047,419.4906002097108,401.8163795413174,405.06733364367375,0.18992518490168103,0.0,-0.5444889579348099,0.0004374930214344208,0.03532105263764439
