target_id,prot_ps,prot_acf,prot_cs,e_prot_ps,E_prot_ps,e_prot_acf,E_prot_acf,e_prot_cs,E_prot_cs,sph_ps,sph_acf,sph_cs,h_ps,fa_prob_ps,hacf,gacf,hcs
6267785,51.38922269917618,30.731822833418846,45.98065090914723,1.0369404748311624,1.080093197171415,-1.0,-1.0,4.893413527728375,4.893413527728375,501.9722680630805,462.79182023087077,466.28444304440023,0.05182226701392414,0.0,-0.08479053724467048,2.192365871207108e-05,0.9153807505372729
