target_id,prot_ps,prot_acf,prot_cs,e_prot_ps,E_prot_ps,e_prot_acf,E_prot_acf,e_prot_cs,E_prot_cs,sph_ps,sph_acf,sph_cs,h_ps,fa_prob_ps,hacf,gacf,hcs
6222304,28.64686129917624,27.319853402208537,28.341333934427244,3.516329340399757,4.675658119692628,-1.0,-1.0,1.8744416652617217,1.8744416652617217,1169.5747245983516,1153.2389640471627,1170.630434578439,0.10109276036930227,0.0,0.19095575765519782,0.5237939273831076,0.8684636065858258
