target_id,prot_ps,prot_acf,prot_cs,e_prot_ps,E_prot_ps,e_prot_acf,E_prot_acf,e_prot_cs,E_prot_cs,sph_ps,sph_acf,sph_cs,h_ps,fa_prob_ps,hacf,gacf,hcs
6229558,97.74560044354043,1.5937510672956705,67.01501839250778,9.05392446665762,11.087898979735314,-1.0,-1.0,4.42774437375843,4.42774437375843,462.0331916363633,279.6564000328296,462.0331916363633,0.46828400302358336,0.0,0.8757065932454757,0.650820797089974,0.030470656469444555
