target_id,prot_ps,prot_acf,prot_cs,e_prot_ps,E_prot_ps,e_prot_acf,E_prot_acf,e_prot_cs,E_prot_cs,sph_ps,sph_acf,sph_cs,h_ps,fa_prob_ps,hacf,gacf,hcs
6268136,52.88551622419759,28.831455536652356,31.34863980848806,11.089027858797401,18.96098780851753,-1.0,-1.0,8.124371262098638,8.124371262098638,664.8626308543005,642.3440359143414,647.3978252867003,0.0642365115976219,0.0,-0.37331001522148455,0.00024915173758638387,0.09068540495622526
