target_id,prot_ps,prot_acf,prot_cs,e_prot_ps,E_prot_ps,e_prot_acf,E_prot_acf,e_prot_cs,E_prot_cs,sph_ps,sph_acf,sph_cs,h_ps,fa_prob_ps,hacf,gacf,hcs
6271467,20.291511420769186,20.025008376687765,20.27985455839147,2.215903948134585,2.827211971411728,-1.0,-1.0,0.20134072930975455,0.20134072930975455,3916.6636215901794,3902.0891293634763,3919.5845632994324,0.3687643391971322,0.0,0.5589022242607526,1.078753332051853,0.9253202237363953
