target_id,prot_ps,prot_acf,prot_cs,e_prot_ps,E_prot_ps,e_prot_acf,E_prot_acf,e_prot_cs,E_prot_cs,sph_ps,sph_acf,sph_cs,h_ps,fa_prob_ps,hacf,gacf,hcs
6219926,16.054821239202806,16.40827395627275,16.180233685597774,1.3512038423513069,1.6213937195572399,-1.0,-1.0,1.6013016450017292,1.6013016450017292,2012.477476480773,1997.8675230845859,1993.6390546498,0.03717264519496471,0.0,0.36616306025924794,0.6064923482125304,0.8549987097104734
