target_id,prot_ps,prot_acf,prot_cs,e_prot_ps,E_prot_ps,e_prot_acf,E_prot_acf,e_prot_cs,E_prot_cs,sph_ps,sph_acf,sph_cs,h_ps,fa_prob_ps,hacf,gacf,hcs
6204977,73.04933459845552,30.630097719840705,28.618891530980743,24.404552726493655,75.05582575420522,-1.0,-1.0,4.660843469723209,4.660843469723209,753.8661075984772,721.4749193278341,737.4221125370259,0.0855513973071214,0.0,-0.44069573570721027,0.00028144911350991286,0.11388541614407525
