target_id,prot_ps,prot_acf,prot_cs,e_prot_ps,E_prot_ps,e_prot_acf,E_prot_acf,e_prot_cs,E_prot_cs,sph_ps,sph_acf,sph_cs,h_ps,fa_prob_ps,hacf,gacf,hcs
6203753,19.479594074457687,19.125975620001554,19.50786833184277,2.880136354687817,4.072308644007812,-1.0,-1.0,0.321571609566777,0.321571609566777,1483.3966765658681,1491.3048833137466,1482.7653476108692,0.05855835893651175,0.0,0.196034605293452,0.45297648895737325,0.8859536299257184
