target_id,prot_ps,prot_acf,prot_cs,e_prot_ps,E_prot_ps,e_prot_acf,E_prot_acf,e_prot_cs,E_prot_cs,sph_ps,sph_acf,sph_cs,h_ps,fa_prob_ps,hacf,gacf,hcs
6207387,73.04938171514898,33.041293940506876,45.774670187946114,25.87207842618635,90.91586659176353,-1.0,-1.0,2.337975436126961,2.337975436126961,637.7154935669091,625.163607043612,636.7549684345237,0.16712814778368637,0.0,-0.5278067477371672,0.00012687340056616314,0.05710810196406171
