target_id,prot_ps,prot_acf,prot_cs,e_prot_ps,E_prot_ps,e_prot_acf,E_prot_acf,e_prot_cs,E_prot_cs,sph_ps,sph_acf,sph_cs,h_ps,fa_prob_ps,hacf,gacf,hcs
6357770,42.97014679951588,39.232635498046875,39.74441332790454,9.94885558493732,18.689949516667802,-1.0,-1.0,4.297720891812475,4.297720891812475,1109.481800071673,1092.1251745536001,1119.1826760192507,0.08421361420150027,0.0,0.35091906306162496,0.6313199955886831,0.9111917642313605
