target_id,prot_ps,prot_acf,prot_cs,e_prot_ps,E_prot_ps,e_prot_acf,E_prot_acf,e_prot_cs,E_prot_cs,sph_ps,sph_acf,sph_cs,h_ps,fa_prob_ps,hacf,gacf,hcs
6367779,73.04848221450894,2.6973286997526884,75.22788440685252,1.6801194547084748,1.7619813194289975,-1.0,-1.0,24.17775799664686,24.17775799664686,470.4530438820957,305.9014134668191,468.234250300183,0.0289561684535317,0.0,0.4770723592989973,0.22254018705379186,0.030502882605286972
