target_id,prot_ps,prot_acf,prot_cs,e_prot_ps,E_prot_ps,e_prot_acf,E_prot_acf,e_prot_cs,E_prot_cs,sph_ps,sph_acf,sph_cs,h_ps,fa_prob_ps,hacf,gacf,hcs
6358426,50.37888035336373,2.595079804304987,4.6435581537662065,2.847225699673608,3.205982108829062,-1.0,-1.0,0.5774418807435197,0.5774418807435197,349.8642435464933,308.86441658627155,326.08662315666055,0.014940862608411033,5.992364564072805e-229,0.2116349734792765,0.007818591605777178,0.35435578125699263
