target_id,prot_ps,prot_acf,prot_cs,e_prot_ps,E_prot_ps,e_prot_acf,E_prot_acf,e_prot_cs,E_prot_cs,sph_ps,sph_acf,sph_cs,h_ps,fa_prob_ps,hacf,gacf,hcs
6304015,73.04957818273921,4.904093071818352,73.22260425824314,8.630191983192454,11.335320625345062,-1.0,-1.0,2.616773333639511,2.616773333639511,418.9979396766021,333.6811678787708,418.87380243343546,0.138633871392081,0.0,0.5102797242966742,0.42324479378556495,0.45546516023808487
