target_id,prot_ps,prot_acf,prot_cs,e_prot_ps,E_prot_ps,e_prot_acf,E_prot_acf,e_prot_cs,E_prot_cs,sph_ps,sph_acf,sph_cs,h_ps,fa_prob_ps,hacf,gacf,hcs
6359566,72.93532281783376,9.603864252567291,72.23924522012473,8.903787869063208,11.779122822524755,-1.0,-1.0,11.72903501616821,11.72903501616821,803.1447139848779,750.2307456120895,782.5394516380568,0.02879669405640725,0.0,0.06949217921719933,0.000316686932434522,0.9164769524381453
