target_id,prot_ps,prot_acf,prot_cs,e_prot_ps,E_prot_ps,e_prot_acf,E_prot_acf,e_prot_cs,E_prot_cs,sph_ps,sph_acf,sph_cs,h_ps,fa_prob_ps,hacf,gacf,hcs
6373909,74.87865270147431,35.227630868554115,52.49588377850662,16.423791969714046,29.489567164862905,-1.0,-1.0,1.847858102698113,1.847858102698113,826.321393839488,811.2900026820746,795.0886779198435,0.1448955717938451,0.0,-0.5069682777513524,0.0014324250564090035,0.06123910215292508
