target_id,prot_ps,prot_acf,prot_cs,e_prot_ps,E_prot_ps,e_prot_acf,E_prot_acf,e_prot_cs,E_prot_cs,sph_ps,sph_acf,sph_cs,h_ps,fa_prob_ps,hacf,gacf,hcs
6357692,76.89427034103106,20.1272084354423,33.60099520726596,3.233802235544644,3.5340226157196355,-1.0,-1.0,6.808805029629457,6.808805029629457,457.4270348170151,453.5329575652,454.9608750277182,0.03859868057230648,0.0,-0.1858307774341423,0.0006918923274289168,0.340187497562749
