target_id,prot_ps,prot_acf,prot_cs,e_prot_ps,E_prot_ps,e_prot_acf,E_prot_acf,e_prot_cs,E_prot_cs,sph_ps,sph_acf,sph_cs,h_ps,fa_prob_ps,hacf,gacf,hcs
6311552,33.20384578627539,32.632666778285056,33.01615393905636,7.107226539543415,12.334986522601426,-1.0,-1.0,0.8234002978257666,0.8234002978257666,914.5689852033915,917.2025641734308,915.0104175530947,0.04746118768160896,0.0,0.07867920078079933,0.23690979998823128,0.9470944552219704
