target_id,prot_ps,prot_acf,prot_cs,e_prot_ps,E_prot_ps,e_prot_acf,E_prot_acf,e_prot_cs,E_prot_cs,sph_ps,sph_acf,sph_cs,h_ps,fa_prob_ps,hacf,gacf,hcs
6383801,73.04937291714302,33.53169893519953,45.582443385311414,8.889926827109896,11.787680098521463,-1.0,-1.0,1.097436599816512,1.097436599816512,548.9637253315137,540.6713120674854,540.234637879607,0.16481048957963892,0.0,-0.5581172428339991,0.0005588207041301585,0.09332671728519605
