target_id,prot_ps,prot_acf,prot_cs,e_prot_ps,E_prot_ps,e_prot_acf,E_prot_acf,e_prot_cs,E_prot_cs,sph_ps,sph_acf,sph_cs,h_ps,fa_prob_ps,hacf,gacf,hcs
6310904,73.04955686260496,52.86201849998906,73.8016714099422,10.534962933038997,14.821698837170914,-1.0,-1.0,3.3030998791420005,3.3030998791420005,445.372208312826,437.40136629389394,445.9179482711487,0.12024808931374502,0.0,0.05390159844819164,0.2269972155320425,2.6194732868958317
