target_id,prot_ps,prot_acf,prot_cs,e_prot_ps,E_prot_ps,e_prot_acf,E_prot_acf,e_prot_cs,E_prot_cs,sph_ps,sph_acf,sph_cs,h_ps,fa_prob_ps,hacf,gacf,hcs
6357076,73.04880001529557,4.107198819983751,92.13848434896677,5.409792367902838,6.361435218218631,-1.0,-1.0,4.159200579094543,4.159200579094543,440.6269669353198,397.91294568885866,443.67543689431653,0.03123120238899934,0.0,0.4590606894392761,0.06380760180146139,0.0324317524867251
