target_id,prot_ps,prot_acf,prot_cs,e_prot_ps,E_prot_ps,e_prot_acf,E_prot_acf,e_prot_cs,E_prot_cs,sph_ps,sph_acf,sph_cs,h_ps,fa_prob_ps,hacf,gacf,hcs
6387814,73.04871673907178,-1.0,73.80185809604822,7.525589542949078,9.454051581670456,-1.0,-1.0,8.93528011119685,8.93528011119685,3184.0841521643943,-1.0,3187.4831853312407,0.14894981593140405,0.0,-1.0,-1.0,0.29761155091699826
