target_id,prot_ps,prot_acf,prot_cs,e_prot_ps,E_prot_ps,e_prot_acf,E_prot_acf,e_prot_cs,E_prot_cs,sph_ps,sph_acf,sph_cs,h_ps,fa_prob_ps,hacf,gacf,hcs
6352940,12.580273027909644,12.607612546999007,12.585951483801317,0.49329705618980135,0.5348203266670826,-1.0,-1.0,0.0874096111676339,0.0874096111676339,5982.486933116219,5977.344027718108,5982.059440852224,0.321465536648365,0.0,0.6546581209417429,1.0343369034373837,0.7727142762649353
