target_id,prot_ps,prot_acf,prot_cs,e_prot_ps,E_prot_ps,e_prot_acf,E_prot_acf,e_prot_cs,E_prot_cs,sph_ps,sph_acf,sph_cs,h_ps,fa_prob_ps,hacf,gacf,hcs
6353125,26.089049622516356,25.72601445345208,26.264907304498237,4.681899346511436,7.262447893302138,-1.0,-1.0,0.7298676740452864,0.7298676740452864,520.3773173850067,523.5578791485885,517.9634092590795,0.048736903409264044,0.0,0.18941289780771714,0.4413563596609895,0.9704377533025523
