target_id,prot_ps,prot_acf,prot_cs,e_prot_ps,E_prot_ps,e_prot_acf,E_prot_acf,e_prot_cs,E_prot_cs,sph_ps,sph_acf,sph_cs,h_ps,fa_prob_ps,hacf,gacf,hcs
6465365,91.99724338290318,7.499192403629422,61.488986358471585,3.5267617031076526,3.8227899157806604,-1.0,-1.0,3.1668648332244334,3.1668648332244334,295.08427821236916,270.11661345640965,289.4727908393426,0.04870148720532213,0.0,0.332465982861844,0.00025469725946702937,0.28328647016774106
