target_id,prot_ps,prot_acf,prot_cs,e_prot_ps,E_prot_ps,e_prot_acf,E_prot_acf,e_prot_cs,E_prot_cs,sph_ps,sph_acf,sph_cs,h_ps,fa_prob_ps,hacf,gacf,hcs
6464993,63.99805003611561,8.602611692156643,62.93372381129768,1.6737547923111364,1.7662999162978963,-1.0,-1.0,8.275284238502508,8.275284238502508,234.365896209224,227.77563028175894,235.21162090040306,0.07723819790812195,0.0,0.06562033696464327,0.0001187151083234042,0.8169424591573858
