target_id,prot_ps,prot_acf,prot_cs,e_prot_ps,E_prot_ps,e_prot_acf,E_prot_acf,e_prot_cs,E_prot_cs,sph_ps,sph_acf,sph_cs,h_ps,fa_prob_ps,hacf,gacf,hcs
6468930,5.391040954121238,5.598852732218802,5.947452832991258,0.5968393989520839,0.7643994131660055,-1.0,-1.0,0.5704081331865255,0.5704081331865255,855.1433665874533,858.3345025098871,857.4384154306927,0.045866557310843374,0.0,0.5479047607936343,0.5974293619432676,0.24168619259763457
