target_id,prot_ps,prot_acf,prot_cs,e_prot_ps,E_prot_ps,e_prot_acf,E_prot_acf,e_prot_cs,E_prot_cs,sph_ps,sph_acf,sph_cs,h_ps,fa_prob_ps,hacf,gacf,hcs
6468494,73.04944565452266,24.234390501864254,37.80891857791691,2.303205112846044,2.4565640061554177,-1.0,-1.0,8.560081762584344,8.560081762584344,608.7212582275581,604.1868850552613,606.08740328216,0.06304993801629531,0.0,-0.18345586108788178,0.0029465950249469713,0.420018873777772
