target_id,prot_ps,prot_acf,prot_cs,e_prot_ps,E_prot_ps,e_prot_acf,E_prot_acf,e_prot_cs,E_prot_cs,sph_ps,sph_acf,sph_cs,h_ps,fa_prob_ps,hacf,gacf,hcs
6451025,73.04949627918013,1.205588145647198,73.02799108014443,1.9399239175560155,2.0498874969377,-1.0,-1.0,3.601799041842867,3.601799041842867,527.8688728436451,409.84157889278885,527.8727940342674,0.07107868869336494,0.0,0.7013090069149104,0.027919823193998494,0.10699497539228522
