target_id,prot_ps,prot_acf,prot_cs,e_prot_ps,E_prot_ps,e_prot_acf,E_prot_acf,e_prot_cs,E_prot_cs,sph_ps,sph_acf,sph_cs,h_ps,fa_prob_ps,hacf,gacf,hcs
6431832,27.565871777142068,16.71477893460542,69.51893188821083,0.7439568977988955,0.7868533328513401,-1.0,-1.0,3.6787113863508654,3.6787113863508654,378.65293025267965,375.5100567145479,395.36614136370434,0.13545684647064804,0.0,-0.22122040784457084,0.0014317066592364897,0.13621139761411347
