target_id,prot_ps,prot_acf,prot_cs,e_prot_ps,E_prot_ps,e_prot_acf,E_prot_acf,e_prot_cs,E_prot_cs,sph_ps,sph_acf,sph_cs,h_ps,fa_prob_ps,hacf,gacf,hcs
6441286,73.0494183586248,33.12304610433057,47.05348869132285,21.666122096202578,52.493252027797624,-1.0,-1.0,1.21139996178228,1.21139996178228,693.9155003110644,682.5100438058096,693.2072450078127,0.09618678068673372,0.0,-0.42587731015534924,0.0006244948952474627,0.22759508242261978
