target_id,prot_ps,prot_acf,prot_cs,e_prot_ps,E_prot_ps,e_prot_acf,E_prot_acf,e_prot_cs,E_prot_cs,sph_ps,sph_acf,sph_cs,h_ps,fa_prob_ps,hacf,gacf,hcs
6595404,91.31161408001282,57.94990503229201,92.21064084665848,1.4089161338198721,1.4535523541940876,-1.0,-1.0,4.988950477160139,4.988950477160139,637.0830728567036,622.8778186101798,635.332345219781,0.07370469861162796,0.0,0.007198709855359348,0.004729811925494891,19.36244395289377
