target_id,prot_ps,prot_acf,prot_cs,e_prot_ps,E_prot_ps,e_prot_acf,E_prot_acf,e_prot_cs,E_prot_cs,sph_ps,sph_acf,sph_cs,h_ps,fa_prob_ps,hacf,gacf,hcs
6587113,46.12595848207191,2.002482264302671,45.49537537033205,4.931246503141644,6.289491894238594,-1.0,-1.0,4.239994990617024,4.239994990617024,186.56990171016088,103.75967172363872,185.3685552939523,0.04473091700094773,4.880872420217007e-220,0.6056253449315374,0.007602379564937423,0.15096484398974508
