target_id,prot_ps,prot_acf,prot_cs,e_prot_ps,E_prot_ps,e_prot_acf,E_prot_acf,e_prot_cs,E_prot_cs,sph_ps,sph_acf,sph_cs,h_ps,fa_prob_ps,hacf,gacf,hcs
6516874,0.45822575372916413,0.1021688524633646,49.68026149082029,0.0045442713137418544,0.004636150568283315,-1.0,-1.0,0.14705207421850028,0.14705207421850028,31847.39977289929,29890.898051951444,32621.655281899468,0.29079390091273716,0.0,1.0614794998155899,0.9301823084756157,0.0010048062660874312
