target_id,prot_ps,prot_acf,prot_cs,e_prot_ps,E_prot_ps,e_prot_acf,E_prot_acf,e_prot_cs,E_prot_cs,sph_ps,sph_acf,sph_cs,h_ps,fa_prob_ps,hacf,gacf,hcs
6503533,21.31208033536985,21.311989878769964,21.313577849641486,1.2110083767534832,1.3652815786965,-1.0,-1.0,0.6955033506351151,0.6955033506351151,1805.491040345547,1805.491040345547,1805.491040345547,0.17116103041378922,0.0,0.5793729945387532,1.0437516981227553,0.9997464465718551
