target_id,prot_ps,prot_acf,prot_cs,e_prot_ps,E_prot_ps,e_prot_acf,E_prot_acf,e_prot_cs,E_prot_cs,sph_ps,sph_acf,sph_cs,h_ps,fa_prob_ps,hacf,gacf,hcs
6585265,15.307409675286687,15.222885992843658,15.478303543059154,1.786428709915418,2.3232747386514685,-1.0,-1.0,1.400441273371259,1.400441273371259,1208.524480104163,1207.962655512374,1211.1140230128021,0.04313558312568954,0.0,0.3569202062322979,0.5666008192227784,0.9007976509149623
