target_id,prot_ps,prot_acf,prot_cs,e_prot_ps,E_prot_ps,e_prot_acf,E_prot_acf,e_prot_cs,E_prot_cs,sph_ps,sph_acf,sph_cs,h_ps,fa_prob_ps,hacf,gacf,hcs
6503870,62.08318719597552,24.31571808643639,75.10655005013001,21.233164328734006,68.68534310325683,-1.0,-1.0,2.783932082432304,2.783932082432304,343.0801206414414,340.5735052717022,346.903805921046,0.054001424460792355,0.0,-0.3461738276301071,0.0015668593146546117,0.1914723797455121
