target_id,prot_ps,prot_acf,prot_cs,e_prot_ps,E_prot_ps,e_prot_acf,E_prot_acf,e_prot_cs,E_prot_cs,sph_ps,sph_acf,sph_cs,h_ps,fa_prob_ps,hacf,gacf,hcs
6530559,98.60698528179209,35.144915878772736,52.43294519662858,8.7752011730298,10.698375080018309,-1.0,-1.0,8.484321369685567,8.484321369685567,626.9272593557456,651.5738129966174,626.9272593557456,0.37388814701136264,0.0,-0.4820495411081031,0.0008597616114883189,0.08859529480471687
