target_id,prot_ps,prot_acf,prot_cs,e_prot_ps,E_prot_ps,e_prot_acf,E_prot_acf,e_prot_cs,E_prot_cs,sph_ps,sph_acf,sph_cs,h_ps,fa_prob_ps,hacf,gacf,hcs
6584502,75.42663722434023,34.63463322725147,45.87954848248512,26.49035741774906,91.16937728090055,-1.0,-1.0,3.5766347490766845,3.5766347490766845,1154.2095928319502,1097.34612053874,1117.8769688023017,0.17625153983901343,0.0,-0.4455721944144397,0.00034953285369396236,0.06761229158028607
