target_id,prot_ps,prot_acf,prot_cs,e_prot_ps,E_prot_ps,e_prot_acf,E_prot_acf,e_prot_cs,E_prot_cs,sph_ps,sph_acf,sph_cs,h_ps,fa_prob_ps,hacf,gacf,hcs
6548903,73.04885101569465,34.12445115856826,92.31440522910047,14.780596313724857,24.997787011436643,-1.0,-1.0,4.024466658105029,4.024466658105029,877.8475843167064,834.4247680023111,886.8340498026924,0.11869281114653847,0.0,-0.5748091580117631,0.0003696373419406207,0.14292246488450716
