target_id,prot_ps,prot_acf,prot_cs,e_prot_ps,E_prot_ps,e_prot_acf,E_prot_acf,e_prot_cs,E_prot_cs,sph_ps,sph_acf,sph_cs,h_ps,fa_prob_ps,hacf,gacf,hcs
6520259,2.7058052355036364,2.697256598621607,2.698047730075183,0.15341263747483636,0.1732554318757522,-1.0,-1.0,0.0699440686871882,0.0699440686871882,3074.31103321802,3062.5917145004864,3062.5917145004864,0.0545186584765187,0.0,0.8669246577634405,1.338062965296197,0.5786911444216412
