target_id,prot_ps,prot_acf,prot_cs,e_prot_ps,E_prot_ps,e_prot_acf,E_prot_acf,e_prot_cs,E_prot_cs,sph_ps,sph_acf,sph_cs,h_ps,fa_prob_ps,hacf,gacf,hcs
6620551,61.995178766092025,23.23319546179846,95.95868513696077,7.651951217328545,10.126822860463705,-1.0,-1.0,5.132457550225814,5.132457550225814,563.8933254733533,557.0070819509918,557.2045168006292,0.06678659915124224,0.0,-0.20048505606464537,0.002492019160862474,0.20604608299434887
