target_id,prot_ps,prot_acf,prot_cs,e_prot_ps,E_prot_ps,e_prot_acf,E_prot_acf,e_prot_cs,E_prot_cs,sph_ps,sph_acf,sph_cs,h_ps,fa_prob_ps,hacf,gacf,hcs
6678067,17.81690723680059,18.512917173095047,17.996353656388816,2.776550935454562,4.015601888839068,-1.0,-1.0,1.903733171419436,1.903733171419436,2980.202027830508,2930.243064090977,2963.4598432811417,0.050483937681488025,0.0,0.3856838609113086,0.6867293330425656,0.9454353284399046
