target_id,prot_ps,prot_acf,prot_cs,e_prot_ps,E_prot_ps,e_prot_acf,E_prot_acf,e_prot_cs,E_prot_cs,sph_ps,sph_acf,sph_cs,h_ps,fa_prob_ps,hacf,gacf,hcs
6664519,97.76686620166967,11.708020313177258,68.14394747792741,9.056625409388374,11.091291628567816,-1.0,-1.0,5.57641212046667,5.57641212046667,695.3682054795779,681.0405678974748,695.3682054795779,0.27455566393994546,0.0,0.006464910007833412,0.00048442304250578784,12.213810364283136
