target_id,prot_ps,prot_acf,prot_cs,e_prot_ps,E_prot_ps,e_prot_acf,E_prot_acf,e_prot_cs,E_prot_cs,sph_ps,sph_acf,sph_cs,h_ps,fa_prob_ps,hacf,gacf,hcs
6613055,72.93543685061556,3.9028461617417634,62.67787032011428,23.681251664325018,68.8147418916326,-1.0,-1.0,10.531091303009793,10.531091303009793,679.719563678509,599.0157302790251,674.5832919483975,0.047122199617231166,0.0,0.5703684604894187,0.439683152757114,0.2126785401497522
