target_id,prot_ps,prot_acf,prot_cs,e_prot_ps,E_prot_ps,e_prot_acf,E_prot_acf,e_prot_cs,E_prot_cs,sph_ps,sph_acf,sph_cs,h_ps,fa_prob_ps,hacf,gacf,hcs
6614926,56.19116474435462,1.4099258906207979,60.061003906680426,11.503469081269436,19.34481357872764,-1.0,-1.0,5.227841833839664,5.227841833839664,3969.3293895595752,2489.864534098937,4003.6216867172793,0.05594314717661122,0.0,0.6778212637154656,0.03192019077677927,0.18469734998689924
