target_id,prot_ps,prot_acf,prot_cs,e_prot_ps,E_prot_ps,e_prot_acf,E_prot_acf,e_prot_cs,E_prot_cs,sph_ps,sph_acf,sph_cs,h_ps,fa_prob_ps,hacf,gacf,hcs
6695363,37.43933192409566,36.12671769782901,37.06012746278197,3.2194946509393247,3.8962992321423684,-1.0,-1.0,1.2145452527887715,1.2145452527887715,2176.396698317884,2151.2139315209497,2168.673730160026,0.11923800097659319,0.0,0.369244412341535,0.6256003165906485,0.9397763023116402
