target_id,prot_ps,prot_acf,prot_cs,e_prot_ps,E_prot_ps,e_prot_acf,E_prot_acf,e_prot_cs,E_prot_cs,sph_ps,sph_acf,sph_cs,h_ps,fa_prob_ps,hacf,gacf,hcs
6600109,40.582879448408995,41.643769927322865,40.94575659036636,5.033726722648993,6.672408346414215,-1.0,-1.0,3.7105230525120856,3.7105230525120856,2092.275558447162,2073.5048889539385,2081.528768254414,0.1299725912140568,0.0,0.4720498092331537,0.9023440896467774,0.9684540153738614
