target_id,prot_ps,prot_acf,prot_cs,e_prot_ps,E_prot_ps,e_prot_acf,E_prot_acf,e_prot_cs,E_prot_cs,sph_ps,sph_acf,sph_cs,h_ps,fa_prob_ps,hacf,gacf,hcs
6677904,46.768150126254014,16.510342828929424,42.5218975496851,4.152761654442521,5.060403691300202,-1.0,-1.0,7.073954482013289,7.073954482013289,368.0933040505154,381.26536940059077,368.0933040505154,0.22981201047213418,8.544690998641147e-256,-0.2777914493935884,0.0020055858347577116,0.3788458428858561
