target_id,prot_ps,prot_acf,prot_cs,e_prot_ps,E_prot_ps,e_prot_acf,E_prot_acf,e_prot_cs,E_prot_cs,sph_ps,sph_acf,sph_cs,h_ps,fa_prob_ps,hacf,gacf,hcs
6696542,72.93546555116987,29.83328588306904,45.71710489887118,2.460818313198402,2.63943739261137,-1.0,-1.0,1.1345353864473584,1.1345353864473584,903.8257027491309,880.7337702020538,872.5672594884205,0.14411316976272906,0.0,-0.4820909842630822,0.0009438862628815547,0.09027006343911147
