target_id,prot_ps,prot_acf,prot_cs,e_prot_ps,E_prot_ps,e_prot_acf,E_prot_acf,e_prot_cs,E_prot_cs,sph_ps,sph_acf,sph_cs,h_ps,fa_prob_ps,hacf,gacf,hcs
6611625,73.04925904550596,32.8369023068808,28.614770807619855,9.251872117978273,12.432606108974412,-1.0,-1.0,0.4108063996429988,0.4108063996429988,762.4135666300878,746.4842637685246,747.6654823684662,0.16895248358271836,0.0,-0.5133245705664065,0.0006675949649624369,0.09275782311874879
