target_id,prot_ps,prot_acf,prot_cs,e_prot_ps,E_prot_ps,e_prot_acf,E_prot_acf,e_prot_cs,E_prot_cs,sph_ps,sph_acf,sph_cs,h_ps,fa_prob_ps,hacf,gacf,hcs
6611419,25.830389747893697,25.72607777034864,25.857384502528085,2.8154649064324566,3.5903132099087003,-1.0,-1.0,0.4530646710217361,0.4530646710217361,31392.451696410717,31269.107211722137,31414.484187334794,0.4354098829277532,0.0,0.7685263759976412,1.541300106864345,0.9959148440317873
