target_id,prot_ps,prot_acf,prot_cs,e_prot_ps,E_prot_ps,e_prot_acf,E_prot_acf,e_prot_cs,E_prot_cs,sph_ps,sph_acf,sph_cs,h_ps,fa_prob_ps,hacf,gacf,hcs
6676655,121.74904637050382,30.630136809311807,32.892966262456035,2.4533187416816133,2.556347466858341,-1.0,-1.0,2.5588414197063467,2.5588414197063467,594.2934402394792,588.4660328791522,595.3926238751335,0.05470793023405428,0.0,-0.3778916835846143,0.000494101263224439,0.15051889650415107
