target_id,prot_ps,prot_acf,prot_cs,e_prot_ps,E_prot_ps,e_prot_acf,E_prot_acf,e_prot_cs,E_prot_cs,sph_ps,sph_acf,sph_cs,h_ps,fa_prob_ps,hacf,gacf,hcs
6678230,52.56980124855055,4.005014453083277,12.944790329341869,2.1385727086581596,2.3274578745056616,-1.0,-1.0,0.554872256730355,0.554872256730355,202.5572800089706,175.18686883599284,196.53141043460096,0.0266794646551521,0.0,0.239875344297063,0.11948610188497208,0.30467150098054807
