target_id,prot_ps,prot_acf,prot_cs,e_prot_ps,E_prot_ps,e_prot_acf,E_prot_acf,e_prot_cs,E_prot_cs,sph_ps,sph_acf,sph_cs,h_ps,fa_prob_ps,hacf,gacf,hcs
6755461,75.15321520196251,20.126879105810076,34.49052343822551,2.0109174816727915,2.123416043074428,-1.0,-1.0,4.6135837858695155,4.6135837858695155,451.6796738938278,417.6515110850854,438.55921750429144,0.10524551416571415,0.0,-0.0712977914097844,0.11161556643097209,0.635674171776767
