target_id,prot_ps,prot_acf,prot_cs,e_prot_ps,E_prot_ps,e_prot_acf,E_prot_acf,e_prot_cs,E_prot_cs,sph_ps,sph_acf,sph_cs,h_ps,fa_prob_ps,hacf,gacf,hcs
6778487,0.19701659380452893,0.20433046855032444,64.81280730229297,0.005434168302212217,0.005748088236648352,-1.0,-1.0,4.132998486990093,4.132998486990093,62906.9031944227,62873.406070429664,67713.33927779314,0.4235804672479574,0.0,0.8352732106407916,0.35766607088001123,0.025405034702031714
