target_id,prot_ps,prot_acf,prot_cs,e_prot_ps,E_prot_ps,e_prot_acf,E_prot_acf,e_prot_cs,E_prot_cs,sph_ps,sph_acf,sph_cs,h_ps,fa_prob_ps,hacf,gacf,hcs
6793825,73.04857832918195,26.9316518176347,31.34921919734217,0.8638870433406396,0.8847977947639691,-1.0,-1.0,5.620149129338886,5.620149129338886,475.0486069134191,468.7942710022171,459.3271858076315,0.05997791380794454,0.0,-0.4510388023989537,0.0012377858958391164,0.09677812869271121
