target_id,prot_ps,prot_acf,prot_cs,e_prot_ps,E_prot_ps,e_prot_acf,E_prot_acf,e_prot_cs,E_prot_cs,sph_ps,sph_acf,sph_cs,h_ps,fa_prob_ps,hacf,gacf,hcs
6751866,45.998643245698595,22.926658099517226,28.604377546515313,8.19446583491456,12.660017573601358,-1.0,-1.0,3.2736803686380527,3.2736803686380527,360.44716726330927,354.9724501792558,358.1678954719873,0.09649059117048053,0.0,-0.3183192990000039,7.476335113318355e-05,0.13724940952928832
