target_id,prot_ps,prot_acf,prot_cs,e_prot_ps,E_prot_ps,e_prot_acf,E_prot_acf,e_prot_cs,E_prot_cs,sph_ps,sph_acf,sph_cs,h_ps,fa_prob_ps,hacf,gacf,hcs
6775078,54.109965814165356,26.42080925172195,28.602776896578348,11.567463909828092,20.05727453317987,-1.0,-1.0,0.421461960052586,0.421461960052586,579.0561724513718,565.4965208678408,568.5407813458148,0.07507558443670401,0.0,-0.41094804615247754,0.0009388517291359089,0.2705134636600616
