target_id,prot_ps,prot_acf,prot_cs,e_prot_ps,E_prot_ps,e_prot_acf,E_prot_acf,e_prot_cs,E_prot_cs,sph_ps,sph_acf,sph_cs,h_ps,fa_prob_ps,hacf,gacf,hcs
6780598,76.89409260732475,1.6959973080083728,64.10175078386291,2.434948687849456,2.6013460084634232,-1.0,-1.0,14.944825766666455,14.944825766666455,505.8948615397211,467.04263883342617,506.3643828420988,0.02129028010866114,0.0,0.4376240222455715,0.007352812437015743,0.1764800911571957
