target_id,prot_ps,prot_acf,prot_cs,e_prot_ps,E_prot_ps,e_prot_acf,E_prot_acf,e_prot_cs,E_prot_cs,sph_ps,sph_acf,sph_cs,h_ps,fa_prob_ps,hacf,gacf,hcs
6779680,18.973881257558872,18.61511698225513,18.842749856754658,1.41556049467167,1.6667449592340056,-1.0,-1.0,0.8897603608370919,0.8897603608370919,2305.6991889066367,2326.5931166298624,2327.9275742238306,0.12970138552394864,0.0,0.49997786465353655,0.9619023505909823,0.8818087493391664
