target_id,prot_ps,prot_acf,prot_cs,e_prot_ps,E_prot_ps,e_prot_acf,E_prot_acf,e_prot_cs,E_prot_cs,sph_ps,sph_acf,sph_cs,h_ps,fa_prob_ps,hacf,gacf,hcs
6765437,50.757116326871596,50.24656148720533,51.264978983961036,8.753233546596462,13.43253336968315,-1.0,-1.0,2.8518995178966446,2.8518995178966446,391.38220398618887,391.18686191405897,391.6493758715763,0.08247366278900513,0.0,0.28504767370925804,0.3291711255822174,0.9979116088518128
