target_id,prot_ps,prot_acf,prot_cs,e_prot_ps,E_prot_ps,e_prot_acf,E_prot_acf,e_prot_cs,E_prot_cs,sph_ps,sph_acf,sph_cs,h_ps,fa_prob_ps,hacf,gacf,hcs
6705244,72.9353645166846,51.554387679789215,53.32476903079078,1.0619406973067242,1.093707100320671,-1.0,-1.0,4.3622297859266945,4.3622297859266945,906.7741144043988,906.1039616551823,903.141691703638,0.06292614000651658,0.0,0.1481065765470496,0.2794938205434977,0.7971488611155867
