target_id,prot_ps,prot_acf,prot_cs,e_prot_ps,E_prot_ps,e_prot_acf,E_prot_acf,e_prot_cs,E_prot_cs,sph_ps,sph_acf,sph_cs,h_ps,fa_prob_ps,hacf,gacf,hcs
6848560,91.3116495841537,31.733510341960937,52.315467207061005,3.7090440469869748,4.036966035273579,-1.0,-1.0,1.999603199488829,1.999603199488829,603.0052584294662,585.7472328096309,571.7372120843929,0.1071307679859159,0.0,-0.45273501962739815,9.974648328978097e-05,0.14667500475399603
