target_id,prot_ps,prot_acf,prot_cs,e_prot_ps,E_prot_ps,e_prot_acf,E_prot_acf,e_prot_cs,E_prot_cs,sph_ps,sph_acf,sph_cs,h_ps,fa_prob_ps,hacf,gacf,hcs
6871755,73.04938003644374,26.52294283080846,36.90081047711893,0.8182183165562122,0.8371184714022775,-1.0,-1.0,7.110066540925939,7.110066540925939,484.19508550695093,479.3728733973956,480.7637620158504,0.05373537673225677,0.0,-0.2786079293478941,0.00555553741185541,0.12866435363756784
