target_id,prot_ps,prot_acf,prot_cs,e_prot_ps,E_prot_ps,e_prot_acf,E_prot_acf,e_prot_cs,E_prot_cs,sph_ps,sph_acf,sph_cs,h_ps,fa_prob_ps,hacf,gacf,hcs
6860282,73.0484226845663,33.22522753290832,28.649856953198015,21.87413108094914,55.36114072771828,-1.0,-1.0,0.37311824730287424,0.37311824730287424,635.3313125782759,608.4341763133276,614.2247812172591,0.16663669760658548,0.0,-0.5416215547404213,0.0004716790526623771,0.13704651352091415
