target_id,prot_ps,prot_acf,prot_cs,e_prot_ps,E_prot_ps,e_prot_acf,E_prot_acf,e_prot_cs,E_prot_cs,sph_ps,sph_acf,sph_cs,h_ps,fa_prob_ps,hacf,gacf,hcs
6841911,62.0830632393731,53.76019898336381,61.4355861152988,1.102837894157176,1.14388399383688,-1.0,-1.0,3.467217331835835,3.467217331835835,914.3054807999919,820.215360776235,912.9495983312606,0.1461702032419018,0.0,0.24691764445303716,0.5308844869166276,0.5702084198548769
