target_id,prot_ps,prot_acf,prot_cs,e_prot_ps,E_prot_ps,e_prot_acf,E_prot_acf,e_prot_cs,E_prot_cs,sph_ps,sph_acf,sph_cs,h_ps,fa_prob_ps,hacf,gacf,hcs
6802602,4.5713126132406146,4.495441596955061,4.531987392655687,0.3633894416463477,0.43290372979302294,-1.0,-1.0,0.10176916974236873,0.10176916974236873,915.474168902774,919.92083418097,920.7646226528053,0.04747494798550417,0.0,0.7399152887796043,1.0314952520603065,0.49778635166360463
