target_id,prot_ps,prot_acf,prot_cs,e_prot_ps,E_prot_ps,e_prot_acf,E_prot_acf,e_prot_cs,E_prot_cs,sph_ps,sph_acf,sph_cs,h_ps,fa_prob_ps,hacf,gacf,hcs
6837702,5.9957073131871885,5.803087534382939,6.0082636727178365,0.4509844972409818,0.5299038370344231,-1.0,-1.0,0.2904858531536021,0.2904858531536021,4930.387241771536,4874.694641406418,4926.431050153161,0.3113972892262187,0.0,0.7054827563986152,0.7742296662707511,0.9673252071030402
