target_id,prot_ps,prot_acf,prot_cs,e_prot_ps,E_prot_ps,e_prot_acf,E_prot_acf,e_prot_cs,E_prot_cs,sph_ps,sph_acf,sph_cs,h_ps,fa_prob_ps,hacf,gacf,hcs
6853020,4.9065309463152165,5.006284380797297,4.88660749870316,0.37867845409552015,0.44767258914188446,-1.0,-1.0,0.05260791052348308,0.05260791052348308,459.84996235116336,457.7192468036571,463.6269438630005,0.03694913993868737,0.0,0.3677917841589044,0.4019407003673299,0.8462150124990226
