target_id,prot_ps,prot_acf,prot_cs,e_prot_ps,E_prot_ps,e_prot_acf,E_prot_acf,e_prot_cs,E_prot_cs,sph_ps,sph_acf,sph_cs,h_ps,fa_prob_ps,hacf,gacf,hcs
6852178,73.04931592209678,32.83692774968222,47.6119105424406,25.3465026846093,84.74128967625788,-1.0,-1.0,6.268377545559744,6.268377545559744,647.3913827294784,625.4116707864631,645.564354198106,0.11505791864826259,0.0,-0.4633920008841312,0.00037860375633075316,0.18213400911526134
