target_id,prot_ps,prot_acf,prot_cs,e_prot_ps,E_prot_ps,e_prot_acf,E_prot_acf,e_prot_cs,E_prot_cs,sph_ps,sph_acf,sph_cs,h_ps,fa_prob_ps,hacf,gacf,hcs
6888154,46.7686565990543,3.412446126807481,44.788048907211056,4.251678527287282,5.196493710914524,-1.0,-1.0,5.953013375088016,5.953013375088016,641.0245935619112,441.41490578520734,641.0245935619112,0.43166046382718604,0.0,0.7511782586536592,0.22046049771153645,0.3363386792804449
