target_id,prot_ps,prot_acf,prot_cs,e_prot_ps,E_prot_ps,e_prot_acf,E_prot_acf,e_prot_cs,E_prot_cs,sph_ps,sph_acf,sph_cs,h_ps,fa_prob_ps,hacf,gacf,hcs
6888521,54.110001329845126,49.55182004487142,53.60791747947226,7.395021017012013,10.215051456363888,-1.0,-1.0,7.421685737319537,7.421685737319537,2230.7417534540837,2148.6469804622616,2144.496101797115,0.17837421352924832,0.0,0.5506461027893302,1.0636560380876774,0.7976337724433431
