target_id,prot_ps,prot_acf,prot_cs,e_prot_ps,E_prot_ps,e_prot_acf,E_prot_acf,e_prot_cs,E_prot_cs,sph_ps,sph_acf,sph_cs,h_ps,fa_prob_ps,hacf,gacf,hcs
6864510,73.0493800322868,26.420774329919368,55.59029000776173,2.2711596805790606,2.4201428929690536,-1.0,-1.0,5.4672151096551325,5.4672151096551325,1128.3575015771617,1111.3195660845251,1125.8210351221965,0.05062218764484384,0.0,0.038225339338423564,0.38609305133861854,5.1481061483307835
