target_id,prot_ps,prot_acf,prot_cs,e_prot_ps,E_prot_ps,e_prot_acf,E_prot_acf,e_prot_cs,E_prot_cs,sph_ps,sph_acf,sph_cs,h_ps,fa_prob_ps,hacf,gacf,hcs
6868871,74.87862659544933,37.332284297794104,74.44158139946293,0.9128455933515625,0.9356338727376539,-1.0,-1.0,2.9571587404276842,2.9571587404276842,1411.7385644774527,1394.5027430352993,1411.2418204568826,0.06940682763791117,0.0,0.07971291523770775,0.29923214473189164,2.1828350514434103
