target_id,prot_ps,prot_acf,prot_cs,e_prot_ps,E_prot_ps,e_prot_acf,E_prot_acf,e_prot_cs,E_prot_cs,sph_ps,sph_acf,sph_cs,h_ps,fa_prob_ps,hacf,gacf,hcs
6864359,73.04944573658885,27.1359785720706,33.51645651217382,9.17752693776827,12.298714159863138,-1.0,-1.0,1.0533666710627487,1.0533666710627487,667.9010263596567,661.8074555110488,663.215269059827,0.0625173522724819,0.0,-0.43031712775041475,0.0014080585430675252,0.1576375056960666
