target_id,prot_ps,prot_acf,prot_cs,e_prot_ps,E_prot_ps,e_prot_acf,E_prot_acf,e_prot_cs,E_prot_cs,sph_ps,sph_acf,sph_cs,h_ps,fa_prob_ps,hacf,gacf,hcs
6871887,14.323409690493138,13.60884617920965,14.31348003169712,1.3309188944175858,1.6382679281492116,-1.0,-1.0,0.10027903440465961,0.10027903440465961,1978.9783872416592,1921.9800250061717,1979.3397094227905,0.17523428594824744,0.0,0.42817070522858114,0.6528348239839518,0.9517534155830649
