target_id,prot_ps,prot_acf,prot_cs,e_prot_ps,E_prot_ps,e_prot_acf,E_prot_acf,e_prot_cs,E_prot_cs,sph_ps,sph_acf,sph_cs,h_ps,fa_prob_ps,hacf,gacf,hcs
6865853,8.301073214698855,8.214354772120714,8.30214733531597,0.2365358684917922,0.25067901127588677,-1.0,-1.0,0.05407686692734633,0.05407686692734633,378.8500419820269,377.71878576334433,378.8500419820269,0.15879486358034534,0.0,0.5249427243137144,0.6440679858310356,0.6975022848482823
