target_id,prot_ps,prot_acf,prot_cs,e_prot_ps,E_prot_ps,e_prot_acf,E_prot_acf,e_prot_cs,E_prot_cs,sph_ps,sph_acf,sph_cs,h_ps,fa_prob_ps,hacf,gacf,hcs
6953275,50.757160314769486,24.724888214841485,17.12047842979684,4.982946828210338,6.185241036238821,-1.0,-1.0,0.1364072335810533,0.1364072335810533,129.62920887352982,129.07335284533536,127.99155479875083,0.10416680049936718,0.0,-0.2442256718940333,0.0004774114502042459,0.3351979388277
