target_id,prot_ps,prot_acf,prot_cs,e_prot_ps,E_prot_ps,e_prot_acf,E_prot_acf,e_prot_cs,E_prot_cs,sph_ps,sph_acf,sph_cs,h_ps,fa_prob_ps,hacf,gacf,hcs
6951011,73.04940251803627,30.527958501130342,28.64827931941666,1.6893781794310456,1.7704478760315396,-1.0,-1.0,0.37447292564619195,0.37447292564619195,762.8589191409425,744.1515040927543,752.4313315228704,0.0974645115992524,0.0,-0.44446098831039715,0.003921752429022124,0.13577058966640412
