target_id,prot_ps,prot_acf,prot_cs,e_prot_ps,E_prot_ps,e_prot_acf,E_prot_acf,e_prot_cs,E_prot_cs,sph_ps,sph_acf,sph_cs,h_ps,fa_prob_ps,hacf,gacf,hcs
6938264,28.095573265562304,27.830703447572887,28.178354787282494,3.400270257583376,4.471861232894888,-1.0,-1.0,1.282120334664753,1.282120334664753,2598.1723342635746,2498.656495213485,2585.907980563775,0.1151616676873179,0.0,0.5316376413436593,0.9426304743027134,0.9723214037760755
