target_id,prot_ps,prot_acf,prot_cs,e_prot_ps,E_prot_ps,e_prot_acf,E_prot_acf,e_prot_cs,E_prot_cs,sph_ps,sph_acf,sph_cs,h_ps,fa_prob_ps,hacf,gacf,hcs
6955481,21.17373383118463,19.228112305514514,20.91716200070456,5.175429345473864,10.222914094597282,-1.0,-1.0,0.9423062468695574,0.9423062468695574,1132.3866586274569,1117.9574298203318,1131.7989983259836,0.05758588207331373,0.0,0.11937870408039,0.3033533624181263,0.4454516392728904
