target_id,prot_ps,prot_acf,prot_cs,e_prot_ps,E_prot_ps,e_prot_acf,E_prot_acf,e_prot_cs,E_prot_cs,sph_ps,sph_acf,sph_cs,h_ps,fa_prob_ps,hacf,gacf,hcs
6945291,98.60678585582818,67.06121698580682,67.93820279721169,8.68164400711332,10.559642073722998,-1.0,-1.0,8.280259516664412,8.280259516664412,1216.97364061729,1216.97364061729,1216.97364061729,0.39262583781032595,0.0,0.0916548210030761,0.3179015946778219,0.8503867278987345
