target_id,prot_ps,prot_acf,prot_cs,e_prot_ps,E_prot_ps,e_prot_acf,E_prot_acf,e_prot_cs,E_prot_cs,sph_ps,sph_acf,sph_cs,h_ps,fa_prob_ps,hacf,gacf,hcs
6947848,18.87122695154723,17.818242590874434,18.63130207790528,3.4329154083506435,5.400006283280927,-1.0,-1.0,1.5023530297170815,1.5023530297170815,388.06536985235533,384.69533839092276,386.3773289254937,0.03682749029865637,0.0,0.20845512070946268,0.39166927379628347,0.643462216589918
