target_id,prot_ps,prot_acf,prot_cs,e_prot_ps,E_prot_ps,e_prot_acf,E_prot_acf,e_prot_cs,E_prot_cs,sph_ps,sph_acf,sph_cs,h_ps,fa_prob_ps,hacf,gacf,hcs
6964223,92.25727096743499,2.697258012369275,5.9848424425411,14.048036319137182,20.288488926951757,-1.0,-1.0,0.9597266270043276,0.9597266270043276,256.00581565309585,136.64732749506132,156.8523763587488,0.054148901501825476,1.4620933967699526e-268,0.38251470025424184,0.052350402962324266,0.16015930547087978
