target_id,prot_ps,prot_acf,prot_cs,e_prot_ps,E_prot_ps,e_prot_acf,E_prot_acf,e_prot_cs,E_prot_cs,sph_ps,sph_acf,sph_cs,h_ps,fa_prob_ps,hacf,gacf,hcs
6960178,93.53697774768251,27.93294134736061,70.76249783813955,8.663853975956457,10.610171076647532,-1.0,-1.0,4.21270085081857,4.21270085081857,471.09015593989477,471.09015593989477,471.09015593989477,0.2919482896127002,0.0,-0.11266704282886486,0.0006696828447196948,0.6014720400653082
