target_id,prot_ps,prot_acf,prot_cs,e_prot_ps,E_prot_ps,e_prot_acf,E_prot_acf,e_prot_cs,E_prot_cs,sph_ps,sph_acf,sph_cs,h_ps,fa_prob_ps,hacf,gacf,hcs
6974205,21.173746465479653,21.230591745115817,21.249870304482062,2.2539949281071827,2.855962184769364,-1.0,-1.0,1.2595687041262555,1.2595687041262555,3419.150133526679,3424.5209137721786,3425.370272679555,0.14129055812281596,0.0,0.5808706546698903,0.9901819133630367,0.9054087405325406
