target_id,prot_ps,prot_acf,prot_cs,e_prot_ps,E_prot_ps,e_prot_acf,E_prot_acf,e_prot_cs,E_prot_cs,sph_ps,sph_acf,sph_cs,h_ps,fa_prob_ps,hacf,gacf,hcs
6954914,19.62634160944222,19.023795241490006,19.508038190686925,1.3637606594856955,1.5862982061870454,-1.0,-1.0,0.4431510647570877,0.4431510647570877,660.1114515752134,657.5472426168096,659.742760506938,0.2145373402104486,0.0,0.498976610104691,0.8515735182281692,0.9276048057652351
