target_id,prot_ps,prot_acf,prot_cs,e_prot_ps,E_prot_ps,e_prot_acf,E_prot_acf,e_prot_cs,E_prot_cs,sph_ps,sph_acf,sph_cs,h_ps,fa_prob_ps,hacf,gacf,hcs
6953213,27.772757482034226,27.42212000116706,27.808253734329448,3.240086025956856,4.213348888847246,-1.0,-1.0,0.673007538946967,0.673007538946967,1414.6596529688052,1413.424883543066,1413.9640068718504,0.17414500488333037,0.0,0.5263236654528941,0.9435568233050801,0.9330299749863371
