target_id,prot_ps,prot_acf,prot_cs,e_prot_ps,E_prot_ps,e_prot_acf,E_prot_acf,e_prot_cs,E_prot_cs,sph_ps,sph_acf,sph_cs,h_ps,fa_prob_ps,hacf,gacf,hcs
6962977,74.87870599302305,20.92408323287964,31.245949838599188,0.9142982713148768,0.9370602331810858,-1.0,-1.0,6.249621950124537,6.249621950124537,837.048664023252,811.9760499714968,818.6107701955608,0.03087375511917268,0.0,-0.25822782953833795,0.008725216042717782,0.1621881807764659
