target_id,prot_ps,prot_acf,prot_cs,e_prot_ps,E_prot_ps,e_prot_acf,E_prot_acf,e_prot_cs,E_prot_cs,sph_ps,sph_acf,sph_cs,h_ps,fa_prob_ps,hacf,gacf,hcs
7038372,17.602267696058163,17.51168903382495,17.61732107795437,0.3581459310683499,0.373362732756803,-1.0,-1.0,0.1578859793323542,0.1578859793323542,3203.0103782947012,3203.847961856777,3202.9191334574307,0.33984803290851445,0.0,0.5793751285732833,1.0230662539972335,0.9555038781543077
