target_id,prot_ps,prot_acf,prot_cs,e_prot_ps,E_prot_ps,e_prot_acf,E_prot_acf,e_prot_cs,E_prot_cs,sph_ps,sph_acf,sph_cs,h_ps,fa_prob_ps,hacf,gacf,hcs
7091660,54.11007758085973,28.83204819401726,76.24552273706075,12.455021258143965,22.884955885524995,-1.0,-1.0,3.6223894265512024,3.6223894265512024,478.158975043926,466.7089388690059,474.21526564812416,0.07470993118437899,0.0,-0.46437138691480634,0.0011800713100006688,0.1795525475455458
