target_id,prot_ps,prot_acf,prot_cs,e_prot_ps,E_prot_ps,e_prot_acf,E_prot_acf,e_prot_cs,E_prot_cs,sph_ps,sph_acf,sph_cs,h_ps,fa_prob_ps,hacf,gacf,hcs
7049645,36.79930876776795,20.025037582963705,28.0379133358039,10.106876782916107,22.154687080936974,-1.0,-1.0,5.089475930248956,5.089475930248956,238.1119327469251,237.78000632212863,244.96299677758228,0.03476690107384258,0.0,-0.3712638234146743,0.00018238432280848205,0.16683289277369345
