target_id,prot_ps,prot_acf,prot_cs,e_prot_ps,E_prot_ps,e_prot_acf,E_prot_acf,e_prot_cs,E_prot_cs,sph_ps,sph_acf,sph_cs,h_ps,fa_prob_ps,hacf,gacf,hcs
7050913,61.99505803645273,23.131020290777087,26.36159405550912,20.860458743522244,65.12815732092398,-1.0,-1.0,0.45720133799863727,0.45720133799863727,497.94811987346833,494.8409394561373,496.1516227437188,0.05896819652986139,0.0,-0.2933099590185911,0.002005995128386645,0.2327536419765544
