target_id,prot_ps,prot_acf,prot_cs,e_prot_ps,E_prot_ps,e_prot_acf,E_prot_acf,e_prot_cs,E_prot_cs,sph_ps,sph_acf,sph_cs,h_ps,fa_prob_ps,hacf,gacf,hcs
7041486,73.04942031330259,31.140976812690496,28.91390656149946,23.974826911622202,71.13436251643918,-1.0,-1.0,2.329719604699441,2.329719604699441,738.1297243191058,721.7253382550839,714.4396460372037,0.14714034176996968,0.0,-0.5432383596880022,0.0003674306031965502,0.07460059627069124
