target_id,prot_ps,prot_acf,prot_cs,e_prot_ps,E_prot_ps,e_prot_acf,E_prot_acf,e_prot_cs,E_prot_cs,sph_ps,sph_acf,sph_cs,h_ps,fa_prob_ps,hacf,gacf,hcs
7020085,91.31161596522601,34.83941831160337,52.243124658182914,1.5242985537553722,1.5767859078195983,-1.0,-1.0,2.1481383090087873,2.1481383090087873,851.683999343957,825.4297591659033,811.3146687856811,0.10333279707977153,0.0,-0.4929204419789647,7.262602269997309e-05,0.13115117327894715
