target_id,prot_ps,prot_acf,prot_cs,e_prot_ps,E_prot_ps,e_prot_acf,E_prot_acf,e_prot_cs,E_prot_cs,sph_ps,sph_acf,sph_cs,h_ps,fa_prob_ps,hacf,gacf,hcs
7019144,61.86048845586437,30.32262702099979,46.267147586675335,14.270564430117055,26.72354143025988,-1.0,-1.0,1.1424356847772505,1.1424356847772505,681.1490172352186,615.9561010866571,668.0329896043908,0.11084287741262394,0.0,-0.42419705225311233,0.0015339222358951299,0.13059691687844102
