target_id,prot_ps,prot_acf,prot_cs,e_prot_ps,E_prot_ps,e_prot_acf,E_prot_acf,e_prot_cs,E_prot_cs,sph_ps,sph_acf,sph_cs,h_ps,fa_prob_ps,hacf,gacf,hcs
7036967,73.04940097781967,31.140969006344676,28.651585611853786,1.959361795772935,2.069256695264997,-1.0,-1.0,0.3552636590116105,0.3552636590116105,542.4326604147318,537.6717733351444,531.6446668002715,0.16242198888997825,0.0,-0.4982572054908318,0.0007587113328157979,0.12068866483550893
