target_id,prot_ps,prot_acf,prot_cs,e_prot_ps,E_prot_ps,e_prot_acf,E_prot_acf,e_prot_cs,E_prot_cs,sph_ps,sph_acf,sph_cs,h_ps,fa_prob_ps,hacf,gacf,hcs
7018659,94.8463412099214,33.940326493699104,37.06013928662986,1.4749291082715956,1.5223120429115227,-1.0,-1.0,7.934545806299172,7.934545806299172,300.10165299099623,295.1843999674215,290.79376073588287,0.09318762219815896,0.0,-0.3239468838858761,0.00035314360949512125,0.15272188380023802
