target_id,prot_ps,prot_acf,prot_cs,e_prot_ps,E_prot_ps,e_prot_acf,E_prot_acf,e_prot_cs,E_prot_cs,sph_ps,sph_acf,sph_cs,h_ps,fa_prob_ps,hacf,gacf,hcs
7026358,18.97376885413713,18.615234914701432,18.95012329660409,0.8375117960580489,0.9194490412073151,-1.0,-1.0,0.20399910639400268,0.20399910639400268,2620.9687444941032,2563.3494610223834,2528.3498895589173,0.33083906375146277,0.0,0.5112071249067758,1.0550270608827974,0.8393004055443155
