target_id,prot_ps,prot_acf,prot_cs,e_prot_ps,E_prot_ps,e_prot_acf,E_prot_acf,e_prot_cs,E_prot_cs,sph_ps,sph_acf,sph_cs,h_ps,fa_prob_ps,hacf,gacf,hcs
7024901,9.435638852058016,9.113483654335141,9.423038123349253,0.5713702259105684,0.6510006622371876,-1.0,-1.0,0.05812884532688796,0.05812884532688796,4936.429804165078,4946.498179116217,4939.150168670706,0.16672992399366984,0.0,0.6066595153840588,1.0398347347925974,0.8754961760962141
