target_id,prot_ps,prot_acf,prot_cs,e_prot_ps,E_prot_ps,e_prot_acf,E_prot_acf,e_prot_cs,E_prot_cs,sph_ps,sph_acf,sph_cs,h_ps,fa_prob_ps,hacf,gacf,hcs
7014525,25.05106206992422,25.133047993294895,25.281189942848865,1.3609573249252982,1.526563936767726,-1.0,-1.0,1.027552307369888,1.027552307369888,2250.4181202082054,2251.840194278339,2240.6249604840486,0.20213462611182675,0.0,0.5391539824240498,0.9523201232994895,0.9530344520544402
