target_id,prot_ps,prot_acf,prot_cs,e_prot_ps,E_prot_ps,e_prot_acf,E_prot_acf,e_prot_cs,E_prot_cs,sph_ps,sph_acf,sph_cs,h_ps,fa_prob_ps,hacf,gacf,hcs
7010449,91.31067125610411,56.66279134247452,54.53000228871146,1.3905233700411372,1.4342457169947522,-1.0,-1.0,3.2459100002578336,3.2459100002578336,932.2767566875409,920.7536681388461,929.0658610224834,0.07806499751091574,0.0,0.09317953406338908,0.24659429607140482,0.8808952405826111
