target_id,prot_ps,prot_acf,prot_cs,e_prot_ps,E_prot_ps,e_prot_acf,E_prot_acf,e_prot_cs,E_prot_cs,sph_ps,sph_acf,sph_cs,h_ps,fa_prob_ps,hacf,gacf,hcs
7173935,59.97672587796043,31.93679910292849,81.88912780424633,9.64418770806315,14.196166036216106,-1.0,-1.0,7.138058114994514,7.138058114994514,3043.4483800345192,3173.471995009627,3043.4483800345192,0.30772680514885603,0.0,-0.2925892016233923,0.00017342838672784744,0.3261144302583492
