target_id,prot_ps,prot_acf,prot_cs,e_prot_ps,E_prot_ps,e_prot_acf,E_prot_acf,e_prot_cs,E_prot_cs,sph_ps,sph_acf,sph_cs,h_ps,fa_prob_ps,hacf,gacf,hcs
7174562,73.0493952706762,27.932874508667737,37.808892729245116,2.0627895908255596,2.1858881712258267,-1.0,-1.0,4.075923874891379,4.075923874891379,415.19589117660433,409.97306864189454,417.2179010803746,0.10124275414435209,0.0,-0.4384406320980788,0.00013994429380337348,0.17630700186139284
