target_id,prot_ps,prot_acf,prot_cs,e_prot_ps,E_prot_ps,e_prot_acf,E_prot_acf,e_prot_cs,E_prot_cs,sph_ps,sph_acf,sph_cs,h_ps,fa_prob_ps,hacf,gacf,hcs
7174635,54.1107966693904,54.55803293734789,54.14210254872257,9.25385811124385,13.991601359696574,-1.0,-1.0,1.8867631831381955,1.8867631831381955,536.692434653297,538.3698275334893,536.6830849534879,0.11654158873439106,0.0,0.2607271692939274,0.3982861406444353,0.9815014148553896
