target_id,prot_ps,prot_acf,prot_cs,e_prot_ps,E_prot_ps,e_prot_acf,E_prot_acf,e_prot_cs,E_prot_cs,sph_ps,sph_acf,sph_cs,h_ps,fa_prob_ps,hacf,gacf,hcs
7108658,9.188513397887352,9.113471193239093,9.209580999996327,0.3079917749958927,0.3301663823527985,-1.0,-1.0,0.07594726996274502,0.07594726996274502,6389.999107164702,6429.54815799537,6377.325134060817,0.3023574684475764,0.0,0.6838685949341355,1.0873259322269506,0.5963476101917725
