target_id,prot_ps,prot_acf,prot_cs,e_prot_ps,E_prot_ps,e_prot_acf,E_prot_acf,e_prot_cs,E_prot_cs,sph_ps,sph_acf,sph_cs,h_ps,fa_prob_ps,hacf,gacf,hcs
7190966,97.76659543577762,36.04347901046276,45.504892250709226,9.055151193558928,11.089317150094985,-1.0,-1.0,12.972356860993026,12.972356860993026,786.3006186725125,786.3006186725125,786.3006186725125,0.6307979625674035,0.0,-0.40064302003154156,0.0010372996930091416,0.21025931646327173
