target_id,prot_ps,prot_acf,prot_cs,e_prot_ps,E_prot_ps,e_prot_acf,E_prot_acf,e_prot_cs,E_prot_cs,sph_ps,sph_acf,sph_cs,h_ps,fa_prob_ps,hacf,gacf,hcs
7121057,15.37883249332316,15.325291198678315,15.363397329638161,0.584860465908962,0.6330371373343873,-1.0,-1.0,0.41326981447128797,0.41326981447128797,5525.356228574735,5530.8113049640915,5524.360988654944,0.19025217176564935,0.0,0.6218208886141592,1.2161963082697662,0.8760342575027755
