target_id,prot_ps,prot_acf,prot_cs,e_prot_ps,E_prot_ps,e_prot_acf,E_prot_acf,e_prot_cs,E_prot_cs,sph_ps,sph_acf,sph_cs,h_ps,fa_prob_ps,hacf,gacf,hcs
7287728,73.04935960560572,31.038782789371908,37.78701427304623,1.899188538260347,2.002259723284766,-1.0,-1.0,5.444406833524377,5.444406833524377,1017.2573423239844,987.4144146593802,1005.4725146523085,0.13801394252284205,0.0,-0.136410661151236,0.0996130317775299,0.5147620073383001
