target_id,prot_ps,prot_acf,prot_cs,e_prot_ps,E_prot_ps,e_prot_acf,E_prot_acf,e_prot_cs,E_prot_cs,sph_ps,sph_acf,sph_cs,h_ps,fa_prob_ps,hacf,gacf,hcs
7281356,73.04943498334796,0.6947463285177946,62.83522184545823,25.659159114259346,88.3397560387274,-1.0,-1.0,10.387866029019538,10.387866029019538,721.7478182705443,433.1402039812655,735.3540492766735,0.08560451867333631,0.0,0.893358731716345,0.015616640170582674,0.20091001681301493
