target_id,prot_ps,prot_acf,prot_cs,e_prot_ps,E_prot_ps,e_prot_acf,E_prot_acf,e_prot_cs,E_prot_cs,sph_ps,sph_acf,sph_cs,h_ps,fa_prob_ps,hacf,gacf,hcs
7283710,73.04941647462569,32.326130624860525,32.55196300597525,0.878632907701018,0.9003428577685213,-1.0,-1.0,0.8592022990340051,0.8592022990340051,1593.9140189685315,1556.0238827020148,1558.0058498158187,0.09356548522697665,0.0,0.17609338208023811,0.42369250716987217,0.7311028404443405
