target_id,prot_ps,prot_acf,prot_cs,e_prot_ps,E_prot_ps,e_prot_acf,E_prot_acf,e_prot_cs,E_prot_cs,sph_ps,sph_acf,sph_cs,h_ps,fa_prob_ps,hacf,gacf,hcs
7272157,121.7489749120616,33.2251987606287,47.611955028386404,5.789178179813163,6.404321164508644,-1.0,-1.0,7.458942186531066,7.458942186531066,677.5675187786105,656.9831522981887,677.8369675207333,0.07160104468039212,0.0,-0.45281424084163335,0.00032679592874565455,0.2421913207516349
