target_id,prot_ps,prot_acf,prot_cs,e_prot_ps,E_prot_ps,e_prot_acf,E_prot_acf,e_prot_cs,E_prot_cs,sph_ps,sph_acf,sph_cs,h_ps,fa_prob_ps,hacf,gacf,hcs
7220937,91.31184352008026,22.313591949641705,43.796554308850325,18.11716489492531,30.23497346058491,-1.0,-1.0,4.494394799656562,4.494394799656562,476.21441945911903,465.6499670992235,466.2151401997757,0.04366857417363119,0.0,-0.16114950841658884,0.0014232150082042483,0.5740223000191301
