target_id,prot_ps,prot_acf,prot_cs,e_prot_ps,E_prot_ps,e_prot_acf,E_prot_acf,e_prot_cs,E_prot_cs,sph_ps,sph_acf,sph_cs,h_ps,fa_prob_ps,hacf,gacf,hcs
7270857,73.04831882633236,34.635104436893016,47.611927902793205,26.127298910275677,89.53515464515769,-1.0,-1.0,6.784303951931691,6.784303951931691,657.3183500191377,633.254340260317,653.4321134860955,0.08921914033326585,0.0,-0.43976764821464337,0.00045798430537027923,0.20932840829645027
