target_id,prot_ps,prot_acf,prot_cs,e_prot_ps,E_prot_ps,e_prot_acf,E_prot_acf,e_prot_cs,E_prot_cs,sph_ps,sph_acf,sph_cs,h_ps,fa_prob_ps,hacf,gacf,hcs
7204593,61.85639809224667,31.140958361327648,28.37487141494285,9.856573092453921,14.399777718494718,-1.0,-1.0,4.086451359795494,4.086451359795494,318.02256262582523,310.89329896523736,307.10356734892355,0.09195683906430564,0.0,-0.3754142910391089,0.0030333907330204746,0.12842583048559134
