target_id,prot_ps,prot_acf,prot_cs,e_prot_ps,E_prot_ps,e_prot_acf,E_prot_acf,e_prot_cs,E_prot_cs,sph_ps,sph_acf,sph_cs,h_ps,fa_prob_ps,hacf,gacf,hcs
7295611,73.59784112290716,6.211858585476875,67.4959954106406,5.765534095116422,6.849408341702173,-1.0,-1.0,11.815281538574629,11.815281538574629,228.56837397346322,199.3861646939632,226.56678341899527,0.08209414274480867,0.0,0.5217130863826767,0.45327166974046845,0.27494781974031296
