target_id,prot_ps,prot_acf,prot_cs,e_prot_ps,E_prot_ps,e_prot_acf,E_prot_acf,e_prot_cs,E_prot_cs,sph_ps,sph_acf,sph_cs,h_ps,fa_prob_ps,hacf,gacf,hcs
7335086,91.31178470694842,58.66519198101014,91.82278768765862,2.897354937627611,3.095779904412609,-1.0,-1.0,4.336980372613513,4.336980372613513,882.111680802881,864.369696252574,879.4480351573684,0.11781333115834405,0.0,0.05882755989072693,0.26528640248056623,1.7622332997372447
