target_id,prot_ps,prot_acf,prot_cs,e_prot_ps,E_prot_ps,e_prot_acf,E_prot_acf,e_prot_cs,E_prot_cs,sph_ps,sph_acf,sph_cs,h_ps,fa_prob_ps,hacf,gacf,hcs
7377586,73.04935963218566,11.402001840993762,45.612793338924696,2.637612059367555,2.842767119078701,-1.0,-1.0,1.0981406141109789,1.0981406141109789,381.22273262582144,369.8310067129769,381.0210010010046,0.07300682521180456,0.0,-0.022291390648217228,0.003999236646101733,4.089263609217494
