target_id,prot_ps,prot_acf,prot_cs,e_prot_ps,E_prot_ps,e_prot_acf,E_prot_acf,e_prot_cs,E_prot_cs,sph_ps,sph_acf,sph_cs,h_ps,fa_prob_ps,hacf,gacf,hcs
7367544,73.04933602096453,38.2314303801395,26.53484526994882,2.9704221190833806,3.2308245825898467,-1.0,-1.0,0.40930299510542295,0.40930299510542295,916.8301301479125,903.9035487959404,898.4351681994904,0.08807051587885749,0.0,-0.30901959572715576,4.339016152810071e-05,0.3714858707334637
