target_id,prot_ps,prot_acf,prot_cs,e_prot_ps,E_prot_ps,e_prot_acf,E_prot_acf,e_prot_cs,E_prot_cs,sph_ps,sph_acf,sph_cs,h_ps,fa_prob_ps,hacf,gacf,hcs
7352480,73.04951269884234,61.668912758119404,73.44627699779149,21.161861219800166,51.014303914567435,-1.0,-1.0,3.9281927119866187,3.9281927119866187,343.34402096112586,345.7197397232584,343.5325482343864,0.11079017592530979,0.0,0.20655562420641313,0.3584140864091998,0.7969225196269499
