target_id,prot_ps,prot_acf,prot_cs,e_prot_ps,E_prot_ps,e_prot_acf,E_prot_acf,e_prot_cs,E_prot_cs,sph_ps,sph_acf,sph_cs,h_ps,fa_prob_ps,hacf,gacf,hcs
7337808,91.31186259007117,28.934113517403603,28.599289607724383,1.3140385762909403,1.3529032654354012,-1.0,-1.0,0.4339488903855315,0.4339488903855315,711.3762806475992,700.0222728766553,700.0774078389953,0.07775246585694824,0.0,-0.3421785153931083,0.0008763823810820637,0.275277458433701
