target_id,prot_ps,prot_acf,prot_cs,e_prot_ps,E_prot_ps,e_prot_acf,E_prot_acf,e_prot_cs,E_prot_cs,sph_ps,sph_acf,sph_cs,h_ps,fa_prob_ps,hacf,gacf,hcs
7358254,21.378773428049215,20.924073219299316,21.372970341160176,2.93109757890619,4.0262197744612855,-1.0,-1.0,0.4453048445854587,0.4453048445854587,3220.4545047714078,3221.759939867569,3220.4650729714417,0.12118599717875189,0.0,0.48524905860274126,0.8820683487572816,0.9217224074291398
