target_id,prot_ps,prot_acf,prot_cs,e_prot_ps,E_prot_ps,e_prot_acf,E_prot_acf,e_prot_cs,E_prot_cs,sph_ps,sph_acf,sph_cs,h_ps,fa_prob_ps,hacf,gacf,hcs
7367854,11.975307920755135,11.606341436505318,11.619214667323975,0.8667660131155479,1.0151939196001916,-1.0,-1.0,0.4252444837302196,0.4252444837302196,3369.450786211824,3390.4743013563675,3388.5744474693183,0.08011675295042914,0.0,0.5959945769837564,1.0061980117785785,0.814035384173116
