target_id,prot_ps,prot_acf,prot_cs,e_prot_ps,E_prot_ps,e_prot_acf,E_prot_acf,e_prot_cs,E_prot_cs,sph_ps,sph_acf,sph_cs,h_ps,fa_prob_ps,hacf,gacf,hcs
7379728,23.741232255715072,11.606363389641047,11.950385131240925,0.7096067484549771,0.7542433542292635,-1.0,-1.0,0.1286549662822171,0.1286549662822171,343.9704451411851,337.39709856275846,335.3078331067019,0.12457160781196497,0.0,-0.33260730965019997,0.0005071185880345941,0.39346528985331714
