target_id,prot_ps,prot_acf,prot_cs,e_prot_ps,E_prot_ps,e_prot_acf,E_prot_acf,e_prot_cs,E_prot_cs,sph_ps,sph_acf,sph_cs,h_ps,fa_prob_ps,hacf,gacf,hcs
7434397,97.76670691346364,60.95111618330702,71.34590711053927,9.055632475519147,11.089961857203988,-1.0,-1.0,13.068186754921836,13.068186754921836,1469.5448827732816,1469.5448827732816,1469.5448827732816,0.7294595258291303,0.0,-0.19680038443704267,8.383180381320299e-05,0.5886178409588476
