target_id,prot_ps,prot_acf,prot_cs,e_prot_ps,E_prot_ps,e_prot_acf,E_prot_acf,e_prot_cs,E_prot_cs,sph_ps,sph_acf,sph_cs,h_ps,fa_prob_ps,hacf,gacf,hcs
7423752,54.1106256959212,53.352366847451776,54.6907735990826,10.131839590222206,16.10123021859102,-1.0,-1.0,6.364687015796566,6.364687015796566,929.325349577956,902.8475769872034,928.7286686979235,0.06802806889351111,0.0,0.1878802555436319,0.31717171407519784,0.9551134460956378
