target_id,prot_ps,prot_acf,prot_cs,e_prot_ps,E_prot_ps,e_prot_acf,E_prot_acf,e_prot_cs,E_prot_cs,sph_ps,sph_acf,sph_cs,h_ps,fa_prob_ps,hacf,gacf,hcs
7422626,54.11056217131043,18.71723865158856,94.31585747296413,10.316482526143233,16.572612597673718,-1.0,-1.0,4.542804856632499,4.542804856632499,1216.9344021590525,1154.300687605196,1211.3179036741205,0.07045499845735355,0.0,0.1075301359930985,0.32354043758025547,0.7055862091755608
