target_id,prot_ps,prot_acf,prot_cs,e_prot_ps,E_prot_ps,e_prot_acf,E_prot_acf,e_prot_cs,E_prot_cs,sph_ps,sph_acf,sph_cs,h_ps,fa_prob_ps,hacf,gacf,hcs
7455166,14.757295825211282,14.22190523520112,14.565192602947356,1.7716043894833575,2.338628372594748,-1.0,-1.0,1.2680300228543182,1.2680300228543182,1785.672045223983,1775.0178979919988,1783.7265838938226,0.035895535699093074,0.0,0.290621078862806,0.4816553128225136,0.7371982057191953
