target_id,prot_ps,prot_acf,prot_cs,e_prot_ps,E_prot_ps,e_prot_acf,E_prot_acf,e_prot_cs,E_prot_cs,sph_ps,sph_acf,sph_cs,h_ps,fa_prob_ps,hacf,gacf,hcs
7435878,53.908223919451274,25.03153085708618,28.744950569470866,11.375586357778367,19.53946779304897,-1.0,-1.0,0.5814886044183013,0.5814886044183013,559.730969805268,551.3084351512371,550.6089687842377,0.07711024964411946,0.0,-0.3502770666320103,0.005483366222234443,0.18057138824543403
