target_id,prot_ps,prot_acf,prot_cs,e_prot_ps,E_prot_ps,e_prot_acf,E_prot_acf,e_prot_cs,E_prot_cs,sph_ps,sph_acf,sph_cs,h_ps,fa_prob_ps,hacf,gacf,hcs
7431887,7.609233309025083,7.3152805007994175,7.641426977045785,-1.0,-1.0,-1.0,-1.0,0.6925744565855949,0.6925744565855949,1162.5132576464116,1174.3016965295149,1172.6568867167061,0.02982214039348761,0.0,0.5297356113046423,0.7261147237859383,0.801973502194968
