target_id,prot_ps,prot_acf,prot_cs,e_prot_ps,E_prot_ps,e_prot_acf,E_prot_acf,e_prot_cs,E_prot_cs,sph_ps,sph_acf,sph_cs,h_ps,fa_prob_ps,hacf,gacf,hcs
7450601,59.04290701343931,25.03135744482279,31.517441918402913,5.921214122294899,7.388288237585215,-1.0,-1.0,3.2225916379712216,3.2225916379712216,2167.461412940409,2119.2760946432395,2134.0078379392066,0.11918828196083837,0.0,-0.3939977753073106,0.00011457378664544993,0.4584413615490876
