target_id,prot_ps,prot_acf,prot_cs,e_prot_ps,E_prot_ps,e_prot_acf,E_prot_acf,e_prot_cs,E_prot_cs,sph_ps,sph_acf,sph_cs,h_ps,fa_prob_ps,hacf,gacf,hcs
7529755,46.76843006877555,8.602587970905006,52.46189170608289,4.250290333659905,5.194620275043903,-1.0,-1.0,3.902095168265829,3.902095168265829,296.71234475135236,290.67323762941857,296.71234475135236,0.1326241423761633,7.275955845559614e-138,0.0422251910949051,0.03930327029412004,4.723176445515026
