target_id,prot_ps,prot_acf,prot_cs,e_prot_ps,E_prot_ps,e_prot_acf,E_prot_acf,e_prot_cs,E_prot_cs,sph_ps,sph_acf,sph_cs,h_ps,fa_prob_ps,hacf,gacf,hcs
7546791,0.12118348125744444,0.5925775077193975,59.84356845954292,0.0011874212526019196,0.0012112832573342308,-1.0,-1.0,0.13151590486492024,0.13151590486492024,14124.34079629509,14141.479406285585,14397.274520803336,0.7701938634866514,0.0,4.892434205259291,9.92001417917269,0.004866309353900412
