target_id,prot_ps,prot_acf,prot_cs,e_prot_ps,E_prot_ps,e_prot_acf,E_prot_acf,e_prot_cs,E_prot_cs,sph_ps,sph_acf,sph_cs,h_ps,fa_prob_ps,hacf,gacf,hcs
7598209,15.061734214569581,14.814413723070174,15.072379836780742,0.8627938097376688,0.9756946969918818,-1.0,-1.0,0.1856942803792438,0.1856942803792438,2680.4395379148054,2737.619541258863,2683.4063117968267,0.20340442520572738,0.0,0.5403977819182799,1.035582979472105,0.8007515494041165
