target_id,prot_ps,prot_acf,prot_cs,e_prot_ps,E_prot_ps,e_prot_acf,E_prot_acf,e_prot_cs,E_prot_cs,sph_ps,sph_acf,sph_cs,h_ps,fa_prob_ps,hacf,gacf,hcs
7585206,52.57055795673236,54.45586930029094,53.081088479831806,10.935125596826907,18.592628529552293,-1.0,-1.0,5.588066539125086,5.588066539125086,212.61745822026862,209.44949150273533,213.36741490990678,0.10578188191684437,0.0,0.2382035257840307,0.3286919648705631,0.937331568402981
