target_id,prot_ps,prot_acf,prot_cs,e_prot_ps,E_prot_ps,e_prot_acf,E_prot_acf,e_prot_cs,E_prot_cs,sph_ps,sph_acf,sph_cs,h_ps,fa_prob_ps,hacf,gacf,hcs
7593258,54.11061116214819,17.30733103491366,33.262239243958355,1.179749670397321,1.2341009118198016,-1.0,-1.0,0.5431147448232013,0.5431147448232013,1125.8853623520436,1106.244921644062,1127.812737184862,0.05320067154230506,0.0,-0.2860844547428557,7.237896165349089e-05,0.2624067709307895
