target_id,prot_ps,prot_acf,prot_cs,e_prot_ps,E_prot_ps,e_prot_acf,E_prot_acf,e_prot_cs,E_prot_cs,sph_ps,sph_acf,sph_cs,h_ps,fa_prob_ps,hacf,gacf,hcs
7548531,38.44709391143616,19.82068239711225,38.91733936077443,0.4629541460986957,0.4742614075852032,-1.0,-1.0,0.9604147170314788,0.9604147170314788,1575.1547584770553,1551.426761805834,1589.7963716032016,0.07517048481634366,0.0,0.08080160020397488,0.3225192789428088,1.048176513265951
