target_id,prot_ps,prot_acf,prot_cs,e_prot_ps,E_prot_ps,e_prot_acf,E_prot_acf,e_prot_cs,E_prot_cs,sph_ps,sph_acf,sph_cs,h_ps,fa_prob_ps,hacf,gacf,hcs
7511093,77.49389902362512,31.324936613906175,36.63720246961663,6.836123472501328,8.282853744084349,-1.0,-1.0,0.9464878969419754,0.9464878969419754,1620.021102970716,1556.04212993894,1549.272178738663,0.1364977892176023,0.0,-0.545860853632666,0.0001432810276086327,0.10403190173119263
