target_id,prot_ps,prot_acf,prot_cs,e_prot_ps,E_prot_ps,e_prot_acf,E_prot_acf,e_prot_cs,E_prot_cs,sph_ps,sph_acf,sph_cs,h_ps,fa_prob_ps,hacf,gacf,hcs
7538674,73.04865802722335,23.028874564450234,41.808420936111744,12.156624926312091,18.312713202807274,-1.0,-1.0,1.2642773492250592,1.2642773492250592,306.4451124165203,300.88366940529295,305.23994471395184,0.05792957387410258,0.0,-0.2301904978123089,0.006539028983627279,0.3313378087399488
