target_id,prot_ps,prot_acf,prot_cs,e_prot_ps,E_prot_ps,e_prot_acf,E_prot_acf,e_prot_cs,E_prot_cs,sph_ps,sph_acf,sph_cs,h_ps,fa_prob_ps,hacf,gacf,hcs
7596734,73.04845970945925,65.16316342167556,72.3403065763414,15.003236505157538,25.6414140232702,-1.0,-1.0,8.935561020152548,8.935561020152548,669.2670504777151,650.5745882639956,671.3274621618782,0.16342101418695776,0.0,0.2461848270659814,0.41837325487294275,0.8017005034675196
