target_id,prot_ps,prot_acf,prot_cs,e_prot_ps,E_prot_ps,e_prot_acf,E_prot_acf,e_prot_cs,E_prot_cs,sph_ps,sph_acf,sph_cs,h_ps,fa_prob_ps,hacf,gacf,hcs
7544779,10.742585736760995,10.707270605489612,10.714212257957081,0.44715012616978633,0.48779813202088995,-1.0,-1.0,0.3227746561901833,0.3227746561901833,5010.396086835268,5020.079324303361,5017.856811728717,0.12591128084413514,0.0,0.6325267678381304,1.0933239519401905,0.8671379911641307
