target_id,prot_ps,prot_acf,prot_cs,e_prot_ps,E_prot_ps,e_prot_acf,E_prot_acf,e_prot_cs,E_prot_cs,sph_ps,sph_acf,sph_cs,h_ps,fa_prob_ps,hacf,gacf,hcs
7597744,91.31166641253712,31.038770764600486,47.286670436071304,1.3441632509688333,1.384987315935092,-1.0,-1.0,1.913762509157611,1.913762509157611,958.4713003230559,885.8730372913054,921.9304279604736,0.09328821438116175,0.0,-0.4711956511360068,0.0010522229209344869,0.15057105597773202
