target_id,prot_ps,prot_acf,prot_cs,e_prot_ps,E_prot_ps,e_prot_acf,E_prot_acf,e_prot_cs,E_prot_cs,sph_ps,sph_acf,sph_cs,h_ps,fa_prob_ps,hacf,gacf,hcs
7591157,89.96498674552605,35.83952252846211,56.78194090080914,7.9902829850446295,9.737183007197302,-1.0,-1.0,10.245015569750683,10.245015569750683,1359.583553144553,1360.8875140618786,1359.583553144553,0.305147619616706,0.0,-0.25545341003311106,0.004221952361294468,0.2899823305602777
