target_id,prot_ps,prot_acf,prot_cs,e_prot_ps,E_prot_ps,e_prot_acf,E_prot_acf,e_prot_cs,E_prot_cs,sph_ps,sph_acf,sph_cs,h_ps,fa_prob_ps,hacf,gacf,hcs
7502259,18.03691212838051,18.226857651025057,18.1326055911287,0.8117964962160613,0.8912172003240109,-1.0,-1.0,0.34716654389766116,0.34716654389766116,7978.959156687586,8084.882540106473,8015.889969842079,0.2984426646333896,0.0,0.6383657743660371,1.1715804617710046,0.9336819861054074
