target_id,prot_ps,prot_acf,prot_cs,e_prot_ps,E_prot_ps,e_prot_acf,E_prot_acf,e_prot_cs,E_prot_cs,sph_ps,sph_acf,sph_cs,h_ps,fa_prob_ps,hacf,gacf,hcs
7513242,47.12853121297636,47.75345502002165,47.11681824873523,7.027072195489787,9.970685128376871,-1.0,-1.0,1.1157850851417632,1.1157850851417632,2296.288235490893,2283.7087838660223,2296.527007466141,0.18725134824768636,0.0,0.18776436796711118,0.30776970745108057,0.9812397522715192
