target_id,prot_ps,prot_acf,prot_cs,e_prot_ps,E_prot_ps,e_prot_acf,E_prot_acf,e_prot_cs,E_prot_cs,sph_ps,sph_acf,sph_cs,h_ps,fa_prob_ps,hacf,gacf,hcs
7599004,119.02490812238166,2.1047067549079657,20.019235027022656,11.024687277300032,13.501362561028998,-1.0,-1.0,3.215830882259847,3.215830882259847,485.224600727239,392.83034866500526,484.9475987980902,0.10010176021132088,9.061546979897334e-130,0.6489526414435569,0.10843468860354824,0.37147411965615224
