target_id,prot_ps,prot_acf,prot_cs,e_prot_ps,E_prot_ps,e_prot_acf,E_prot_acf,e_prot_cs,E_prot_cs,sph_ps,sph_acf,sph_cs,h_ps,fa_prob_ps,hacf,gacf,hcs
7668708,91.31159590559967,32.03999660909176,52.228161106481664,15.190794898651617,22.879480311370912,-1.0,-1.0,1.9209403116110308,1.9209403116110308,592.7153111000654,583.5749981487297,579.7157178691192,0.0824342469394711,0.0,-0.37825197586354087,0.0008411355516268759,0.16037465325799533
