target_id,prot_ps,prot_acf,prot_cs,e_prot_ps,E_prot_ps,e_prot_acf,E_prot_acf,e_prot_cs,E_prot_cs,sph_ps,sph_acf,sph_cs,h_ps,fa_prob_ps,hacf,gacf,hcs
7691514,9.548834498014658,9.501700464170426,9.71572335574341,0.8109805654471778,0.9749249091747156,-1.0,-1.0,0.47753579339202185,0.47753579339202185,3054.8452805647835,3046.655730161644,3024.497526027368,0.08484344868226719,0.0,0.5640738393452284,0.9389484691578416,0.6794796442141958
