target_id,prot_ps,prot_acf,prot_cs,e_prot_ps,E_prot_ps,e_prot_acf,E_prot_acf,e_prot_cs,E_prot_cs,sph_ps,sph_acf,sph_cs,h_ps,fa_prob_ps,hacf,gacf,hcs
7627739,47.12866400996728,21.414495825767517,28.341308745592837,9.643823252023196,16.212535664396157,-1.0,-1.0,4.332440912137149,4.332440912137149,429.06987636207185,421.63939971787926,427.6160647348629,0.04098655949910071,0.0,-0.27053351622787286,0.007621080049829365,0.15799202603611276
