target_id,prot_ps,prot_acf,prot_cs,e_prot_ps,E_prot_ps,e_prot_acf,E_prot_acf,e_prot_cs,E_prot_cs,sph_ps,sph_acf,sph_cs,h_ps,fa_prob_ps,hacf,gacf,hcs
7678396,24.959607837522945,24.31606885511428,24.82233264638715,1.5928619670058808,1.8285880451654748,-1.0,-1.0,0.9194403530082984,0.9194403530082984,4716.49726456432,4625.883552618597,4622.047542174692,0.21493201911350834,0.0,0.6305044481423385,1.160284937571205,0.9298918885222174
