target_id,prot_ps,prot_acf,prot_cs,e_prot_ps,E_prot_ps,e_prot_acf,E_prot_acf,e_prot_cs,E_prot_cs,sph_ps,sph_acf,sph_cs,h_ps,fa_prob_ps,hacf,gacf,hcs
7659497,91.31173508493988,26.13470550533384,45.192402484696366,1.2936536871643511,1.331453931175787,-1.0,-1.0,4.766106109709114,4.766106109709114,663.3469143319762,653.5019508049772,663.2875868531106,0.06490560182023283,0.0,-0.2206984563250959,0.0027656380602583547,0.27252973826028765
