target_id,prot_ps,prot_acf,prot_cs,e_prot_ps,E_prot_ps,e_prot_acf,E_prot_acf,e_prot_cs,E_prot_cs,sph_ps,sph_acf,sph_cs,h_ps,fa_prob_ps,hacf,gacf,hcs
7679216,73.04938171867289,30.630117264576256,28.91389074753038,2.2548702962314735,2.402494333708134,-1.0,-1.0,4.656439437736833,4.656439437736833,722.6852239216322,691.3262909767412,705.4270589310817,0.11996851322605319,0.0,-0.4395216634776014,0.000730736570538737,0.13354739114826153
