target_id,prot_ps,prot_acf,prot_cs,e_prot_ps,E_prot_ps,e_prot_acf,E_prot_acf,e_prot_cs,E_prot_cs,sph_ps,sph_acf,sph_cs,h_ps,fa_prob_ps,hacf,gacf,hcs
7664576,59.97670653180756,62.77028560638428,63.39798846244811,10.99505332511297,17.461073042438457,-1.0,-1.0,9.27332164578914,9.27332164578914,3365.1167854247024,3365.1167854247024,3365.1167854247024,0.27868205431953924,0.0,0.12963665351749468,0.2516210236084514,0.9981946843284092
