target_id,prot_ps,prot_acf,prot_cs,e_prot_ps,E_prot_ps,e_prot_acf,E_prot_acf,e_prot_cs,E_prot_cs,sph_ps,sph_acf,sph_cs,h_ps,fa_prob_ps,hacf,gacf,hcs
7661672,91.31159786763357,53.65882207453251,46.59276785274669,1.1379216386540634,1.167014934360239,-1.0,-1.0,1.760427697451755,1.760427697451755,479.3309121350044,452.942074842324,470.5127334963388,0.1663408303963535,0.0,-0.04102553874490929,0.19600032284608582,0.9611837029052747
