target_id,prot_ps,prot_acf,prot_cs,e_prot_ps,E_prot_ps,e_prot_acf,E_prot_acf,e_prot_cs,E_prot_cs,sph_ps,sph_acf,sph_cs,h_ps,fa_prob_ps,hacf,gacf,hcs
7603635,73.04931213556814,18.226843943819404,34.00993211971807,2.4763821826247607,2.654562481061518,-1.0,-1.0,0.5617340475281066,0.5617340475281066,1219.5615004188264,1183.2557977696142,1186.0315574363922,0.0653933155406745,0.0,-0.24554993218763216,0.00036336844754070174,0.6152116577376454
