target_id,prot_ps,prot_acf,prot_cs,e_prot_ps,E_prot_ps,e_prot_acf,E_prot_acf,e_prot_cs,E_prot_cs,sph_ps,sph_acf,sph_cs,h_ps,fa_prob_ps,hacf,gacf,hcs
7621836,66.90708769074261,20.12726072454825,20.050935284029972,0.7171332321232171,0.7328148929530585,-1.0,-1.0,0.3518888778212191,0.3518888778212191,410.7567750899117,393.9178332031292,395.42923789945326,0.05826528804321242,0.0,0.12415837485665927,0.4075060500097031,0.8264790830033175
