target_id,prot_ps,prot_acf,prot_cs,e_prot_ps,E_prot_ps,e_prot_acf,E_prot_acf,e_prot_cs,E_prot_cs,sph_ps,sph_acf,sph_cs,h_ps,fa_prob_ps,hacf,gacf,hcs
7758086,28.095897909349567,28.21892258245498,27.865717743955663,1.4616186631130788,1.632086429137665,-1.0,-1.0,1.7339564825464167,1.7339564825464167,1905.51407291555,1905.6565454217064,1856.992664844686,0.0821297044345732,0.0,0.31250422963236074,0.7043195966246327,0.9963012148748072
