target_id,prot_ps,prot_acf,prot_cs,e_prot_ps,E_prot_ps,e_prot_acf,E_prot_acf,e_prot_cs,E_prot_cs,sph_ps,sph_acf,sph_cs,h_ps,fa_prob_ps,hacf,gacf,hcs
7799130,74.87820047585552,32.32539100199938,43.56592250902205,3.9136524836103916,4.365423578962918,-1.0,-1.0,6.580570065246343,6.580570065246343,734.7587267147312,602.2267796068056,606.6558412094554,0.057074320722588584,0.0,-0.36961526221380514,0.0005700180598317839,0.12557494454833545
