target_id,prot_ps,prot_acf,prot_cs,e_prot_ps,E_prot_ps,e_prot_acf,E_prot_acf,e_prot_cs,E_prot_cs,sph_ps,sph_acf,sph_cs,h_ps,fa_prob_ps,hacf,gacf,hcs
7730639,54.110795677011254,53.14810503227636,93.85853932768877,10.122104627647886,16.076629103133847,-1.0,-1.0,3.9173029874978447,3.9173029874978447,830.5283926761574,819.9375532220588,833.7293647058214,0.09229229575217862,0.0,0.042994272626651765,0.22971887266045038,1.3708947686651949
