target_id,prot_ps,prot_acf,prot_cs,e_prot_ps,E_prot_ps,e_prot_acf,E_prot_acf,e_prot_cs,E_prot_cs,sph_ps,sph_acf,sph_cs,h_ps,fa_prob_ps,hacf,gacf,hcs
7700437,97.76646356492789,0.7968777492642403,69.05170457765459,9.055375220104452,11.089619275217558,-1.0,-1.0,14.242598585573026,14.242598585573026,380.70106617919487,225.06809282445423,380.70106617919487,0.43428492749769837,0.0,0.9087468538589258,0.6788117635313328,0.10289145790753773
