target_id,prot_ps,prot_acf,prot_cs,e_prot_ps,E_prot_ps,e_prot_acf,E_prot_acf,e_prot_cs,E_prot_cs,sph_ps,sph_acf,sph_cs,h_ps,fa_prob_ps,hacf,gacf,hcs
7747625,26.089063043930295,51.45205470267683,53.04383626823305,3.320864662720105,4.439856155483454,-1.0,-1.0,2.188646617144816,2.188646617144816,2117.752495784034,2136.9371814208816,2133.055792078502,0.10101149397364945,0.0,0.3932195042274949,0.6931430339296027,0.47712526334523725
