target_id,prot_ps,prot_acf,prot_cs,e_prot_ps,E_prot_ps,e_prot_acf,E_prot_acf,e_prot_cs,E_prot_cs,sph_ps,sph_acf,sph_cs,h_ps,fa_prob_ps,hacf,gacf,hcs
7730381,52.69179809336258,49.3473645625636,52.77054432412417,9.761872146674229,15.417261816893046,-1.0,-1.0,1.4716322297728477,1.4716322297728477,531.7918938633447,527.198297940447,531.4715296899057,0.11920723126290635,0.0,0.1787480131396548,0.2681736669422436,0.8084397811065456
