target_id,prot_ps,prot_acf,prot_cs,e_prot_ps,E_prot_ps,e_prot_acf,E_prot_acf,e_prot_cs,E_prot_cs,sph_ps,sph_acf,sph_cs,h_ps,fa_prob_ps,hacf,gacf,hcs
7762843,6.551448287542731,6.600100348703563,6.645300258367237,0.3975703610108825,0.4518640944377692,-1.0,-1.0,0.11367197357906242,0.11367197357906242,6368.982996531232,6360.111455572565,6371.918681990408,0.22175499081042244,0.0,0.7870814411331188,1.2029207926820793,0.27893528779213195
