target_id,prot_ps,prot_acf,prot_cs,e_prot_ps,E_prot_ps,e_prot_acf,E_prot_acf,e_prot_cs,E_prot_cs,sph_ps,sph_acf,sph_cs,h_ps,fa_prob_ps,hacf,gacf,hcs
7743899,52.69235467990289,54.25133797572926,52.746509306121716,9.615510336097735,15.05524566164803,-1.0,-1.0,1.593041038931507,1.593041038931507,972.9424979873163,967.8807266775959,972.7206584783,0.09651369728694754,0.0,0.20118949199000738,0.32036772120864554,0.8965666285574014
