target_id,prot_ps,prot_acf,prot_cs,e_prot_ps,E_prot_ps,e_prot_acf,E_prot_acf,e_prot_cs,E_prot_cs,sph_ps,sph_acf,sph_cs,h_ps,fa_prob_ps,hacf,gacf,hcs
7742284,23.95063247661793,23.82566997408867,23.83774023966804,2.805722129913036,3.6530423450661935,-1.0,-1.0,0.45606829030442053,0.45606829030442053,1573.5575813579997,1572.4716328875295,1572.5465534684247,0.08582207521056656,0.0,0.20676846910218627,0.5045456525592265,0.9691319254625563
