target_id,prot_ps,prot_acf,prot_cs,e_prot_ps,E_prot_ps,e_prot_acf,E_prot_acf,e_prot_cs,E_prot_cs,sph_ps,sph_acf,sph_cs,h_ps,fa_prob_ps,hacf,gacf,hcs
7763092,50.75715338422883,21.925455724820495,51.92928371507289,1.185254982947363,1.2427129903128105,-1.0,-1.0,1.7895088264174388,1.7895088264174388,795.2177686234705,768.7043386740659,785.7827074104936,0.029528470435688507,0.0,0.041286356582499836,0.21048964645401153,0.6525775958349265
