target_id,prot_ps,prot_acf,prot_cs,e_prot_ps,E_prot_ps,e_prot_acf,E_prot_acf,e_prot_cs,E_prot_cs,sph_ps,sph_acf,sph_cs,h_ps,fa_prob_ps,hacf,gacf,hcs
7748839,73.0494057497246,20.31110584549606,32.7116354688943,23.182215321641344,64.56606855822311,-1.0,-1.0,0.836885376225876,0.836885376225876,561.258074996631,555.0484323381935,555.7062098818002,0.06790504517049158,0.0,-0.18192670307644757,0.00032295563973862296,0.5664329144255079
