target_id,prot_ps,prot_acf,prot_cs,e_prot_ps,E_prot_ps,e_prot_acf,E_prot_acf,e_prot_cs,E_prot_cs,sph_ps,sph_acf,sph_cs,h_ps,fa_prob_ps,hacf,gacf,hcs
7797516,88.81053974102157,5.803078938275576,69.16790805869938,8.225601837901664,10.073411694424706,-1.0,-1.0,1.7230394073547575,1.7230394073547575,3749.668966008545,3444.315137470021,3749.668966008545,0.18490320537402355,2.5348559266896913e-189,-0.008820058242387949,0.000383769547609737,6.473198077735689
