target_id,prot_ps,prot_acf,prot_cs,e_prot_ps,E_prot_ps,e_prot_acf,E_prot_acf,e_prot_cs,E_prot_cs,sph_ps,sph_acf,sph_cs,h_ps,fa_prob_ps,hacf,gacf,hcs
7769045,61.33149407548865,4.90410391241312,60.748974202028485,1.51966081224991,1.5997291762706354,-1.0,-1.0,4.144720320430583,4.144720320430583,212.51112451311496,186.4809461671149,212.61689984387408,0.057261387576683385,0.0,0.3097712860625366,0.016899957586164527,0.27485471661016764
