target_id,prot_ps,prot_acf,prot_cs,e_prot_ps,E_prot_ps,e_prot_acf,E_prot_acf,e_prot_cs,E_prot_cs,sph_ps,sph_acf,sph_cs,h_ps,fa_prob_ps,hacf,gacf,hcs
7733320,91.31169711116438,29.138448485173285,28.648776660085666,1.274128857157777,1.310543665914139,-1.0,-1.0,0.3778513196043377,0.3778513196043377,424.6915064775084,406.88511082459706,404.15306938649303,0.08714518580293018,0.0,-0.47459606532628656,0.0002972417658302362,0.23027976663047237
