target_id,prot_ps,prot_acf,prot_cs,e_prot_ps,E_prot_ps,e_prot_acf,E_prot_acf,e_prot_cs,E_prot_cs,sph_ps,sph_acf,sph_cs,h_ps,fa_prob_ps,hacf,gacf,hcs
7799847,54.55512048294485,32.03916496038437,46.48580425266177,9.563328801688392,14.647179048466235,-1.0,-1.0,3.8094835886634346,3.8094835886634346,1487.3146547839442,1688.1476771358557,1487.3146547839442,0.26145474857424084,0.0,-0.5741982562001093,0.00019094988393331125,0.11790837646978677
