target_id,prot_ps,prot_acf,prot_cs,e_prot_ps,E_prot_ps,e_prot_acf,E_prot_acf,e_prot_cs,E_prot_cs,sph_ps,sph_acf,sph_cs,h_ps,fa_prob_ps,hacf,gacf,hcs
7888432,73.04841512328808,31.937898124102503,31.251045957555604,2.0301882685999857,2.148413040894525,-1.0,-1.0,5.390931102265116,5.390931102265116,807.4682521969942,792.7493253216935,791.1346496027114,0.11380469881076415,0.0,-0.43750534671642305,0.00018748555864450678,0.0739638727085163
