target_id,prot_ps,prot_acf,prot_cs,e_prot_ps,E_prot_ps,e_prot_acf,E_prot_acf,e_prot_cs,E_prot_cs,sph_ps,sph_acf,sph_cs,h_ps,fa_prob_ps,hacf,gacf,hcs
7849605,73.59780290185161,4.107187588233501,73.3065553061664,1.9763703571228461,2.0873555667112953,-1.0,-1.0,4.008190980831566,4.008190980831566,304.7565420033029,260.169808640225,304.8106174216997,0.0653005422322273,0.0,0.4871383643631687,0.13821853707509396,0.09204116118905432
