target_id,prot_ps,prot_acf,prot_cs,e_prot_ps,E_prot_ps,e_prot_acf,E_prot_acf,e_prot_cs,E_prot_cs,sph_ps,sph_acf,sph_cs,h_ps,fa_prob_ps,hacf,gacf,hcs
7887504,61.33161046133664,29.322511442005634,39.34631491787732,9.977183588076642,14.717749545168843,-1.0,-1.0,5.850290126777873,5.850290126777873,127.54249973838076,121.22297376943102,120.46774958170118,0.14461955576464355,0.0,-0.42135923515194257,0.01454974015341795,0.11148490829724901
