target_id,prot_ps,prot_acf,prot_cs,e_prot_ps,E_prot_ps,e_prot_acf,E_prot_acf,e_prot_cs,E_prot_cs,sph_ps,sph_acf,sph_cs,h_ps,fa_prob_ps,hacf,gacf,hcs
7833591,72.93425790974243,54.558224407956004,54.402110237739976,0.8705097794520071,0.8919754947076228,-1.0,-1.0,7.797763689301743,7.797763689301743,1835.2733170925715,1541.194257619965,1546.1939415255272,0.14972713164483517,0.0,0.2606093538106682,0.5713794374774865,0.742775996657329
