target_id,prot_ps,prot_acf,prot_cs,e_prot_ps,E_prot_ps,e_prot_acf,E_prot_acf,e_prot_cs,E_prot_cs,sph_ps,sph_acf,sph_cs,h_ps,fa_prob_ps,hacf,gacf,hcs
7832257,18.239702423039486,13.608840906992555,18.241667671801856,0.43874152759257257,0.46114849917642076,-1.0,-1.0,0.1517248112157681,0.1517248112157681,1390.7148844151475,1382.322328484954,1390.7148844151475,0.030678238850989862,0.0,-0.12138124442826763,0.044565532118717666,1.6075640601318295
