target_id,prot_ps,prot_acf,prot_cs,e_prot_ps,E_prot_ps,e_prot_acf,E_prot_acf,e_prot_cs,E_prot_cs,sph_ps,sph_acf,sph_cs,h_ps,fa_prob_ps,hacf,gacf,hcs
7811688,26.563426241224757,26.931632791645825,26.788188131405036,3.8309396158747653,5.362103112791974,-1.0,-1.0,2.159171279433554,2.159171279433554,1395.458250345451,1396.5826788929626,1395.781493718567,0.07791831640896654,0.0,0.3460140777157173,0.6693726111660971,0.9563704410703007
