target_id,prot_ps,prot_acf,prot_cs,e_prot_ps,E_prot_ps,e_prot_acf,E_prot_acf,e_prot_cs,E_prot_cs,sph_ps,sph_acf,sph_cs,h_ps,fa_prob_ps,hacf,gacf,hcs
7809207,21.485101805442202,21.414508514106274,21.731843740465116,1.693292605578467,2.006386316018016,-1.0,-1.0,0.6744064536630454,0.6744064536630454,2961.8884482242925,2956.4818557369395,2925.750301987126,0.12152893931087778,0.0,0.48870524190870857,0.8196291969440068,0.9723772947364723
