target_id,prot_ps,prot_acf,prot_cs,e_prot_ps,E_prot_ps,e_prot_acf,E_prot_acf,e_prot_cs,E_prot_cs,sph_ps,sph_acf,sph_cs,h_ps,fa_prob_ps,hacf,gacf,hcs
7870339,52.86727935283435,29.935274571180344,57.91558373693558,7.292314833342104,10.032264744253823,-1.0,-1.0,5.143867323246081,5.143867323246081,2425.42077486286,1825.9337458582786,2322.6292185847788,0.12602682025170167,0.0,0.046470235131197496,0.39545670964401847,7.963011342949825
