target_id,prot_ps,prot_acf,prot_cs,e_prot_ps,E_prot_ps,e_prot_acf,E_prot_acf,e_prot_cs,E_prot_cs,sph_ps,sph_acf,sph_cs,h_ps,fa_prob_ps,hacf,gacf,hcs
7878021,81.1658808587995,15.406992027536035,81.99482641731387,2.569291229404868,2.7448013291116666,-1.0,-1.0,11.760404513850444,11.760404513850444,1088.3472221340817,1047.9229008094778,1087.2891365545504,0.06741232922536361,0.0,0.14885965473006824,0.35009148343817353,0.46954252378322364
