target_id,prot_ps,prot_acf,prot_cs,e_prot_ps,E_prot_ps,e_prot_acf,E_prot_acf,e_prot_cs,E_prot_cs,sph_ps,sph_acf,sph_cs,h_ps,fa_prob_ps,hacf,gacf,hcs
7803596,9.548928695298262,9.501661055255681,9.556348111185269,0.2543292328196536,0.2685443193766961,-1.0,-1.0,0.13588253529314936,0.13588253529314936,7567.871093740673,7572.780564112604,7559.903225722998,0.3109022468960957,0.0,0.6302386964533713,1.073868432351321,0.3079768659898583
