target_id,prot_ps,prot_acf,prot_cs,e_prot_ps,E_prot_ps,e_prot_acf,E_prot_acf,e_prot_cs,E_prot_cs,sph_ps,sph_acf,sph_cs,h_ps,fa_prob_ps,hacf,gacf,hcs
7918265,73.04845822076622,24.418306213337928,22.355522512076163,2.057054290577071,2.1785222957127814,-1.0,-1.0,0.38261418151731225,0.38261418151731225,762.2497089709395,749.9597771517078,749.3446263153335,0.09359621196387533,0.0,-0.33475631562217173,0.0005474957810721048,0.1080317541168488
