target_id,prot_ps,prot_acf,prot_cs,e_prot_ps,E_prot_ps,e_prot_acf,E_prot_acf,e_prot_cs,E_prot_cs,sph_ps,sph_acf,sph_cs,h_ps,fa_prob_ps,hacf,gacf,hcs
7958890,1.6988218101257901,1.6960407504811883,1.691702574573494,0.05946169004882451,0.06392844445287604,-1.0,-1.0,0.04374004148721791,0.04374004148721791,1579.7830685191946,1579.7830685191946,1569.1098380480335,0.1599234457061034,0.0,0.887317409618821,1.339192728891767,0.1885938345693554
