target_id,prot_ps,prot_acf,prot_cs,e_prot_ps,E_prot_ps,e_prot_acf,E_prot_acf,e_prot_cs,E_prot_cs,sph_ps,sph_acf,sph_cs,h_ps,fa_prob_ps,hacf,gacf,hcs
7916035,73.04850952360506,27.217745700851083,28.913950708829795,2.695459822006711,2.9079155706958772,-1.0,-1.0,2.939152868335287,2.939152868335287,324.23732734772256,318.5804761093959,323.640224828782,0.0925678755372911,0.0,-0.43232730388651697,0.0027938205485035783,0.1184926462208091
