target_id,prot_ps,prot_acf,prot_cs,e_prot_ps,E_prot_ps,e_prot_acf,E_prot_acf,e_prot_cs,E_prot_cs,sph_ps,sph_acf,sph_cs,h_ps,fa_prob_ps,hacf,gacf,hcs
7949266,61.99504946470833,64.05983837787062,62.39085240607218,8.092292918278439,10.912701697066488,-1.0,-1.0,2.6142143728273215,2.6142143728273215,1579.0434860237629,1593.3035067268602,1581.050874912869,0.4095332758659086,0.0,0.6867772417907122,1.3798884215470886,0.9660269538082139
