target_id,prot_ps,prot_acf,prot_cs,e_prot_ps,E_prot_ps,e_prot_acf,E_prot_acf,e_prot_cs,E_prot_cs,sph_ps,sph_acf,sph_cs,h_ps,fa_prob_ps,hacf,gacf,hcs
7909717,45.893397770250154,3.4124234970659018,3.3433576801791784,6.267559454735206,8.59045446017685,-1.0,-1.0,0.46990014484481607,0.46990014484481607,973.8613652548062,912.3725511391576,907.5379752802039,0.032883010456459166,0.0,0.5010702709340397,0.3190512240886484,0.07371135850824052
