target_id,prot_ps,prot_acf,prot_cs,e_prot_ps,E_prot_ps,e_prot_acf,E_prot_acf,e_prot_cs,E_prot_cs,sph_ps,sph_acf,sph_cs,h_ps,fa_prob_ps,hacf,gacf,hcs
7908709,59.512008409871974,0.5925818020477891,68.27461883076468,5.410354121715322,6.612677224350946,-1.0,-1.0,9.095571814605504,9.095571814605504,313.4554026981211,245.98186525095844,313.4554026981211,0.15179612679565474,1.7438899240870737e-204,0.7595457145779702,0.1700699257202287,0.18209952474785626
