target_id,prot_ps,prot_acf,prot_cs,e_prot_ps,E_prot_ps,e_prot_acf,E_prot_acf,e_prot_cs,E_prot_cs,sph_ps,sph_acf,sph_cs,h_ps,fa_prob_ps,hacf,gacf,hcs
7967689,56.359149624931284,27.13604226708412,29.822060908656564,1.461728786247427,1.5425436411151452,-1.0,-1.0,4.781838193889265,4.781838193889265,1018.8801277814555,1021.9353489902883,1023.1633673015185,0.04326236814111274,0.0,-0.25625884524262943,0.01950479225300006,0.30992544034118824
