target_id,prot_ps,prot_acf,prot_cs,e_prot_ps,E_prot_ps,e_prot_acf,E_prot_acf,e_prot_cs,E_prot_cs,sph_ps,sph_acf,sph_cs,h_ps,fa_prob_ps,hacf,gacf,hcs
7976762,45.922211876618164,1.9003378842025995,46.31184725023805,9.1806044778927,15.195513213332646,-1.0,-1.0,1.6765400629239395,1.6765400629239395,651.3093330620874,615.0473068999773,651.8031561899295,0.03150007782308769,0.0,0.4485776271893799,0.002070116718317083,0.1831304485840262
