target_id,prot_ps,prot_acf,prot_cs,e_prot_ps,E_prot_ps,e_prot_acf,E_prot_acf,e_prot_cs,E_prot_cs,sph_ps,sph_acf,sph_cs,h_ps,fa_prob_ps,hacf,gacf,hcs
7987666,73.59779106145231,59.85050013381988,91.41761959936873,1.8686630919582683,1.9675783896486223,-1.0,-1.0,3.8615745091032503,3.8615745091032503,356.5964595211251,356.4045297438448,358.0181050797658,0.17232043952571507,0.0,0.009514529206760438,0.23272885052915782,19.939025489689083
