target_id,prot_ps,prot_acf,prot_cs,e_prot_ps,E_prot_ps,e_prot_acf,E_prot_acf,e_prot_cs,E_prot_cs,sph_ps,sph_acf,sph_cs,h_ps,fa_prob_ps,hacf,gacf,hcs
7950108,63.52120291692937,26.420775534119457,28.568837321133827,10.795606201011147,16.43929144687766,-1.0,-1.0,0.49241093366412714,0.49241093366412714,385.0046390103055,386.87767290788594,390.855841306561,0.06803698255740982,0.0,-0.3931370937479052,0.0005153818300797919,0.20948643398333852
