target_id,prot_ps,prot_acf,prot_cs,e_prot_ps,E_prot_ps,e_prot_acf,E_prot_acf,e_prot_cs,E_prot_cs,sph_ps,sph_acf,sph_cs,h_ps,fa_prob_ps,hacf,gacf,hcs
7905685,69.57083310984535,20.41326508205384,28.91388811186887,9.760113941925987,13.513948564196312,-1.0,-1.0,9.203887520551744,9.203887520551744,856.5775048807511,836.7243393102411,847.5732804936097,0.0193487616857781,1.6615818135780048e-298,-0.20178948016651826,0.0012306391896953067,0.2842434602747791
