target_id,prot_ps,prot_acf,prot_cs,e_prot_ps,E_prot_ps,e_prot_acf,E_prot_acf,e_prot_cs,E_prot_cs,sph_ps,sph_acf,sph_cs,h_ps,fa_prob_ps,hacf,gacf,hcs
7956926,73.04938496433128,64.36615996062756,73.49033736615506,21.269345962565502,51.64357095003122,-1.0,-1.0,3.147232510176751,3.147232510176751,1031.4486513423858,1032.6204357137437,1031.7853190553792,0.19734108162874825,0.0,0.23141619511315703,0.4003676825148133,0.8599498347583558
