target_id,prot_ps,prot_acf,prot_cs,e_prot_ps,E_prot_ps,e_prot_acf,E_prot_acf,e_prot_cs,E_prot_cs,sph_ps,sph_acf,sph_cs,h_ps,fa_prob_ps,hacf,gacf,hcs
7902140,48.69900312891583,3.5963384434580803,49.103626611031906,7.016616472934729,9.817307969115042,-1.0,-1.0,3.036727833374315,3.036727833374315,703.0548333901385,544.778435328593,695.1922769333424,0.03130169890426659,0.0,0.37159989687608685,0.28475935087463045,0.41887467770166786
