target_id,prot_ps,prot_acf,prot_cs,e_prot_ps,E_prot_ps,e_prot_acf,E_prot_acf,e_prot_cs,E_prot_cs,sph_ps,sph_acf,sph_cs,h_ps,fa_prob_ps,hacf,gacf,hcs
7941280,73.59869528591574,51.55421967431903,52.029916160255674,1.7750452468130504,1.8659509004071566,-1.0,-1.0,6.999679828933136,6.999679828933136,308.5180727211467,305.23261439829054,305.6204557377671,0.10394423598027172,0.0,0.23669935235082198,0.422953913474279,0.7531744115684761
