target_id,prot_ps,prot_acf,prot_cs,e_prot_ps,E_prot_ps,e_prot_acf,E_prot_acf,e_prot_cs,E_prot_cs,sph_ps,sph_acf,sph_cs,h_ps,fa_prob_ps,hacf,gacf,hcs
7984859,91.31181785021059,1.7981675006449223,91.34605751343035,1.301735506218094,1.3400178104944018,-1.0,-1.0,3.718551198171549,3.718551198171549,659.6460565735625,470.29324447813116,659.573700099347,0.09672640785351999,0.0,0.7925550806402701,0.08967795534912876,0.3097956670027409
