target_id,prot_ps,prot_acf,prot_cs,e_prot_ps,E_prot_ps,e_prot_acf,E_prot_acf,e_prot_cs,E_prot_cs,sph_ps,sph_acf,sph_cs,h_ps,fa_prob_ps,hacf,gacf,hcs
7902889,61.331958133226884,4.801971411798149,55.10415449445135,11.314170733436136,17.98446179552265,-1.0,-1.0,2.4314063174644525,2.4314063174644525,138.27074033028006,108.95040264463147,132.73715261278193,0.038882841410866384,0.0,0.19558760977508471,0.05148936477359397,0.4651260074143781
