target_id,prot_ps,prot_acf,prot_cs,e_prot_ps,E_prot_ps,e_prot_acf,E_prot_acf,e_prot_cs,E_prot_cs,sph_ps,sph_acf,sph_cs,h_ps,fa_prob_ps,hacf,gacf,hcs
7958329,73.0494009807211,31.222703833132982,28.651070045063776,1.823466570561493,1.9182773543875413,-1.0,-1.0,0.3820853987695401,0.3820853987695401,782.1529693995545,775.2643600119916,765.7238371548666,0.1442812073155677,0.0,-0.46780043732827675,0.0002862839770060299,0.15766802267591537
