target_id,prot_ps,prot_acf,prot_cs,e_prot_ps,E_prot_ps,e_prot_acf,E_prot_acf,e_prot_cs,E_prot_cs,sph_ps,sph_acf,sph_cs,h_ps,fa_prob_ps,hacf,gacf,hcs
7958449,73.04912914488678,35.63724856823683,28.914600399392654,2.429524702357753,2.6017353905779714,-1.0,-1.0,4.528320237059692,4.528320237059692,1168.6475922976579,1112.1208765714146,1121.4162359016354,0.11917198340970482,0.0,-0.4211604665380425,0.00018589474038921416,0.11427662903465206
