target_id,prot_ps,prot_acf,prot_cs,e_prot_ps,E_prot_ps,e_prot_acf,E_prot_acf,e_prot_cs,E_prot_cs,sph_ps,sph_acf,sph_cs,h_ps,fa_prob_ps,hacf,gacf,hcs
7967433,47.12820533842485,14.4058295362629,28.86786357311769,8.202063113728386,12.514471905430867,-1.0,-1.0,2.121700802849463,2.121700802849463,470.05721662673506,451.4391022418607,462.35864082518617,0.03153015795940375,0.0,-0.17601392706904692,0.00026451059343637895,0.6803583115659891
