target_id,prot_ps,prot_acf,prot_cs,e_prot_ps,E_prot_ps,e_prot_acf,E_prot_acf,e_prot_cs,E_prot_cs,sph_ps,sph_acf,sph_cs,h_ps,fa_prob_ps,hacf,gacf,hcs
7900727,16.60214142239625,16.91911377198994,16.778734168591907,1.9299256515258012,2.506938251553109,-1.0,-1.0,0.885896721361773,0.885896721361773,1664.951203059279,1703.21867934252,1704.0797053396186,0.053085920848411836,0.0,0.19680120869031537,0.426772745023842,0.960669774003843
