target_id,prot_ps,prot_acf,prot_cs,e_prot_ps,E_prot_ps,e_prot_acf,E_prot_acf,e_prot_cs,E_prot_cs,sph_ps,sph_acf,sph_cs,h_ps,fa_prob_ps,hacf,gacf,hcs
7901541,23.950674379234542,24.234384979121387,24.37353857246693,2.163154250622913,2.6342271956721355,-1.0,-1.0,1.5301283330212123,1.5301283330212123,2209.5955666207683,2200.2514520512127,2185.6107854330307,0.07409204157692315,0.0,0.473697804463923,0.8722454782773068,0.9987729246258413
