target_id,prot_ps,prot_acf,prot_cs,e_prot_ps,E_prot_ps,e_prot_acf,E_prot_acf,e_prot_cs,E_prot_cs,sph_ps,sph_acf,sph_cs,h_ps,fa_prob_ps,hacf,gacf,hcs
8092245,73.04858182839507,7.601360198110342,7.8204079859332465,16.648975523447824,30.85379294979313,-1.0,-1.0,0.3828509000487263,0.3828509000487263,1305.8632230995493,1173.748634587174,1177.875007940216,0.05461981472521027,0.0,0.5080432954121061,0.5923700184685441,0.4710395432380906
