target_id,prot_ps,prot_acf,prot_cs,e_prot_ps,E_prot_ps,e_prot_acf,E_prot_acf,e_prot_cs,E_prot_cs,sph_ps,sph_acf,sph_cs,h_ps,fa_prob_ps,hacf,gacf,hcs
8094756,16.415634606214496,16.306108349002898,16.44850283083096,0.9764465121059178,1.1091842048347118,-1.0,-1.0,0.5780357586824866,0.5780357586824866,6564.466448094041,6532.698909607826,6563.749466787627,0.21908239277678512,0.0,0.6599525349662109,1.21690947833289,0.9611141973912909
