target_id,prot_ps,prot_acf,prot_cs,e_prot_ps,E_prot_ps,e_prot_acf,E_prot_acf,e_prot_cs,E_prot_cs,sph_ps,sph_acf,sph_cs,h_ps,fa_prob_ps,hacf,gacf,hcs
8078253,47.48294842822218,52.24896659189835,48.02470813920255,11.915091133347154,23.680969732143097,-1.0,-1.0,3.1897704867531695,3.1897704867531695,209.3133183035084,215.5416024063173,208.28549226971975,0.09763763853424647,0.0,0.25441601358433663,0.4206638628199725,0.8108639477361816
