target_id,prot_ps,prot_acf,prot_cs,e_prot_ps,E_prot_ps,e_prot_acf,E_prot_acf,e_prot_cs,E_prot_cs,sph_ps,sph_acf,sph_cs,h_ps,fa_prob_ps,hacf,gacf,hcs
8078130,54.11056911641925,53.0458046682179,54.21652794096188,9.486890256626467,14.531319184851348,-1.0,-1.0,1.4812528503964273,1.4812528503964273,865.2206943129879,828.4414843127688,864.7038081794338,0.11822436770686434,0.0,0.15088425275235368,0.3019625689647079,1.006820222519536
