target_id,prot_ps,prot_acf,prot_cs,e_prot_ps,E_prot_ps,e_prot_acf,E_prot_acf,e_prot_cs,E_prot_cs,sph_ps,sph_acf,sph_cs,h_ps,fa_prob_ps,hacf,gacf,hcs
8029848,85.94831614019435,0.7969158324413002,21.73189475067425,7.960954224094067,9.74936615276242,-1.0,-1.0,3.948225608942843,3.948225608942843,519.9296107813819,355.9879913740088,519.9296107813819,0.2583388171227896,3.2956647623886454e-269,0.8186969969127623,0.06520887753814969,0.14949285752698918
