target_id,prot_ps,prot_acf,prot_cs,e_prot_ps,E_prot_ps,e_prot_acf,E_prot_acf,e_prot_cs,E_prot_cs,sph_ps,sph_acf,sph_cs,h_ps,fa_prob_ps,hacf,gacf,hcs
8024918,1.6090011034614107,1.5938323186710477,74.11949055183118,0.01603446934747188,0.016359467255203652,-1.0,-1.0,5.047224492161963,5.047224492161963,249.0214196138244,247.9711456019298,329.4027505720967,0.10369003095788873,0.0,0.8167701511726199,0.2531181722633159,0.1711784923187449
