target_id,prot_ps,prot_acf,prot_cs,e_prot_ps,E_prot_ps,e_prot_acf,E_prot_acf,e_prot_cs,E_prot_cs,sph_ps,sph_acf,sph_cs,h_ps,fa_prob_ps,hacf,gacf,hcs
8007721,89.96512508599679,35.328742037992924,48.366866391389635,7.929324136091736,9.64682856932896,-1.0,-1.0,4.927455274099792,4.927455274099792,2384.3900166172443,2402.9466596563875,2384.3900166172443,0.3465846901278737,0.0,-0.3947878668261771,0.00017682916873210108,0.10298816374307375
