target_id,prot_ps,prot_acf,prot_cs,e_prot_ps,E_prot_ps,e_prot_acf,E_prot_acf,e_prot_cs,E_prot_cs,sph_ps,sph_acf,sph_cs,h_ps,fa_prob_ps,hacf,gacf,hcs
8085114,77.472398065076,1.1034209411591291,99.08331810907458,1.9833658058744845,2.0915267882546686,-1.0,-1.0,10.881782576743007,10.881782576743007,889.4397043528911,746.4321714250917,890.023602481142,0.025014133400984045,0.0,0.4347877675947048,0.007212816193663069,0.09970332387871664
