target_id,prot_ps,prot_acf,prot_cs,e_prot_ps,E_prot_ps,e_prot_acf,E_prot_acf,e_prot_cs,E_prot_cs,sph_ps,sph_acf,sph_cs,h_ps,fa_prob_ps,hacf,gacf,hcs
8056871,36.524745208637945,36.228942984715104,36.35707415789275,5.158201093089595,7.160440500145441,-1.0,-1.0,0.9062388502188762,0.9062388502188762,2233.043076256827,2233.9519156309116,2236.01895092793,0.18507526129886398,0.0,0.3242398672487141,0.7284023844611597,0.9848199578246801
