target_id,prot_ps,prot_acf,prot_cs,e_prot_ps,E_prot_ps,e_prot_acf,E_prot_acf,e_prot_cs,E_prot_cs,sph_ps,sph_acf,sph_cs,h_ps,fa_prob_ps,hacf,gacf,hcs
8043390,73.04845484360709,13.118453152477741,73.64640090298329,6.6659529089895955,8.172392807975754,-1.0,-1.0,5.883081163914681,5.883081163914681,437.31282001404026,425.54642364442606,437.65914459486726,0.048483875430072015,0.0,0.12059000925464315,0.21536294441916104,0.9147718674366969
