target_id,prot_ps,prot_acf,prot_cs,e_prot_ps,E_prot_ps,e_prot_acf,E_prot_acf,e_prot_cs,E_prot_cs,sph_ps,sph_acf,sph_cs,h_ps,fa_prob_ps,hacf,gacf,hcs
8038865,66.40871853722325,42.64518280653283,26.89139431180137,2.0593113791230166,2.1940224130523944,-1.0,-1.0,6.97207024128167,6.97207024128167,696.4571789461296,645.4372437332526,617.1811779441606,0.039269477645887695,0.0,-0.019514525142652697,0.07285575572926842,3.565678425376506
