target_id,prot_ps,prot_acf,prot_cs,e_prot_ps,E_prot_ps,e_prot_acf,E_prot_acf,e_prot_cs,E_prot_cs,sph_ps,sph_acf,sph_cs,h_ps,fa_prob_ps,hacf,gacf,hcs
8023308,73.04847175718946,28.62766026891768,28.913936871606854,23.374433806502978,66.0986000107598,-1.0,-1.0,5.320564349027125,5.320564349027125,526.4446280102043,497.78239945627035,498.2988571889626,0.13831475320264533,0.0,-0.4173054904128823,0.00010008236715389196,0.1306373417295362
