target_id,prot_ps,prot_acf,prot_cs,e_prot_ps,E_prot_ps,e_prot_acf,E_prot_acf,e_prot_cs,E_prot_cs,sph_ps,sph_acf,sph_cs,h_ps,fa_prob_ps,hacf,gacf,hcs
8099238,23.804903882631535,4.1072215642780066,4.230205464889937,3.3949844563213674,4.730905630034588,-1.0,-1.0,0.1539292433772329,0.1539292433772329,472.72104010766503,438.7184573765649,444.4714825413301,0.0908674745712437,7.090435338491242e-117,0.369546099454458,0.22774996051640398,0.3015637692036146
