target_id,prot_ps,prot_acf,prot_cs,e_prot_ps,E_prot_ps,e_prot_acf,E_prot_acf,e_prot_cs,E_prot_cs,sph_ps,sph_acf,sph_cs,h_ps,fa_prob_ps,hacf,gacf,hcs
8046659,26.089074087415984,19.61636021733284,15.746191539484911,0.7125953738927464,0.7537684063190788,-1.0,-1.0,0.22439075729501082,0.22439075729501082,534.0629927614046,534.1988009424197,530.5824428590797,0.025045980625681485,0.0,-0.04298814282468441,0.00050045897604932,0.9690287518108693
