target_id,prot_ps,prot_acf,prot_cs,e_prot_ps,E_prot_ps,e_prot_acf,E_prot_acf,e_prot_cs,E_prot_cs,sph_ps,sph_acf,sph_cs,h_ps,fa_prob_ps,hacf,gacf,hcs
8021814,39.70295085828338,36.73982222378254,35.99276554942131,9.075654420548059,16.579749222558334,-1.0,-1.0,4.296473247445274,4.296473247445274,608.956471455922,592.2972976082202,587.5276791899973,0.04518952824325334,0.0,0.18674876096226936,0.37358637408082257,0.9022183023736938
