target_id,prot_ps,prot_acf,prot_cs,e_prot_ps,E_prot_ps,e_prot_acf,E_prot_acf,e_prot_cs,E_prot_cs,sph_ps,sph_acf,sph_cs,h_ps,fa_prob_ps,hacf,gacf,hcs
8035021,73.04850965661751,57.25534793827683,73.80177568506448,2.0672509467836306,2.189961977661369,-1.0,-1.0,3.9011062650000414,3.9011062650000414,523.5337413604553,525.0702606150684,523.5179254416737,0.124103635837644,0.0,0.14118287609006733,0.2755957196683136,0.4775513819249327
