target_id,prot_ps,prot_acf,prot_cs,e_prot_ps,E_prot_ps,e_prot_acf,E_prot_acf,e_prot_cs,E_prot_cs,sph_ps,sph_acf,sph_cs,h_ps,fa_prob_ps,hacf,gacf,hcs
8004764,91.31181992925505,17.123459089547396,53.66205760772522,1.4400262811472402,1.486959071259264,-1.0,-1.0,6.754815292484082,6.754815292484082,1377.1955400739323,1326.6204077521809,1332.235562571529,0.04791373940023839,0.0,-0.2337404950940131,0.0005337039425248741,0.36084517093987295
