target_id,prot_ps,prot_acf,prot_cs,e_prot_ps,E_prot_ps,e_prot_acf,E_prot_acf,e_prot_cs,E_prot_cs,sph_ps,sph_acf,sph_cs,h_ps,fa_prob_ps,hacf,gacf,hcs
8086569,73.04939376551914,34.124286295846105,31.45237511258572,23.577376960558155,67.74601110181136,-1.0,-1.0,4.919654973261151,4.919654973261151,480.6015724472367,455.94479693080706,472.67987461096396,0.11800121274613412,0.0,-0.49933993946472705,0.00023543582577773003,0.10273638901628099
