target_id,prot_ps,prot_acf,prot_cs,e_prot_ps,E_prot_ps,e_prot_acf,E_prot_acf,e_prot_cs,E_prot_cs,sph_ps,sph_acf,sph_cs,h_ps,fa_prob_ps,hacf,gacf,hcs
8016472,53.907857903783025,21.516753954347223,45.495980861479445,0.535052906234398,0.5458755311977086,-1.0,-1.0,12.61956545987714,12.61956545987714,1049.3803644194384,1028.3675955580886,1044.025456171629,0.059905438666992196,0.0,-0.1424022167285769,0.0005858132909531688,0.4611893226801371
