target_id,prot_ps,prot_acf,prot_cs,e_prot_ps,E_prot_ps,e_prot_acf,E_prot_acf,e_prot_cs,E_prot_cs,sph_ps,sph_acf,sph_cs,h_ps,fa_prob_ps,hacf,gacf,hcs
8016816,56.613789448218526,50.859738206490874,56.83186263696899,10.647937128744282,16.966091850038737,-1.0,-1.0,9.958227995976948,9.958227995976948,178.0286809738455,173.01316583509995,178.63759300729217,0.044794331530914715,0.0,0.14139501373772928,0.26842785759079363,1.013786799005029
