target_id,prot_ps,prot_acf,prot_cs,e_prot_ps,E_prot_ps,e_prot_acf,E_prot_acf,e_prot_cs,E_prot_cs,sph_ps,sph_acf,sph_cs,h_ps,fa_prob_ps,hacf,gacf,hcs
8146379,54.11060010389655,29.42450076341629,30.13150612877888,1.4780121258852574,1.5634463775972236,-1.0,-1.0,6.3957876050766655,6.3957876050766655,1196.8016111198845,1126.3797578052697,1116.9850302245386,0.11412870007639524,0.0,-0.16758581532173206,0.0867985628926431,0.27549315921839684
