target_id,prot_ps,prot_acf,prot_cs,e_prot_ps,E_prot_ps,e_prot_acf,E_prot_acf,e_prot_cs,E_prot_cs,sph_ps,sph_acf,sph_cs,h_ps,fa_prob_ps,hacf,gacf,hcs
8176951,13.653928656485576,13.506706289947033,13.744079649243966,2.37709099292095,3.627538204649502,-1.0,-1.0,0.21317624446851244,0.21317624446851244,1259.7669428399756,1264.2315034443827,1252.2463932560643,0.04355909997368366,0.0,0.20231357897244287,0.3989809709721079,0.9908411382321273
