target_id,prot_ps,prot_acf,prot_cs,e_prot_ps,E_prot_ps,e_prot_acf,E_prot_acf,e_prot_cs,E_prot_cs,sph_ps,sph_acf,sph_cs,h_ps,fa_prob_ps,hacf,gacf,hcs
8126029,73.59809358877438,9.808248281478882,54.485217371311975,0.966510946617646,0.9925383549022371,-1.0,-1.0,1.2966377010782901,1.2966377010782901,244.260157963197,232.20793854672118,245.3803984719644,0.09313761589127915,0.0,0.10965390227113495,0.21331210141192858,0.2460077644594967
