target_id,prot_ps,prot_acf,prot_cs,e_prot_ps,E_prot_ps,e_prot_acf,E_prot_acf,e_prot_cs,E_prot_cs,sph_ps,sph_acf,sph_cs,h_ps,fa_prob_ps,hacf,gacf,hcs
8126552,109.11192555457488,23.72325234627351,100.55740444740582,9.92147629946487,12.126534655726331,-1.0,-1.0,7.188194388580225,7.188194388580225,2172.7678749494503,2163.98963118099,2172.7678749494503,0.3465860105453052,0.0,0.23375763034691832,0.3786427817664242,1.0535166759857757
