target_id,prot_ps,prot_acf,prot_cs,e_prot_ps,E_prot_ps,e_prot_acf,E_prot_acf,e_prot_cs,E_prot_cs,sph_ps,sph_acf,sph_cs,h_ps,fa_prob_ps,hacf,gacf,hcs
8153731,91.31176711363223,31.32482382422313,42.163458071504714,1.338023884460597,1.378453769611724,-1.0,-1.0,12.086428298786169,12.086428298786169,1329.1676970335598,1312.4379246195738,1302.301718096491,0.0872479142532055,0.0,-0.11191324064912567,0.053412010643969596,0.5099347342538352
