target_id,prot_ps,prot_acf,prot_cs,e_prot_ps,E_prot_ps,e_prot_acf,E_prot_acf,e_prot_cs,E_prot_cs,sph_ps,sph_acf,sph_cs,h_ps,fa_prob_ps,hacf,gacf,hcs
8192911,8.670641740350248,8.806941635441035,8.768790421290444,0.4181556163223128,0.462300035740947,-1.0,-1.0,0.10188493565612282,0.10188493565612282,2556.7249415403385,2583.6242652906403,2570.0603887539037,0.09146752357715071,0.0,0.6779796913359604,0.9911298896735218,0.9692860684430828
