target_id,prot_ps,prot_acf,prot_cs,e_prot_ps,E_prot_ps,e_prot_acf,E_prot_acf,e_prot_cs,E_prot_cs,sph_ps,sph_acf,sph_cs,h_ps,fa_prob_ps,hacf,gacf,hcs
8172692,25.63072645068002,25.317436447832733,25.576699925399936,2.0755735086076754,2.481494923819195,-1.0,-1.0,1.3041432337832208,1.3041432337832208,3993.634650003001,3930.3424563988024,3901.9778980048345,0.19756237721732006,0.0,0.6564085376477049,1.1242100294687376,0.9815514963153604
