target_id,prot_ps,prot_acf,prot_cs,e_prot_ps,E_prot_ps,e_prot_acf,E_prot_acf,e_prot_cs,E_prot_cs,sph_ps,sph_acf,sph_cs,h_ps,fa_prob_ps,hacf,gacf,hcs
8150741,60.87386542217143,19.820731631480157,41.0491438836744,0.6010585159036523,0.6132121288971462,-1.0,-1.0,6.334485942129474,6.334485942129474,832.7531858774777,815.4165269057942,830.3941406414209,0.03995526118054038,0.0,-0.21955302238002217,0.001019132358071967,0.2440100298756294
