target_id,prot_ps,prot_acf,prot_cs,e_prot_ps,E_prot_ps,e_prot_acf,E_prot_acf,e_prot_cs,E_prot_cs,sph_ps,sph_acf,sph_cs,h_ps,fa_prob_ps,hacf,gacf,hcs
8110454,45.655888922263514,13.813189504668117,81.43591572317047,15.427393137769027,46.6159920122649,-1.0,-1.0,3.089747213880676,3.089747213880676,298.1850950904013,284.1669543826231,283.73593618526604,0.04000655240449567,0.0,0.010543411410237654,0.15381843802674403,4.232425655462312
