target_id,prot_ps,prot_acf,prot_cs,e_prot_ps,E_prot_ps,e_prot_acf,E_prot_acf,e_prot_cs,E_prot_cs,sph_ps,sph_acf,sph_cs,h_ps,fa_prob_ps,hacf,gacf,hcs
8167763,32.46642414842808,31.73356964206323,32.429016829217964,3.1988684266099767,3.989513640341407,-1.0,-1.0,0.8833740869162386,0.8833740869162386,1266.330457953433,1280.0157329207707,1266.438953107396,0.18515478110995606,0.0,0.43457523377445856,0.892218498845103,0.9544952998941059
