target_id,prot_ps,prot_acf,prot_cs,e_prot_ps,E_prot_ps,e_prot_acf,E_prot_acf,e_prot_cs,E_prot_cs,sph_ps,sph_acf,sph_cs,h_ps,fa_prob_ps,hacf,gacf,hcs
8197091,0.16770824466231776,0.10217224713414907,13.414528683189003,0.001646205883530344,0.0016793171821382902,-1.0,-1.0,3.014357412116865,3.014357412116865,1428.1706335123667,1417.2870827903723,1487.2739957395784,0.27129516192173375,7.102475185077e-311,1.0780628792586753,0.2037595724483311,0.023731400524332823
