target_id,prot_ps,prot_acf,prot_cs,e_prot_ps,E_prot_ps,e_prot_acf,E_prot_acf,e_prot_cs,E_prot_cs,sph_ps,sph_acf,sph_cs,h_ps,fa_prob_ps,hacf,gacf,hcs
8162193,73.04940574943683,33.94038914423436,28.913901290176433,22.81072478900287,61.77984019678203,-1.0,-1.0,2.7531766709882395,2.7531766709882395,1006.4174774808546,957.5789836582543,964.8493193681101,0.07892615609930596,0.0,-0.3814320642120799,0.00019730954284077895,0.29233905951816447
