target_id,prot_ps,prot_acf,prot_cs,e_prot_ps,E_prot_ps,e_prot_acf,E_prot_acf,e_prot_cs,E_prot_cs,sph_ps,sph_acf,sph_cs,h_ps,fa_prob_ps,hacf,gacf,hcs
8193315,1.31148044332044,1.3077583014965057,91.3853327596315,0.012995404801591892,0.013258045448625966,-1.0,-1.0,3.081467843094968,3.081467843094968,9347.644866690798,9347.644866690798,10214.008296579741,0.1547803125536942,0.0,0.6748437444814316,0.5406009618539458,0.10524304215544257
