target_id,prot_ps,prot_acf,prot_cs,e_prot_ps,E_prot_ps,e_prot_acf,E_prot_acf,e_prot_cs,E_prot_cs,sph_ps,sph_acf,sph_cs,h_ps,fa_prob_ps,hacf,gacf,hcs
8178937,56.19188910438218,23.82571992650628,35.187891080137334,8.738154598596843,12.625587133337966,-1.0,-1.0,5.344041408931292,5.344041408931292,372.8299769960423,368.74136679052117,371.57472314359717,0.03705814924961752,0.0,-0.339745213659812,0.003099217651490238,0.2402802218022737
