target_id,prot_ps,prot_acf,prot_cs,e_prot_ps,E_prot_ps,e_prot_acf,E_prot_acf,e_prot_cs,E_prot_cs,sph_ps,sph_acf,sph_cs,h_ps,fa_prob_ps,hacf,gacf,hcs
8143680,24.40009126811776,23.825428899377584,24.181609447431,4.340584611379576,6.700774695627857,-1.0,-1.0,1.9923185200609494,1.9923185200609494,2617.454233165379,2615.5439301958463,2610.541481635577,0.20568028824692888,0.0,0.3497867910893516,0.7333517590424368,0.9756774490615423
