target_id,prot_ps,prot_acf,prot_cs,e_prot_ps,E_prot_ps,e_prot_acf,E_prot_acf,e_prot_cs,E_prot_cs,sph_ps,sph_acf,sph_cs,h_ps,fa_prob_ps,hacf,gacf,hcs
8181005,76.89408600656738,3.2080910010263324,50.852124769389626,1.655654310155228,1.7309395784982087,-1.0,-1.0,3.5428625345108413,3.5428625345108413,475.86449814859145,416.6516141997758,474.9407298194222,0.03133103249192405,0.0,0.3942291299579241,0.08969717241203438,0.1480657437692514
