target_id,prot_ps,prot_acf,prot_cs,e_prot_ps,E_prot_ps,e_prot_acf,E_prot_acf,e_prot_cs,E_prot_cs,sph_ps,sph_acf,sph_cs,h_ps,fa_prob_ps,hacf,gacf,hcs
8164149,47.128608483201596,19.412005878984928,19.824766425043347,0.5364607974529534,0.548834898963598,-1.0,-1.0,0.8837951200585266,0.8837951200585266,896.352442107342,865.8326549883029,863.9448005966874,0.06102251708765385,0.0,0.07814513200406521,0.35772876946815124,0.7524394015604783
