target_id,prot_ps,prot_acf,prot_cs,e_prot_ps,E_prot_ps,e_prot_acf,E_prot_acf,e_prot_cs,E_prot_cs,sph_ps,sph_acf,sph_cs,h_ps,fa_prob_ps,hacf,gacf,hcs
8198066,416.3503280476984,18.717430597171187,10.91761571371462,37.85625566678317,46.26956386213823,-1.0,-1.0,0.7137057285902982,0.7137057285902982,1202.5700007245978,739.5756070078924,638.6097222048481,0.11470790098986602,0.0,0.23192761372143336,0.08567233507465438,0.1264022353095445
