target_id,prot_ps,prot_acf,prot_cs,e_prot_ps,E_prot_ps,e_prot_acf,E_prot_acf,e_prot_cs,E_prot_cs,sph_ps,sph_acf,sph_cs,h_ps,fa_prob_ps,hacf,gacf,hcs
8110178,73.04944708625666,30.323639396578074,30.728431375315417,4.137773859142072,4.672387507764114,-1.0,-1.0,2.248230099399082,2.248230099399082,530.5288831541558,517.8236022877038,517.4109023898197,0.13842988427611724,0.0,-0.4807779787629639,0.006012428282468479,0.047309130748521146
