target_id,prot_ps,prot_acf,prot_cs,e_prot_ps,E_prot_ps,e_prot_acf,E_prot_acf,e_prot_cs,E_prot_cs,sph_ps,sph_acf,sph_cs,h_ps,fa_prob_ps,hacf,gacf,hcs
8148903,45.358318288709015,22.92711996473372,61.9773998801617,7.779166790727331,11.902750839647943,-1.0,-1.0,5.433888788487298,5.433888788487298,504.3450939911412,457.52894979255234,483.99397551704135,0.15078899688935699,0.0,-0.46151772509616407,0.00041665741708502013,0.1845368571871165
