target_id,prot_ps,prot_acf,prot_cs,e_prot_ps,E_prot_ps,e_prot_acf,E_prot_acf,e_prot_cs,E_prot_cs,sph_ps,sph_acf,sph_cs,h_ps,fa_prob_ps,hacf,gacf,hcs
8219599,12.381233343176692,12.219335441477597,12.38719575495581,0.6390122789237012,0.7133863318402689,-1.0,-1.0,0.0875404795974009,0.0875404795974009,8154.736759732422,8214.99221857001,8150.9343572734715,0.23942591571002736,0.0,0.6042571673162642,1.0935662502114152,0.8037553312315916
