target_id,prot_ps,prot_acf,prot_cs,e_prot_ps,E_prot_ps,e_prot_acf,E_prot_acf,e_prot_cs,E_prot_cs,sph_ps,sph_acf,sph_cs,h_ps,fa_prob_ps,hacf,gacf,hcs
8264218,83.27031512679451,11.013892150484025,82.57614210456387,1.9173216640294157,2.0096759856615023,-1.0,-1.0,4.99828670021473,4.99828670021473,2171.964698429361,1679.0017874783384,2161.9303220247225,0.05780068293318556,0.0,0.21862601583228963,0.000811297422731283,0.2858790141253064
