target_id,prot_ps,prot_acf,prot_cs,e_prot_ps,E_prot_ps,e_prot_acf,E_prot_acf,e_prot_cs,E_prot_cs,sph_ps,sph_acf,sph_cs,h_ps,fa_prob_ps,hacf,gacf,hcs
8293129,52.57046777428553,54.14936470333487,52.99819188080095,8.742080526456618,13.033474073801216,-1.0,-1.0,2.1267322529418005,2.1267322529418005,172.89883888838042,171.57156770996184,172.50556114393206,0.09856223611085285,0.0,0.24670976012047555,0.34515247825613843,0.8990126560735592
