target_id,prot_ps,prot_acf,prot_cs,e_prot_ps,E_prot_ps,e_prot_acf,E_prot_acf,e_prot_cs,E_prot_cs,sph_ps,sph_acf,sph_cs,h_ps,fa_prob_ps,hacf,gacf,hcs
8229922,73.04934461415318,29.42451484501362,28.653401615407596,1.9756785129177388,2.0874636502393003,-1.0,-1.0,0.36840118542321787,0.36840118542321787,1307.1849762162478,1236.7579823525518,1250.5093263957745,0.10619460195830638,0.0,-0.5177259300212702,0.0006100462579073374,0.14309235540839205
