target_id,prot_ps,prot_acf,prot_cs,e_prot_ps,E_prot_ps,e_prot_acf,E_prot_acf,e_prot_cs,E_prot_cs,sph_ps,sph_acf,sph_cs,h_ps,fa_prob_ps,hacf,gacf,hcs
8228225,63.16462932011579,24.520427361130714,29.22344532899558,24.797763950545566,119.81366620768871,-1.0,-1.0,6.22915409465839,6.22915409465839,200.31336720313996,198.31628532759314,208.4429885697892,0.04551713651536435,0.0,-0.21808973872794601,0.002780465406503549,0.2028508523646327
