target_id,prot_ps,prot_acf,prot_cs,e_prot_ps,E_prot_ps,e_prot_acf,E_prot_acf,e_prot_cs,E_prot_cs,sph_ps,sph_acf,sph_cs,h_ps,fa_prob_ps,hacf,gacf,hcs
8283672,59.97670202246772,24.826141744852066,25.98244739204645,19.749483564919252,56.749126700874655,-1.0,-1.0,4.109305025778944,4.109305025778944,1110.0021372205904,973.9726867132356,1236.8520015945442,0.3981981255076844,0.0,-0.49236489584640514,0.0005119096269729229,0.10866405421282908
