target_id,prot_ps,prot_acf,prot_cs,e_prot_ps,E_prot_ps,e_prot_acf,E_prot_acf,e_prot_cs,E_prot_cs,sph_ps,sph_acf,sph_cs,h_ps,fa_prob_ps,hacf,gacf,hcs
8242460,14.609886997551726,14.814443769864738,14.75620768056251,2.0464351524065094,2.8318186165660144,-1.0,-1.0,0.6857228058488499,0.6857228058488499,2977.11358851115,2965.5367415715773,2967.7513660330324,0.0851125217950109,0.0,0.36366289562815196,0.6948621855280629,0.991801624111437
