target_id,prot_ps,prot_acf,prot_cs,e_prot_ps,E_prot_ps,e_prot_acf,E_prot_acf,e_prot_cs,E_prot_cs,sph_ps,sph_acf,sph_cs,h_ps,fa_prob_ps,hacf,gacf,hcs
8243448,50.37830893997201,26.523011735640466,19.70937671002466,0.8283791203416513,0.8562566778386937,-1.0,-1.0,2.5910491233229123,2.5910491233229123,1081.6625965662497,1084.8530718286186,1070.0320946010172,0.030260831943509852,0.0,-0.04499738260463307,0.09623241566328677,1.7395722279787171
