target_id,prot_ps,prot_acf,prot_cs,e_prot_ps,E_prot_ps,e_prot_acf,E_prot_acf,e_prot_cs,E_prot_cs,sph_ps,sph_acf,sph_cs,h_ps,fa_prob_ps,hacf,gacf,hcs
8282874,45.65577766983784,21.12840746436268,28.67393414429974,3.311408520279528,3.8667025024598374,-1.0,-1.0,5.41812765331459,5.41812765331459,356.68285760170767,355.32335624655013,358.8748339064851,0.048769187763991986,0.0,-0.376294713404232,0.0010810054727005969,0.12987113995352034
