target_id,prot_ps,prot_acf,prot_cs,e_prot_ps,E_prot_ps,e_prot_acf,E_prot_acf,e_prot_cs,E_prot_cs,sph_ps,sph_acf,sph_cs,h_ps,fa_prob_ps,hacf,gacf,hcs
8230865,73.04911851152596,67.2693843152374,73.59554228272955,19.476047644129984,42.20746174189897,-1.0,-1.0,3.618529782333899,3.618529782333899,486.9723787509889,501.17833473897315,486.29924257841924,0.1050078377181888,0.0,0.07639727512161247,0.23735265721229898,0.8780078492515594
