target_id,prot_ps,prot_acf,prot_cs,e_prot_ps,E_prot_ps,e_prot_acf,E_prot_acf,e_prot_cs,E_prot_cs,sph_ps,sph_acf,sph_cs,h_ps,fa_prob_ps,hacf,gacf,hcs
8256543,30.436878487452827,30.52801137417555,30.5180295031034,1.7647644422658075,1.9948766167240493,-1.0,-1.0,0.6719478672307568,0.6719478672307568,799.3491653402423,795.4572922162381,795.6178466735948,0.22779912573254973,0.0,0.49423264413673806,0.5749171771298369,0.9845379063162633
