target_id,prot_ps,prot_acf,prot_cs,e_prot_ps,E_prot_ps,e_prot_acf,E_prot_acf,e_prot_cs,E_prot_cs,sph_ps,sph_acf,sph_cs,h_ps,fa_prob_ps,hacf,gacf,hcs
8250986,45.92232481959131,0.6947476901113987,82.69683924173935,8.631205094450387,13.74714199148849,-1.0,-1.0,11.220170915915102,11.220170915915102,460.43249654161275,388.39721846776115,458.5777546859836,0.03537350391635474,0.0,0.6418489672138511,0.006942201647062107,0.06957012741323562
