target_id,prot_ps,prot_acf,prot_cs,e_prot_ps,E_prot_ps,e_prot_acf,E_prot_acf,e_prot_cs,E_prot_cs,sph_ps,sph_acf,sph_cs,h_ps,fa_prob_ps,hacf,gacf,hcs
8230809,3.991737007833376,4.005021845921874,3.9934176031810034,0.1568629763173912,0.17009794069430484,-1.0,-1.0,0.08323091673007571,0.08323091673007571,4382.1557908074265,4383.482294565997,4394.59059199897,0.1227685330936887,0.0,0.8345425108631342,1.0788100223641353,0.30864438912858927
