target_id,prot_ps,prot_acf,prot_cs,e_prot_ps,E_prot_ps,e_prot_acf,E_prot_acf,e_prot_cs,E_prot_cs,sph_ps,sph_acf,sph_cs,h_ps,fa_prob_ps,hacf,gacf,hcs
8257671,73.04846491324678,49.34746127575636,73.80173363864421,2.5662561356729583,2.7581076872657633,-1.0,-1.0,3.531444418948579,3.531444418948579,838.4308600838951,837.8461978966744,839.1111883759986,0.08868649186005317,0.0,0.016671919600698217,0.19546906679814688,12.50998535854117
