target_id,prot_ps,prot_acf,prot_cs,e_prot_ps,E_prot_ps,e_prot_acf,E_prot_acf,e_prot_cs,E_prot_cs,sph_ps,sph_acf,sph_cs,h_ps,fa_prob_ps,hacf,gacf,hcs
8222592,4.251649962463768,4.311490595340729,4.289218127397245,0.21732307301993448,0.24179454068766315,-1.0,-1.0,0.18924827827152305,0.18924827827152305,518.381523655479,520.5153710780241,518.8347834800545,0.27437135528293116,6.17427205e-315,0.7925158300950053,0.9164537299498726,0.8031258239211352
