target_id,prot_ps,prot_acf,prot_cs,e_prot_ps,E_prot_ps,e_prot_acf,E_prot_acf,e_prot_cs,E_prot_cs,sph_ps,sph_acf,sph_cs,h_ps,fa_prob_ps,hacf,gacf,hcs
8265761,73.04848677040745,67.16569187352434,73.80175213906912,10.263660947344832,14.219524929447715,-1.0,-1.0,3.8084866292379282,3.8084866292379282,904.6306152613063,918.7465103428938,906.041679137014,0.17872672161714973,0.0,0.19618225066843778,0.3778044301245185,1.0114333841151515
