target_id,prot_ps,prot_acf,prot_cs,e_prot_ps,E_prot_ps,e_prot_acf,E_prot_acf,e_prot_cs,E_prot_cs,sph_ps,sph_acf,sph_cs,h_ps,fa_prob_ps,hacf,gacf,hcs
8257217,73.04856898991527,27.033864808268845,27.507528412124604,1.571198727703134,1.6410889997299876,-1.0,-1.0,1.0011997100349868,1.0011997100349868,614.7439090946197,609.5869356305167,608.4155409925438,0.09975891383213913,0.0,0.14907525888187848,0.4536793173605444,0.7541116181499968
