target_id,prot_ps,prot_acf,prot_cs,e_prot_ps,E_prot_ps,e_prot_acf,E_prot_acf,e_prot_cs,E_prot_cs,sph_ps,sph_acf,sph_cs,h_ps,fa_prob_ps,hacf,gacf,hcs
8312970,73.04941079399217,3.8006633827462792,73.80152677025644,4.894391735715075,5.643005231442984,-1.0,-1.0,5.890260849467078,5.890260849467078,3280.685253988264,2648.459203390069,3271.6687765484335,0.06502197592639705,0.0,0.8060764736872271,0.6715988840800742,0.22048333479314813
