target_id,prot_ps,prot_acf,prot_cs,e_prot_ps,E_prot_ps,e_prot_acf,E_prot_acf,e_prot_cs,E_prot_cs,sph_ps,sph_acf,sph_cs,h_ps,fa_prob_ps,hacf,gacf,hcs
8391513,73.0493950238052,27.217694839462638,46.06964891558015,2.104582765912369,2.2319006570447897,-1.0,-1.0,1.5031612959651726,1.5031612959651726,789.9353653029139,778.1250020382763,792.2406673547822,0.13670093053496066,0.0,-0.44535125410060866,0.000743889165358308,0.12920736259978896
