target_id,prot_ps,prot_acf,prot_cs,e_prot_ps,E_prot_ps,e_prot_acf,E_prot_acf,e_prot_cs,E_prot_cs,sph_ps,sph_acf,sph_cs,h_ps,fa_prob_ps,hacf,gacf,hcs
8380058,10.902891203322197,10.911594651639462,10.878156311341739,0.610551928479591,0.6872371250163773,-1.0,-1.0,0.10417967383104887,0.10417967383104887,3394.459815360658,3394.6783286431437,3403.3082528123305,0.1011861043945307,0.0,0.6002542407167979,0.8979953072942873,0.9046431269933598
