target_id,prot_ps,prot_acf,prot_cs,e_prot_ps,E_prot_ps,e_prot_acf,E_prot_acf,e_prot_cs,E_prot_cs,sph_ps,sph_acf,sph_cs,h_ps,fa_prob_ps,hacf,gacf,hcs
8395033,73.04938487076284,31.038792692124844,46.10537821128964,12.380037024389807,18.632295714674143,-1.0,-1.0,1.6221775762770347,1.6221775762770347,1006.07686113413,952.7062427337216,992.4006631156461,0.10552527461246224,0.0,-0.4856062394112635,0.0005516959646588437,0.1597075663897777
