target_id,prot_ps,prot_acf,prot_cs,e_prot_ps,E_prot_ps,e_prot_acf,E_prot_acf,e_prot_cs,E_prot_cs,sph_ps,sph_acf,sph_cs,h_ps,fa_prob_ps,hacf,gacf,hcs
8398332,73.04944415854106,31.140986748039722,28.34136299846694,9.398565418054837,12.698942669050055,-1.0,-1.0,3.812760915090124,3.812760915090124,1250.2310788436184,1189.7524814214687,1222.1140607240193,0.12990657418576626,0.0,-0.4203655910538614,0.00020517198511929569,0.18151271654415646
