target_id,prot_ps,prot_acf,prot_cs,e_prot_ps,E_prot_ps,e_prot_acf,E_prot_acf,e_prot_cs,E_prot_cs,sph_ps,sph_acf,sph_cs,h_ps,fa_prob_ps,hacf,gacf,hcs
8302085,73.04942789629645,30.630136809311807,28.64077607806918,10.24883959013706,14.191022309551414,-1.0,-1.0,0.4017534403654061,0.4017534403654061,336.378066547334,336.4938545264423,333.3259236065396,0.11851912215201257,0.0,-0.23191253588571228,0.00020433760167994086,0.31335061439390793
