target_id,prot_ps,prot_acf,prot_cs,e_prot_ps,E_prot_ps,e_prot_acf,E_prot_acf,e_prot_cs,E_prot_cs,sph_ps,sph_acf,sph_cs,h_ps,fa_prob_ps,hacf,gacf,hcs
8358070,91.31172503673332,35.04379580495879,46.10537505921907,1.4728539222645765,1.5220490166127547,-1.0,-1.0,5.8740297963771795,5.8740297963771795,632.3377650232344,609.4467221100049,615.085970726824,0.13274394666384756,0.0,-0.4607848730388865,0.0004195078964260024,0.14074164004881354
