target_id,prot_ps,prot_acf,prot_cs,e_prot_ps,E_prot_ps,e_prot_acf,E_prot_acf,e_prot_cs,E_prot_cs,sph_ps,sph_acf,sph_cs,h_ps,fa_prob_ps,hacf,gacf,hcs
8331471,52.69249107202478,24.82694684760645,52.590510922447876,6.292527099097349,8.293040832287907,-1.0,-1.0,1.5052619578791355,1.5052619578791355,1806.2895592828759,1834.0759495002592,1893.4615816819517,0.053182483397800316,0.0,0.09659483489464499,0.1836695014620061,2.868754357496687
