target_id,prot_ps,prot_acf,prot_cs,e_prot_ps,E_prot_ps,e_prot_acf,E_prot_acf,e_prot_cs,E_prot_cs,sph_ps,sph_acf,sph_cs,h_ps,fa_prob_ps,hacf,gacf,hcs
8364211,89.96533107301794,57.559961202554405,98.99945531560111,0.8732802472628407,0.8907458522080987,-1.0,-1.0,5.750853809115455,5.750853809115455,1698.7757946227828,1698.7757946227828,1698.7757946227828,0.34546143630480836,0.0,0.019777915015440052,0.16536856011204037,12.677720453485852
