target_id,prot_ps,prot_acf,prot_cs,e_prot_ps,E_prot_ps,e_prot_acf,E_prot_acf,e_prot_cs,E_prot_cs,sph_ps,sph_acf,sph_cs,h_ps,fa_prob_ps,hacf,gacf,hcs
8321314,26.56308835014826,26.0325820799917,26.548917027371427,5.163356065771943,8.393982690141566,-1.0,-1.0,0.3239921805219477,0.3239921805219477,1193.3200164506836,1191.396809319446,1193.3137138069976,0.11093387640788308,0.0,0.12681084935632278,0.3597221262159539,0.895690833344279
