target_id,prot_ps,prot_acf,prot_cs,e_prot_ps,E_prot_ps,e_prot_acf,E_prot_acf,e_prot_cs,E_prot_cs,sph_ps,sph_acf,sph_cs,h_ps,fa_prob_ps,hacf,gacf,hcs
8395942,9.913127245529983,9.706114197615534,9.869932216373844,0.6509507529513616,0.7497782865354878,-1.0,-1.0,0.3274800887443675,0.3274800887443675,1543.3929658633804,1501.6715871214717,1557.250838512518,0.05405286880503306,0.0,0.544385109305026,0.6818113984619945,0.976696006859404
