target_id,prot_ps,prot_acf,prot_cs,e_prot_ps,E_prot_ps,e_prot_acf,E_prot_acf,e_prot_cs,E_prot_cs,sph_ps,sph_acf,sph_cs,h_ps,fa_prob_ps,hacf,gacf,hcs
8311255,0.28953385186850855,0.20433703437447548,101.00254859286431,0.002872445935943213,0.0029305344439237713,-1.0,-1.0,5.920470856521312,5.920470856521312,137052.10824272482,136535.15548183248,146199.4983330906,0.35438753076016144,0.0,1.3926310068525452,0.850624884682134,0.007371003944446884
