target_id,prot_ps,prot_acf,prot_cs,e_prot_ps,E_prot_ps,e_prot_acf,E_prot_acf,e_prot_cs,E_prot_cs,sph_ps,sph_acf,sph_cs,h_ps,fa_prob_ps,hacf,gacf,hcs
8358462,73.04943826295357,57.255273565649986,91.20743091274173,23.762362144440246,69.29597444448945,-1.0,-1.0,4.6464330346154314,4.6464330346154314,911.7048668163823,907.3841940222122,923.8923272568136,0.09891697871287275,0.0,0.072863762672518,0.2688621769236926,1.6840678526060078
