target_id,prot_ps,prot_acf,prot_cs,e_prot_ps,E_prot_ps,e_prot_acf,E_prot_acf,e_prot_cs,E_prot_cs,sph_ps,sph_acf,sph_cs,h_ps,fa_prob_ps,hacf,gacf,hcs
8374436,70.09307029530254,7.110944190993905,70.25674161945005,1.967335449233019,2.0855801214899543,-1.0,-1.0,3.3508730147899923,3.3508730147899923,282.77903074862013,264.01603112898164,282.61535150482723,0.0368502248480243,0.0,0.17623591245627876,0.1596341923730998,0.4445282337727935
