target_id,prot_ps,prot_acf,prot_cs,e_prot_ps,E_prot_ps,e_prot_acf,E_prot_acf,e_prot_cs,E_prot_cs,sph_ps,sph_acf,sph_cs,h_ps,fa_prob_ps,hacf,gacf,hcs
8373665,72.9352532384463,30.83450275612995,37.912134777097954,13.248000038287216,20.68863111622659,-1.0,-1.0,2.2691576815050576,2.2691576815050576,1124.8933959653466,1014.5549343947196,976.7337115333567,0.09403165611860016,0.0,-0.3135330829162266,0.02253432902732383,0.4211375512161105
