target_id,prot_ps,prot_acf,prot_cs,e_prot_ps,E_prot_ps,e_prot_acf,E_prot_acf,e_prot_cs,E_prot_cs,sph_ps,sph_acf,sph_cs,h_ps,fa_prob_ps,hacf,gacf,hcs
8360433,8.445009067071226,8.398244840092957,8.482227288493885,0.27523943742334644,0.294226487636319,-1.0,-1.0,0.23728125546592424,0.23728125546592424,4328.47945487103,4329.761823306121,4324.359704603316,0.12353039952836194,0.0,0.6439309244181639,0.8142747291308828,0.2961361449588126
