target_id,prot_ps,prot_acf,prot_cs,e_prot_ps,E_prot_ps,e_prot_acf,E_prot_acf,e_prot_cs,E_prot_cs,sph_ps,sph_acf,sph_cs,h_ps,fa_prob_ps,hacf,gacf,hcs
8329464,3.753060318839668,3.6986340819858015,3.762798231253401,0.3217578077638312,0.3888468865831092,-1.0,-1.0,0.10146977812441833,0.10146977812441833,1311.74144037014,1315.9971125688485,1310.251658528754,0.48967617258728446,0.0,0.8739335946898953,1.0983667895370184,0.6956675058437073
