target_id,prot_ps,prot_acf,prot_cs,e_prot_ps,E_prot_ps,e_prot_acf,E_prot_acf,e_prot_cs,E_prot_cs,sph_ps,sph_acf,sph_cs,h_ps,fa_prob_ps,hacf,gacf,hcs
8388487,91.3106799374961,26.829516811762005,28.63076036711764,2.681445721270123,2.8505387702770264,-1.0,-1.0,0.3927505996428176,0.3927505996428176,382.57464265749564,380.1959833424126,380.94940431008934,0.08199421996558609,0.0,-0.42337280999588095,0.00031672867124227233,0.1379991532551847
