target_id,prot_ps,prot_acf,prot_cs,e_prot_ps,E_prot_ps,e_prot_acf,E_prot_acf,e_prot_cs,E_prot_cs,sph_ps,sph_acf,sph_cs,h_ps,fa_prob_ps,hacf,gacf,hcs
8373723,19.742804538883462,20.22936916910112,19.794117733260382,1.321213327645058,1.5230196655037282,-1.0,-1.0,0.2708081623909666,0.2708081623909666,5482.539954088815,5658.3866471955525,5502.5541674893475,0.2639511790590089,0.0,0.5273645193346449,1.0796946432051995,0.897390274905716
