target_id,prot_ps,prot_acf,prot_cs,e_prot_ps,E_prot_ps,e_prot_acf,E_prot_acf,e_prot_cs,E_prot_cs,sph_ps,sph_acf,sph_cs,h_ps,fa_prob_ps,hacf,gacf,hcs
8349776,73.04927350860262,21.2305835201405,20.823749142964367,21.592553429889854,52.08389781233022,-1.0,-1.0,0.9715824459252819,0.9715824459252819,832.4115787161345,825.9718049139012,821.9938587007636,0.03509380758501487,0.0,0.08356616877579892,0.26527883755437387,0.5892020767234573
