target_id,prot_ps,prot_acf,prot_cs,e_prot_ps,E_prot_ps,e_prot_acf,E_prot_acf,e_prot_cs,E_prot_cs,sph_ps,sph_acf,sph_cs,h_ps,fa_prob_ps,hacf,gacf,hcs
8453152,73.5980281735082,27.033959683030844,45.92156247912171,2.0515642936339447,2.1714110214520588,-1.0,-1.0,1.2470207853517095,1.2470207853517095,340.41848760897307,331.41118586663094,332.29817746126116,0.19871623476426775,0.0,-0.49052312785214813,0.007377138824396667,0.10036317162044871
