target_id,prot_ps,prot_acf,prot_cs,e_prot_ps,E_prot_ps,e_prot_acf,E_prot_acf,e_prot_cs,E_prot_cs,sph_ps,sph_acf,sph_cs,h_ps,fa_prob_ps,hacf,gacf,hcs
8489820,73.04939373515525,54.94623104762286,53.61365943705213,2.26193217073876,2.4107622254348087,-1.0,-1.0,2.0850788364035733,2.0850788364035733,1125.0629169686022,1141.4515846932502,1092.6250455156146,0.07741023447419922,0.0,0.14544543324252765,0.2773890497064444,0.8056301495642596
