target_id,prot_ps,prot_acf,prot_cs,e_prot_ps,E_prot_ps,e_prot_acf,E_prot_acf,e_prot_cs,E_prot_cs,sph_ps,sph_acf,sph_cs,h_ps,fa_prob_ps,hacf,gacf,hcs
8425175,26.56341746084465,26.522950083948672,26.788179584787912,2.318267459228739,2.802549109228643,-1.0,-1.0,1.832686077277759,1.832686077277759,2460.969074091425,2458.4445910632003,2461.162177038303,0.054545250944767226,0.0,0.18692146047354416,0.4750638875437472,0.916402421524049
