target_id,prot_ps,prot_acf,prot_cs,e_prot_ps,E_prot_ps,e_prot_acf,E_prot_acf,e_prot_cs,E_prot_cs,sph_ps,sph_acf,sph_cs,h_ps,fa_prob_ps,hacf,gacf,hcs
8463121,45.85607326769151,87.19090465316549,88.40262732622362,4.534232236967355,5.650964188241424,-1.0,-1.0,8.734692572286551,8.734692572286551,1789.4857784767019,1806.169016152681,1806.169016152681,0.2584102451305345,0.0,0.506488077430135,-1.0,0.6374605757429925
