target_id,prot_ps,prot_acf,prot_cs,e_prot_ps,E_prot_ps,e_prot_acf,E_prot_acf,e_prot_cs,E_prot_cs,sph_ps,sph_acf,sph_cs,h_ps,fa_prob_ps,hacf,gacf,hcs
8413670,35.90181401153639,17.021275739185512,18.099588837466396,3.858063491805403,4.900832232767776,-1.0,-1.0,1.0019009334813174,1.0019009334813174,538.7801515284305,534.6610987631868,533.4706295854251,0.06705833345952474,0.0,-0.19521387182283656,1.2425666951282333e-05,0.3932366077914168
