target_id,prot_ps,prot_acf,prot_cs,e_prot_ps,E_prot_ps,e_prot_acf,E_prot_acf,e_prot_cs,E_prot_cs,sph_ps,sph_acf,sph_cs,h_ps,fa_prob_ps,hacf,gacf,hcs
8495236,73.04939512410105,38.53796731773764,28.64278213593736,21.751016234213978,54.57817722734461,-1.0,-1.0,0.37530202213563324,0.37530202213563324,624.360353429988,613.0934843739112,619.0974774775401,0.11250174079347919,0.0,-0.3531467531919615,0.039688398565799254,0.342159428431061
