target_id,prot_ps,prot_acf,prot_cs,e_prot_ps,E_prot_ps,e_prot_acf,E_prot_acf,e_prot_cs,E_prot_cs,sph_ps,sph_acf,sph_cs,h_ps,fa_prob_ps,hacf,gacf,hcs
8446150,37.461217833856246,8.909092668443918,71.15624192281206,7.225202659031215,11.689103446177327,-1.0,-1.0,4.101773910334611,4.101773910334611,755.8141188496523,720.0766974211044,759.7985052065601,0.03753490766705583,0.0,0.23339463087637188,0.21746052746976424,0.23055150553483592
