target_id,prot_ps,prot_acf,prot_cs,e_prot_ps,E_prot_ps,e_prot_acf,E_prot_acf,e_prot_cs,E_prot_cs,sph_ps,sph_acf,sph_cs,h_ps,fa_prob_ps,hacf,gacf,hcs
8432782,91.31167711629378,28.627599596511573,39.04265135549941,1.6342136035116965,1.6951748420626984,-1.0,-1.0,5.6503568487308495,5.6503568487308495,655.3311753844032,646.611439661219,645.1307262563045,0.04737361788228733,0.0,-0.3817793972732852,0.0013204065191288195,0.24625742016640975
