target_id,prot_ps,prot_acf,prot_cs,e_prot_ps,E_prot_ps,e_prot_acf,E_prot_acf,e_prot_cs,E_prot_cs,sph_ps,sph_acf,sph_cs,h_ps,fa_prob_ps,hacf,gacf,hcs
8490775,12.4870740764424,12.403256573248655,12.499496142186588,1.0628960955187878,1.281348267501489,-1.0,-1.0,0.10359064451957213,0.10359064451957213,4080.931568698452,4019.465516735611,4079.5648058747024,0.20017013917773102,0.0,0.662482646844702,1.1132913870351626,0.8773758124099941
