target_id,prot_ps,prot_acf,prot_cs,e_prot_ps,E_prot_ps,e_prot_acf,E_prot_acf,e_prot_cs,E_prot_cs,sph_ps,sph_acf,sph_cs,h_ps,fa_prob_ps,hacf,gacf,hcs
8440019,14.089794906799362,14.119739271700382,14.098830355832135,1.4128215537664097,1.7628096262927642,-1.0,-1.0,0.6776833535570084,0.6776833535570084,3738.6234836834797,3739.42673904479,3739.1153018597524,0.059658685942892864,0.0,0.4207287130889555,0.7170859958112075,0.9236689405173041
