target_id,prot_ps,prot_acf,prot_cs,e_prot_ps,E_prot_ps,e_prot_acf,E_prot_acf,e_prot_cs,E_prot_cs,sph_ps,sph_acf,sph_cs,h_ps,fa_prob_ps,hacf,gacf,hcs
8435563,25.189441392512453,17.02127224812284,25.035037653729706,0.31332330519799,0.3213483231632708,-1.0,-1.0,0.4670307456745444,0.4670307456745444,1045.0511149086365,1056.47215518731,1051.4333643811158,0.041547715229487456,0.0,-0.0744730607661706,0.11760059794456619,1.156015418003523
