target_id,prot_ps,prot_acf,prot_cs,e_prot_ps,E_prot_ps,e_prot_acf,E_prot_acf,e_prot_cs,E_prot_cs,sph_ps,sph_acf,sph_cs,h_ps,fa_prob_ps,hacf,gacf,hcs
8424372,52.69241536694281,30.630073986947536,28.542637252457844,10.48800096305753,17.309875980132098,-1.0,-1.0,0.5106926465822795,0.5106926465822795,1473.3800004930642,1435.9130941121484,1414.2163641401576,0.11233469775611087,0.0,-0.4494796510467221,3.1109397609058176e-05,0.084426572771353
