target_id,prot_ps,prot_acf,prot_cs,e_prot_ps,E_prot_ps,e_prot_acf,E_prot_acf,e_prot_cs,E_prot_cs,sph_ps,sph_acf,sph_cs,h_ps,fa_prob_ps,hacf,gacf,hcs
8591609,73.59879481247049,80.8766866736114,73.95243407091324,1.8683687755209633,1.967261718311903,-1.0,-1.0,2.7291572689181316,2.7291572689181316,530.8741020451878,540.3285144432658,531.1924188219125,0.3103007325210435,0.0,0.3946552106561874,0.4887795272809202,0.8435196666550723
