target_id,prot_ps,prot_acf,prot_cs,e_prot_ps,E_prot_ps,e_prot_acf,E_prot_acf,e_prot_cs,E_prot_cs,sph_ps,sph_acf,sph_cs,h_ps,fa_prob_ps,hacf,gacf,hcs
8561041,73.04941840166569,28.423292492982,45.192422052500774,12.7295400488104,19.43540338507313,-1.0,-1.0,6.588232533789895,6.588232533789895,637.0627724753713,635.505685397598,642.2128975988792,0.08590198138502213,0.0,-0.2687033020944311,0.03379491118141581,0.2398395256000406
