target_id,prot_ps,prot_acf,prot_cs,e_prot_ps,E_prot_ps,e_prot_acf,E_prot_acf,e_prot_cs,E_prot_cs,sph_ps,sph_acf,sph_cs,h_ps,fa_prob_ps,hacf,gacf,hcs
8543435,61.85991165788342,0.5925608705729246,61.8243928917005,10.441642872642511,15.843857546841356,-1.0,-1.0,1.939015442857014,1.939015442857014,565.4209280612998,386.93078292290147,565.319773487702,0.04106635459698058,0.0,0.5047226472058304,0.003373777670794248,0.19324469516439097
