target_id,prot_ps,prot_acf,prot_cs,e_prot_ps,E_prot_ps,e_prot_acf,E_prot_acf,e_prot_cs,E_prot_cs,sph_ps,sph_acf,sph_cs,h_ps,fa_prob_ps,hacf,gacf,hcs
8558407,73.04944714016266,32.040071815252304,46.82546331034959,25.347645297695756,81.05750037774418,-1.0,-1.0,1.3525841356211663,1.3525841356211663,587.0255992996252,577.6597168514693,588.4567583989447,0.06083202411988952,0.0,-0.32923124018873934,0.0031668119822357843,0.35566844907474077
