target_id,prot_ps,prot_acf,prot_cs,e_prot_ps,E_prot_ps,e_prot_acf,E_prot_acf,e_prot_cs,E_prot_cs,sph_ps,sph_acf,sph_cs,h_ps,fa_prob_ps,hacf,gacf,hcs
8556367,52.17813096160269,56.04964214237407,53.38031020984573,10.584694435680674,17.690001921362665,-1.0,-1.0,2.6549738367634226,2.6549738367634226,729.3441048716754,751.3376026650861,720.7455269995338,0.0988071961272046,0.0,0.26371057704761697,0.3930443388336943,0.899606475178053
