target_id,prot_ps,prot_acf,prot_cs,e_prot_ps,E_prot_ps,e_prot_acf,E_prot_acf,e_prot_cs,E_prot_cs,sph_ps,sph_acf,sph_cs,h_ps,fa_prob_ps,hacf,gacf,hcs
8591173,11.325393306285214,11.320336972363293,11.305556843028535,0.4172772520100665,0.4504009085299412,-1.0,-1.0,0.0726880898474684,0.0726880898474684,4974.66409352496,4974.156806786816,4982.626991997833,0.24824554405699556,0.0,0.6530458273034523,0.9796680085771049,0.9585655985201322
