target_id,prot_ps,prot_acf,prot_cs,e_prot_ps,E_prot_ps,e_prot_acf,E_prot_acf,e_prot_cs,E_prot_cs,sph_ps,sph_acf,sph_cs,h_ps,fa_prob_ps,hacf,gacf,hcs
8510718,44.9829486512652,9.113219479098916,72.49974760173819,8.816145372498589,14.40681843304661,-1.0,-1.0,7.370986291988623,7.370986291988623,909.31070837294,862.5679931430303,909.31070837294,0.10883561865021285,2.0267919344127563e-216,0.17586539701058249,0.26752741427497473,0.7537055943212941
