target_id,prot_ps,prot_acf,prot_cs,e_prot_ps,E_prot_ps,e_prot_acf,E_prot_acf,e_prot_cs,E_prot_cs,sph_ps,sph_acf,sph_cs,h_ps,fa_prob_ps,hacf,gacf,hcs
8589799,73.5979005973602,1.900339832995087,73.90503345564473,1.876073593860795,1.9757957552561862,-1.0,-1.0,3.0571137087919125,3.0571137087919125,488.85032877688593,382.456665661952,489.0320494258601,0.1054026109096604,0.0,0.7341012881979251,0.37112736763729237,0.1781421121003224
