target_id,prot_ps,prot_acf,prot_cs,e_prot_ps,E_prot_ps,e_prot_acf,E_prot_acf,e_prot_cs,E_prot_cs,sph_ps,sph_acf,sph_cs,h_ps,fa_prob_ps,hacf,gacf,hcs
8575213,73.59783871088648,4.413696337491274,73.55605083375991,2.198192516776217,2.338088627214674,-1.0,-1.0,2.7321593295179873,2.7321593295179873,121.40532833617962,98.77899251531711,121.39509050505788,0.1469827711935402,0.0,0.6326327989603118,0.21159250602871596,0.2859695208259821
