target_id,prot_ps,prot_acf,prot_cs,e_prot_ps,E_prot_ps,e_prot_acf,E_prot_acf,e_prot_cs,E_prot_cs,sph_ps,sph_acf,sph_cs,h_ps,fa_prob_ps,hacf,gacf,hcs
8509203,10.332517917190707,10.400775907561183,10.33441115044783,0.5703111022835845,0.6402864672427704,-1.0,-1.0,0.08870182138780519,0.08870182138780519,1101.084532238302,1104.9553139493573,1101.084532238302,0.15141602708853108,0.0,0.5802236880663537,0.9992746459180201,0.858747628455767
