target_id,prot_ps,prot_acf,prot_cs,e_prot_ps,E_prot_ps,e_prot_acf,E_prot_acf,e_prot_cs,E_prot_cs,sph_ps,sph_acf,sph_cs,h_ps,fa_prob_ps,hacf,gacf,hcs
8510200,72.93525764934408,26.216481538955122,26.52914738878025,2.3117195448740233,2.4665105768960274,-1.0,-1.0,1.1144450298923987,1.1144450298923987,1608.4439851429825,1538.979361494732,1580.8036749985283,0.09688513538060833,0.0,0.1979553878478836,0.49492789004970184,0.5823358252765669
