target_id,prot_ps,prot_acf,prot_cs,e_prot_ps,E_prot_ps,e_prot_acf,E_prot_acf,e_prot_cs,E_prot_cs,sph_ps,sph_acf,sph_cs,h_ps,fa_prob_ps,hacf,gacf,hcs
8500560,72.9353066423293,10.707283781841397,72.25472478731737,9.714885492945854,13.290971654665853,-1.0,-1.0,3.6956259866465184,3.6956259866465184,893.7875969842895,870.4629434979651,884.5734372762624,0.07879938095698688,0.0,0.23998097033063712,0.22317643240727575,0.8330454757647344
