target_id,prot_ps,prot_acf,prot_cs,e_prot_ps,E_prot_ps,e_prot_acf,E_prot_acf,e_prot_cs,E_prot_cs,sph_ps,sph_acf,sph_cs,h_ps,fa_prob_ps,hacf,gacf,hcs
8542705,45.99912764413854,18.819445583503693,68.62060113184366,1.1991112482446482,1.2648633971057421,-1.0,-1.0,3.709904535977933,3.709904535977933,137.89748997819675,133.48807535262634,138.27027829174307,0.087281796989522,0.0,-0.27389931363013975,0.05496544500053149,0.129034940993364
