target_id,prot_ps,prot_acf,prot_cs,e_prot_ps,E_prot_ps,e_prot_acf,E_prot_acf,e_prot_cs,E_prot_cs,sph_ps,sph_acf,sph_cs,h_ps,fa_prob_ps,hacf,gacf,hcs
8539618,72.93544782719488,60.46347590582445,62.57469129297882,21.384188041747215,52.44443268786789,-1.0,-1.0,14.823875067505826,14.823875067505826,1394.3797943674992,1350.6965009520177,1343.0228502694802,0.2022640839493784,0.0,0.3552393450791112,0.7238050280334407,0.6071585807321092
