target_id,prot_ps,prot_acf,prot_cs,e_prot_ps,E_prot_ps,e_prot_acf,E_prot_acf,e_prot_cs,E_prot_cs,sph_ps,sph_acf,sph_cs,h_ps,fa_prob_ps,hacf,gacf,hcs
8554366,3.755752595461553,3.69850015360862,63.75002806276767,0.10781523758140477,0.11438568736688337,-1.0,-1.0,0.5716409473979401,0.5716409473979401,20910.111665483517,20822.335676264523,21913.903775365827,0.41176047015849243,0.0,0.9329546465053943,1.626155880038234,0.010487823908347594
