target_id,prot_ps,prot_acf,prot_cs,e_prot_ps,E_prot_ps,e_prot_acf,E_prot_acf,e_prot_cs,E_prot_cs,sph_ps,sph_acf,sph_cs,h_ps,fa_prob_ps,hacf,gacf,hcs
8519253,73.04939791422247,17.409517312422395,28.65030954364561,9.56721924279492,12.91678706807734,-1.0,-1.0,0.37054950240210127,0.37054950240210127,782.8804883030808,736.1099700648946,764.5779289690753,0.1569737513976569,0.0,-0.09668881533267798,0.1404211518666893,0.6425682005319044
