target_id,prot_ps,prot_acf,prot_cs,e_prot_ps,E_prot_ps,e_prot_acf,E_prot_acf,e_prot_cs,E_prot_cs,sph_ps,sph_acf,sph_cs,h_ps,fa_prob_ps,hacf,gacf,hcs
8574677,36.7988935912559,54.946393828839064,70.60189847456147,1.4976530684705978,1.6289154213027075,-1.0,-1.0,6.624239781780386,6.624239781780386,417.53281209097554,415.18399400648724,439.42967804975467,0.08482452970819672,0.0,0.06780763786662149,0.06271253518937871,1.7220499901249033
