target_id,prot_ps,prot_acf,prot_cs,e_prot_ps,E_prot_ps,e_prot_acf,E_prot_acf,e_prot_cs,E_prot_cs,sph_ps,sph_acf,sph_cs,h_ps,fa_prob_ps,hacf,gacf,hcs
8582254,73.04845705963868,54.66022395994514,90.52512699705726,2.5374951470652434,2.7249134847503313,-1.0,-1.0,4.648797591353536,4.648797591353536,440.78076743924544,443.06116744369393,442.75805780688546,0.09740605503999665,0.0,0.09848494391778674,0.294875438879829,1.6767909311457425
