target_id,prot_ps,prot_acf,prot_cs,e_prot_ps,E_prot_ps,e_prot_acf,E_prot_acf,e_prot_cs,E_prot_cs,sph_ps,sph_acf,sph_cs,h_ps,fa_prob_ps,hacf,gacf,hcs
8522066,73.04848887787207,4.699759501963854,73.70039928775876,9.585688432389638,13.043026181008457,-1.0,-1.0,4.357618756123609,4.357618756123609,544.7915371927819,381.56416631744986,545.195840289174,0.13989659556956682,0.0,0.6865106093329023,0.5825914924409841,0.18411877890148345
