target_id,prot_ps,prot_acf,prot_cs,e_prot_ps,E_prot_ps,e_prot_acf,E_prot_acf,e_prot_cs,E_prot_cs,sph_ps,sph_acf,sph_cs,h_ps,fa_prob_ps,hacf,gacf,hcs
8625766,73.04951261574713,27.83070217911154,28.64921065965274,1.7029627584603588,1.7853731579319287,-1.0,-1.0,0.3596429732657103,0.3596429732657103,874.3389948396996,858.9699989129779,867.5285013155766,0.07283473589258453,0.0,-0.3581429650825519,0.00019373698646230064,0.36328731787942437
