target_id,prot_ps,prot_acf,prot_cs,e_prot_ps,E_prot_ps,e_prot_acf,E_prot_acf,e_prot_cs,E_prot_cs,sph_ps,sph_acf,sph_cs,h_ps,fa_prob_ps,hacf,gacf,hcs
8629865,63.52119382840933,17.225607679691166,62.832396297259265,3.8082358263075875,4.3329739666597575,-1.0,-1.0,5.379880638767786,5.379880638767786,731.2108536550917,715.595697961314,729.8984497137566,0.054492382932018135,0.0,0.12059601055342747,0.3462600118471154,0.9543065194535589
