target_id,prot_ps,prot_acf,prot_cs,e_prot_ps,E_prot_ps,e_prot_acf,E_prot_acf,e_prot_cs,E_prot_cs,sph_ps,sph_acf,sph_cs,h_ps,fa_prob_ps,hacf,gacf,hcs
8638473,95.37696540733683,6.702271528542042,96.85456672647034,9.603236053155186,11.994458234038163,-1.0,-1.0,5.931576834273891,5.931576834273891,752.0569387969448,711.7912602386234,753.0040716620985,0.03105084146093886,0.0,0.2837382512756881,0.02804842749355274,0.2762592686363193
