target_id,prot_ps,prot_acf,prot_cs,e_prot_ps,E_prot_ps,e_prot_acf,E_prot_acf,e_prot_cs,E_prot_cs,sph_ps,sph_acf,sph_cs,h_ps,fa_prob_ps,hacf,gacf,hcs
8696343,61.33166689845519,10.319063740316778,63.31818378637546,15.602858286768779,31.439288770848968,-1.0,-1.0,6.1989574033766,6.1989574033766,137.30404639828714,124.38207917248408,136.79937010921705,0.048093290327477216,0.0,0.20370415927128097,0.07342409447658761,0.5080054055709595
