target_id,prot_ps,prot_acf,prot_cs,e_prot_ps,E_prot_ps,e_prot_acf,E_prot_acf,e_prot_cs,E_prot_cs,sph_ps,sph_acf,sph_cs,h_ps,fa_prob_ps,hacf,gacf,hcs
8625369,73.04941650387218,69.37244846485555,73.80165963694452,22.80894110945352,59.74601906992967,-1.0,-1.0,4.283652822325194,4.283652822325194,860.383411361673,858.0954384652802,862.5194918494685,0.10521773508511402,0.0,0.09149923984509911,0.26951751231094395,1.1246121495226638
