target_id,prot_ps,prot_acf,prot_cs,e_prot_ps,E_prot_ps,e_prot_acf,E_prot_acf,e_prot_cs,E_prot_cs,sph_ps,sph_acf,sph_cs,h_ps,fa_prob_ps,hacf,gacf,hcs
8621836,17.392688747406645,35.043755075894296,35.00960823549629,0.6355842027142913,0.6857378201768825,-1.0,-1.0,2.05220314471439,2.05220314471439,3047.216775806376,3054.7580663674726,3055.657582502916,0.11552689287662667,0.0,0.48400205530662144,0.7998224681475985,0.8865511967523586
