target_id,prot_ps,prot_acf,prot_cs,e_prot_ps,E_prot_ps,e_prot_acf,E_prot_acf,e_prot_cs,E_prot_cs,sph_ps,sph_acf,sph_cs,h_ps,fa_prob_ps,hacf,gacf,hcs
8652095,73.04845356739202,32.9391682241112,28.63566278429498,24.077291275094908,72.04593908716659,-1.0,-1.0,0.4132662905658556,0.4132662905658556,809.1687026141294,755.9634663032805,762.4052366962687,0.15706222205956882,0.0,-0.5558089548887285,0.00013298712810883018,0.09620826815661486
