target_id,prot_ps,prot_acf,prot_cs,e_prot_ps,E_prot_ps,e_prot_acf,E_prot_acf,e_prot_cs,E_prot_cs,sph_ps,sph_acf,sph_cs,h_ps,fa_prob_ps,hacf,gacf,hcs
8630445,63.52039120320826,27.52422863803804,28.646462314299214,14.792749177890236,27.45020995129896,-1.0,-1.0,0.3631951823171206,0.3631951823171206,466.8242302693737,465.2811308655762,462.1352064031079,0.035968692126839105,0.0,-0.3338312677290436,0.003797605230107831,0.29160315276326726
