target_id,prot_ps,prot_acf,prot_cs,e_prot_ps,E_prot_ps,e_prot_acf,E_prot_acf,e_prot_cs,E_prot_cs,sph_ps,sph_acf,sph_cs,h_ps,fa_prob_ps,hacf,gacf,hcs
8620814,61.856279520720825,24.82689819065854,37.06012239541859,0.6224129882246032,0.6350905239627593,-1.0,-1.0,7.209125409119735,7.209125409119735,1099.6567439765768,1064.304339296375,1084.7814230267709,0.09019549681208891,0.0,-0.31669454862552315,0.0007670630495799358,0.14703835243708238
