target_id,prot_ps,prot_acf,prot_cs,e_prot_ps,E_prot_ps,e_prot_acf,E_prot_acf,e_prot_cs,E_prot_cs,sph_ps,sph_acf,sph_cs,h_ps,fa_prob_ps,hacf,gacf,hcs
8749052,52.569833226263675,24.234439102001488,28.974468506793556,2.0246230144573687,2.191757163688557,-1.0,-1.0,0.8089224475263602,0.8089224475263602,182.09347304832576,182.70413962249918,182.61339915671778,0.077307287715593,0.0,-0.36953160355900744,0.0010560016900355296,0.10424612075208745
