target_id,prot_ps,prot_acf,prot_cs,e_prot_ps,E_prot_ps,e_prot_acf,E_prot_acf,e_prot_cs,E_prot_cs,sph_ps,sph_acf,sph_cs,h_ps,fa_prob_ps,hacf,gacf,hcs
8740969,72.93525855671724,-1.0,73.69855673123149,12.612346193496975,19.179123810659192,-1.0,-1.0,4.467710050310812,4.467710050310812,2260.0673394947185,-1.0,2247.892921192091,0.1878241105450376,0.0,-1.0,-1.0,0.39602314475759975
