target_id,prot_ps,prot_acf,prot_cs,e_prot_ps,E_prot_ps,e_prot_acf,E_prot_acf,e_prot_cs,E_prot_cs,sph_ps,sph_acf,sph_cs,h_ps,fa_prob_ps,hacf,gacf,hcs
8760921,73.04942416547154,29.83322061598301,28.71504607503055,2.7860549981899965,3.015388658523463,-1.0,-1.0,1.4632582009088781,1.4632582009088781,235.17784366390345,232.38972740048885,231.75899496015114,0.061656534246253135,0.0,-0.33964864919661447,0.010415126727287033,0.22946362065250642
