target_id,prot_ps,prot_acf,prot_cs,e_prot_ps,E_prot_ps,e_prot_acf,E_prot_acf,e_prot_cs,E_prot_cs,sph_ps,sph_acf,sph_cs,h_ps,fa_prob_ps,hacf,gacf,hcs
8760132,54.516909343082325,1.9003379275090992,1.8161509139463303,0.5567931537584485,0.5684070995958947,-1.0,-1.0,0.18269149025876955,0.18269149025876955,345.9342838402763,299.4710212463195,297.2628590942963,0.02252600039813966,0.0,0.5975780447562876,0.36616386735456735,0.09761376451852735
