target_id,prot_ps,prot_acf,prot_cs,e_prot_ps,E_prot_ps,e_prot_acf,E_prot_acf,e_prot_cs,E_prot_cs,sph_ps,sph_acf,sph_cs,h_ps,fa_prob_ps,hacf,gacf,hcs
8748615,23.95063841120616,22.926633020862937,23.68860641243868,4.209685456933968,6.456719585209502,-1.0,-1.0,1.7402816844416376,1.7402816844416376,2368.1030069623575,2332.104716114682,2372.5981213978403,0.06662254514967561,0.0,0.23180019274331237,0.5442277119473975,0.8728848967429498
