target_id,prot_ps,prot_acf,prot_cs,e_prot_ps,E_prot_ps,e_prot_acf,E_prot_acf,e_prot_cs,E_prot_cs,sph_ps,sph_acf,sph_cs,h_ps,fa_prob_ps,hacf,gacf,hcs
8758300,54.110619255942886,21.721010419074446,28.913872956815172,0.6996222891297634,0.7180169276004236,-1.0,-1.0,4.781995805923449,4.781995805923449,438.11446589745066,420.0734155237034,425.29154396041,0.11275473666768572,0.0,-0.4080362420046246,8.733877896568987e-05,0.14561328951339356
