target_id,prot_ps,prot_acf,prot_cs,e_prot_ps,E_prot_ps,e_prot_acf,E_prot_acf,e_prot_cs,E_prot_cs,sph_ps,sph_acf,sph_cs,h_ps,fa_prob_ps,hacf,gacf,hcs
8707472,47.128040015960046,27.033825379796326,26.57277911736799,9.297746419027398,15.257918524875443,-1.0,-1.0,0.34045144555033086,0.34045144555033086,350.97348467267193,344.62260646876604,345.7757277075719,0.0817962439355243,0.0,-0.45553733877816005,0.0013557737538685,0.1548847157973888
