target_id,prot_ps,prot_acf,prot_cs,e_prot_ps,E_prot_ps,e_prot_acf,E_prot_acf,e_prot_cs,E_prot_cs,sph_ps,sph_acf,sph_cs,h_ps,fa_prob_ps,hacf,gacf,hcs
8740088,54.11069843352021,23.02880004281178,32.89297300879844,8.774842275972944,12.924821514055616,-1.0,-1.0,4.116072079977697,4.116072079977697,216.44288229171934,215.91535368657046,216.36532443814892,0.049847444642258154,0.0,-0.27529203352835546,0.0016303127619438917,0.18247046440519293
