target_id,prot_ps,prot_acf,prot_cs,e_prot_ps,E_prot_ps,e_prot_acf,E_prot_acf,e_prot_cs,E_prot_cs,sph_ps,sph_acf,sph_cs,h_ps,fa_prob_ps,hacf,gacf,hcs
8701922,3.7557529594397607,3.8006690992042422,3.8386757901962842,0.2306238002251697,0.26254473575495174,-1.0,-1.0,0.31519070170905716,0.31519070170905716,2275.535999116216,2282.4091467202365,2281.684176249568,0.05742899268877649,0.0,0.7742589855309755,1.121345481359802,0.08220258391859417
