target_id,prot_ps,prot_acf,prot_cs,e_prot_ps,E_prot_ps,e_prot_acf,E_prot_acf,e_prot_cs,E_prot_cs,sph_ps,sph_acf,sph_cs,h_ps,fa_prob_ps,hacf,gacf,hcs
8758345,72.93523606144707,19.412041711620986,43.17483281401917,11.038257542613557,15.761276798571316,-1.0,-1.0,7.269874727965381,7.269874727965381,873.2040346057869,866.063391534378,877.0906502921579,0.04405649648652861,0.0,-0.12082208201257161,0.02196747403535993,0.8305465080813331
