target_id,prot_ps,prot_acf,prot_cs,e_prot_ps,E_prot_ps,e_prot_acf,E_prot_acf,e_prot_cs,E_prot_cs,sph_ps,sph_acf,sph_cs,h_ps,fa_prob_ps,hacf,gacf,hcs
8767249,72.93538997937802,39.33494365774095,37.9121425528638,3.176402589379819,3.4778969878410777,-1.0,-1.0,5.369605133492741,5.369605133492741,522.2821952227788,543.6979450892787,542.2024203840331,0.1730267098296499,0.0,-0.4295216216317145,0.00015680803529344312,0.17980804020168528
