target_id,prot_ps,prot_acf,prot_cs,e_prot_ps,E_prot_ps,e_prot_acf,E_prot_acf,e_prot_cs,E_prot_cs,sph_ps,sph_acf,sph_cs,h_ps,fa_prob_ps,hacf,gacf,hcs
8871360,21.173738566425857,21.721029228996485,21.324399708621783,0.7307408202811665,0.7843369841197685,-1.0,-1.0,0.48071675225771815,0.48071675225771815,3806.2585569449125,3799.2277163417903,3798.868486525109,0.190974220443456,0.0,0.4995085562776905,0.95006040501931,0.8841549204272408
