target_id,prot_ps,prot_acf,prot_cs,e_prot_ps,E_prot_ps,e_prot_acf,E_prot_acf,e_prot_cs,E_prot_cs,sph_ps,sph_acf,sph_cs,h_ps,fa_prob_ps,hacf,gacf,hcs
8890417,33.204287062768984,14.507937375456095,46.10540763061463,0.7142791927968943,0.7467271336162824,-1.0,-1.0,3.3959187840055876,3.3959187840055876,499.8671885306469,487.97548898810265,502.8820888866696,0.04502294360974225,0.0,-0.14706929899151594,0.016747205929960082,0.4422914548507617
