target_id,prot_ps,prot_acf,prot_cs,e_prot_ps,E_prot_ps,e_prot_acf,E_prot_acf,e_prot_cs,E_prot_cs,sph_ps,sph_acf,sph_cs,h_ps,fa_prob_ps,hacf,gacf,hcs
8803050,91.3116306700953,22.231843501329422,30.82951856715605,1.4070387803197804,1.4516571355215433,-1.0,-1.0,4.328972138547196,4.328972138547196,272.41365793405964,268.3932298109753,265.6108947755692,0.036500109429923516,0.0,-0.23146281005222882,0.0018048244120673212,0.3065739402865135
