target_id,prot_ps,prot_acf,prot_cs,e_prot_ps,E_prot_ps,e_prot_acf,E_prot_acf,e_prot_cs,E_prot_cs,sph_ps,sph_acf,sph_cs,h_ps,fa_prob_ps,hacf,gacf,hcs
8815478,73.04930833599686,27.830673004500568,28.66342689751583,0.7383199651174692,0.7534207125546004,-1.0,-1.0,0.4052630230145658,0.4052630230145658,784.667303737919,766.5289294593287,766.6377848444878,0.10872958227986018,0.0,-0.3500321954667193,0.00021505683444600354,0.3103932612050526
