target_id,prot_ps,prot_acf,prot_cs,e_prot_ps,E_prot_ps,e_prot_acf,E_prot_acf,e_prot_cs,E_prot_cs,sph_ps,sph_acf,sph_cs,h_ps,fa_prob_ps,hacf,gacf,hcs
8846848,73.04850588244771,0.3065061243250966,73.80177063949405,3.630028723749561,4.026175995804948,-1.0,-1.0,5.800445370186716,5.800445370186716,735.4908944657377,385.1220235005935,735.5853544703971,0.1304347394583785,0.0,1.0401552183026606,0.1240934767213544,0.1468811881570268
