target_id,prot_ps,prot_acf,prot_cs,e_prot_ps,E_prot_ps,e_prot_acf,E_prot_acf,e_prot_cs,E_prot_cs,sph_ps,sph_acf,sph_cs,h_ps,fa_prob_ps,hacf,gacf,hcs
8805437,44.271824153828334,35.53427910944447,25.658576296859852,16.072173493667364,57.157119035913155,-1.0,-1.0,0.3343789376000525,0.3343789376000525,318.23685356778776,323.6505261995392,322.5206157938641,0.029593382005365824,0.0,-0.007770444020460923,0.0011219922858317988,21.531366749056186
