target_id,prot_ps,prot_acf,prot_cs,e_prot_ps,E_prot_ps,e_prot_acf,E_prot_acf,e_prot_cs,E_prot_cs,sph_ps,sph_acf,sph_cs,h_ps,fa_prob_ps,hacf,gacf,hcs
8816888,73.59779096471183,5.108441459015012,5.0174534977780985,2.2830649439944892,2.4334302542745547,-1.0,-1.0,0.25532293056857364,0.25532293056857364,433.2598027556412,399.0500557886764,390.76357503371423,0.05412927184902733,0.0,0.42247373894083473,0.32542473063323235,0.18764411027318972
