target_id,prot_ps,prot_acf,prot_cs,e_prot_ps,E_prot_ps,e_prot_acf,E_prot_acf,e_prot_cs,E_prot_cs,sph_ps,sph_acf,sph_cs,h_ps,fa_prob_ps,hacf,gacf,hcs
8889293,72.93538596119956,16.122217363212258,41.75082152476068,2.574258887391238,2.768011186130636,-1.0,-1.0,5.870993291257841,5.870993291257841,758.0221978376131,755.1827656954539,758.8624352971016,0.047841986434996764,0.0,-0.01810806490103715,0.012963753409460056,2.6071748850604246
