target_id,prot_ps,prot_acf,prot_cs,e_prot_ps,E_prot_ps,e_prot_acf,E_prot_acf,e_prot_cs,E_prot_cs,sph_ps,sph_acf,sph_cs,h_ps,fa_prob_ps,hacf,gacf,hcs
8890316,73.04935420617626,29.628855804912746,28.654153113486522,2.4186209827302037,2.588301295207785,-1.0,-1.0,0.36347704514773643,0.36347704514773643,918.6828811142013,912.7291301618112,909.8309033611404,0.1450361894984549,0.0,-0.3758335033411477,0.004583973695789251,0.1412954243595826
