target_id,prot_ps,prot_acf,prot_cs,e_prot_ps,E_prot_ps,e_prot_acf,E_prot_acf,e_prot_cs,E_prot_cs,sph_ps,sph_acf,sph_cs,h_ps,fa_prob_ps,hacf,gacf,hcs
8867584,91.99833842195196,32.734830206260085,45.66750973499223,2.679433594834805,2.8434045229135734,-1.0,-1.0,1.9358848973551743,1.9358848973551743,164.84670673516277,162.16045524793716,162.1075627878829,0.16850839991828406,0.0,-0.357752652620249,0.0004411081597885391,0.1318527890191413
