target_id,prot_ps,prot_acf,prot_cs,e_prot_ps,E_prot_ps,e_prot_acf,E_prot_acf,e_prot_cs,E_prot_cs,sph_ps,sph_acf,sph_cs,h_ps,fa_prob_ps,hacf,gacf,hcs
8894479,4.794702179787745,4.9040864780545235,4.849937189859337,0.36620958578698914,0.4314583233640974,-1.0,-1.0,0.36663035509557673,0.36663035509557673,1166.1284521383309,1158.8206426064285,1167.5596771173482,0.03109107046725294,0.0,0.6549037725433361,0.8079134277344581,0.58713737554609
