target_id,prot_ps,prot_acf,prot_cs,e_prot_ps,E_prot_ps,e_prot_acf,E_prot_acf,e_prot_cs,E_prot_cs,sph_ps,sph_acf,sph_cs,h_ps,fa_prob_ps,hacf,gacf,hcs
8827587,73.04931221184702,28.13717949623242,37.161306289358315,9.434505609265202,12.676051767785907,-1.0,-1.0,6.586878107113769,6.586878107113769,658.381824148946,656.6171705614786,651.8871180184078,0.04425601241678361,0.0,-0.35176458171565433,0.0011650995669385267,0.21893095452702654
