target_id,prot_ps,prot_acf,prot_cs,e_prot_ps,E_prot_ps,e_prot_acf,E_prot_acf,e_prot_cs,E_prot_cs,sph_ps,sph_acf,sph_cs,h_ps,fa_prob_ps,hacf,gacf,hcs
8866936,91.31154928932592,23.31480780337006,47.029821398680454,1.3332836126914742,1.373330648391459,-1.0,-1.0,1.201013175786289,1.201013175786289,396.6656329415253,383.6523833802687,393.3792564594492,0.09256766915227897,0.0,-0.30491712658838116,0.0008134940684587366,0.2194299718844109
