target_id,prot_ps,prot_acf,prot_cs,e_prot_ps,E_prot_ps,e_prot_acf,E_prot_acf,e_prot_cs,E_prot_cs,sph_ps,sph_acf,sph_cs,h_ps,fa_prob_ps,hacf,gacf,hcs
8819602,91.31186789521546,28.525440897792578,31.349173474917183,2.892248317610182,3.085773547610401,-1.0,-1.0,5.014710125276504,5.014710125276504,641.9735175828956,630.9387669880276,631.6962486498219,0.08168125551883995,0.0,-0.43067224709640156,0.004854041516139024,0.10136546906729028
