target_id,prot_ps,prot_acf,prot_cs,e_prot_ps,E_prot_ps,e_prot_acf,E_prot_acf,e_prot_cs,E_prot_cs,sph_ps,sph_acf,sph_cs,h_ps,fa_prob_ps,hacf,gacf,hcs
8943248,121.7487682101445,32.03999003767967,28.64243079629733,2.3543095116544066,2.448909809356479,-1.0,-1.0,0.3882185233088094,0.3882185233088094,681.2104809311054,669.2072233812466,668.2804540378268,0.06587644409392401,0.0,-0.40193409301303434,0.004047091696703281,0.26830683388743287
