target_id,prot_ps,prot_acf,prot_cs,e_prot_ps,E_prot_ps,e_prot_acf,E_prot_acf,e_prot_cs,E_prot_cs,sph_ps,sph_acf,sph_cs,h_ps,fa_prob_ps,hacf,gacf,hcs
8936511,22.645478148105088,19.412047462537885,22.43809230053696,0.5908472002302965,0.6237198427611794,-1.0,-1.0,0.9705847044588021,0.9705847044588021,487.86541379807716,489.24835564740437,489.3619405237362,0.04913949295508565,0.0,-0.15640185300458384,0.00015772103102493218,1.0822241921395115
