target_id,prot_ps,prot_acf,prot_cs,e_prot_ps,E_prot_ps,e_prot_acf,E_prot_acf,e_prot_cs,E_prot_cs,sph_ps,sph_acf,sph_cs,h_ps,fa_prob_ps,hacf,gacf,hcs
8939718,60.87445387398202,17.920346888247877,30.730023354352447,11.142989444586831,17.477456029737596,-1.0,-1.0,5.370621550836561,5.370621550836561,474.62996110910126,474.0520121740466,473.38441202867034,0.03192380863268093,0.0,-0.11044395626760403,0.007734778807410685,0.7768174885080165
