target_id,prot_ps,prot_acf,prot_cs,e_prot_ps,E_prot_ps,e_prot_acf,E_prot_acf,e_prot_cs,E_prot_cs,sph_ps,sph_acf,sph_cs,h_ps,fa_prob_ps,hacf,gacf,hcs
8947207,63.521170525372305,16.224350916221738,30.13152123559266,0.6278637504781912,0.6405370244901931,-1.0,-1.0,18.594798209959524,18.594798209959524,637.4671816315188,627.4867778339841,636.3209272736167,0.031417123223161564,0.0,-0.1157903391182067,0.0005702011742884025,0.24466002568815357
