target_id,prot_ps,prot_acf,prot_cs,e_prot_ps,E_prot_ps,e_prot_acf,E_prot_acf,e_prot_cs,E_prot_cs,sph_ps,sph_acf,sph_cs,h_ps,fa_prob_ps,hacf,gacf,hcs
8938937,85.94049439642457,12.709768751636147,89.56913238894192,22.800748541846417,48.03301905326509,-1.0,-1.0,8.290203289904536,8.290203289904536,1073.1558419831301,1015.2986271294932,1065.0157710256408,0.018099546571715464,9.224750224516024e-279,0.038568383101044636,0.030569714378477362,1.9813766799988632
