target_id,prot_ps,prot_acf,prot_cs,e_prot_ps,E_prot_ps,e_prot_acf,E_prot_acf,e_prot_cs,E_prot_cs,sph_ps,sph_acf,sph_cs,h_ps,fa_prob_ps,hacf,gacf,hcs
8960890,15.218547124138892,15.223033432848752,15.375263767177238,1.0638541661133036,1.2347598903382337,-1.0,-1.0,0.541503449770698,0.541503449770698,4677.401521225587,4677.5590789563485,4662.927537585593,0.124257566077374,0.0,0.4842026610417721,0.8748263260858442,0.9774535365908787
