target_id,prot_ps,prot_acf,prot_cs,e_prot_ps,E_prot_ps,e_prot_acf,E_prot_acf,e_prot_cs,E_prot_cs,sph_ps,sph_acf,sph_cs,h_ps,fa_prob_ps,hacf,gacf,hcs
8938922,13.381579104636321,13.404526866972446,13.383111791466003,1.7175715825274622,2.3028062961960156,-1.0,-1.0,0.11905283646514084,0.11905283646514084,1400.6494064545295,1401.5965105817977,1400.6494064545295,0.13709366915511717,0.0,0.4240699884273982,0.7704787550958632,0.8633090340158605
