target_id,prot_ps,prot_acf,prot_cs,e_prot_ps,E_prot_ps,e_prot_acf,E_prot_acf,e_prot_cs,E_prot_cs,sph_ps,sph_acf,sph_cs,h_ps,fa_prob_ps,hacf,gacf,hcs
9017696,54.51689638899171,26.21652873698622,29.120371994049833,1.6581062376885853,1.7660023771394293,-1.0,-1.0,7.752457885387198,7.752457885387198,214.10480119288573,210.46109720457662,209.54879245557458,0.07807587151942329,0.0,-0.3670421127443075,0.001740583629720821,0.10783985015664112
