target_id,prot_ps,prot_acf,prot_cs,e_prot_ps,E_prot_ps,e_prot_acf,E_prot_acf,e_prot_cs,E_prot_cs,sph_ps,sph_acf,sph_cs,h_ps,fa_prob_ps,hacf,gacf,hcs
9026586,73.0493388372453,2.6972469482570887,54.690768613712855,4.303622406656274,4.884962800895295,-1.0,-1.0,2.2435190853512053,2.2435190853512053,490.7991878503111,415.0117302959198,489.2417760780383,0.028514661504990154,0.0,0.6116738518353908,0.24753296501943692,0.08235299009799668
