target_id,prot_ps,prot_acf,prot_cs,e_prot_ps,E_prot_ps,e_prot_acf,E_prot_acf,e_prot_cs,E_prot_cs,sph_ps,sph_acf,sph_cs,h_ps,fa_prob_ps,hacf,gacf,hcs
9021394,85.94834077406789,16.714801408350468,21.30156359922141,7.961414763561024,9.749983748701027,-1.0,-1.0,4.588213637989317,4.588213637989317,345.9227511656871,348.84270531230925,345.9227511656871,0.15933021224854857,5.922471374872735e-155,0.2447571483806839,0.1269630469846756,0.8002086507104123
