target_id,prot_ps,prot_acf,prot_cs,e_prot_ps,E_prot_ps,e_prot_acf,E_prot_acf,e_prot_cs,E_prot_cs,sph_ps,sph_acf,sph_cs,h_ps,fa_prob_ps,hacf,gacf,hcs
9028438,52.17756677201235,56.15189510397613,92.41218314468541,1.1102018868580927,1.1590309465141573,-1.0,-1.0,3.773408481356499,3.773408481356499,314.979115015554,317.37338238673317,315.759802505817,0.11969210247051702,0.0,0.14680517405817758,0.36012059863450785,0.7340776056288305
