target_id,prot_ps,prot_acf,prot_cs,e_prot_ps,E_prot_ps,e_prot_acf,E_prot_acf,e_prot_cs,E_prot_cs,sph_ps,sph_acf,sph_cs,h_ps,fa_prob_ps,hacf,gacf,hcs
9088259,73.04927668622004,28.52540514431894,28.669991507610817,23.011631227450877,63.27624917713642,-1.0,-1.0,0.3834165269240259,0.3834165269240259,915.4587869432717,901.551609494287,901.3697568753354,0.08201395674999723,0.0,-0.41791399279733676,0.0007376965166075444,0.3220993093752003
