target_id,prot_ps,prot_acf,prot_cs,e_prot_ps,E_prot_ps,e_prot_acf,E_prot_acf,e_prot_cs,E_prot_cs,sph_ps,sph_acf,sph_cs,h_ps,fa_prob_ps,hacf,gacf,hcs
9092504,74.87757287848437,28.137148717883974,37.522914926800254,10.412515317428145,14.47997264848891,-1.0,-1.0,0.8179594611035025,0.8179594611035025,1230.6850061062569,1206.0535924035776,1219.8041973365016,0.0894035100107228,0.0,-0.2543835550843109,0.0006181999538213967,0.30634896648206733
