target_id,prot_ps,prot_acf,prot_cs,e_prot_ps,E_prot_ps,e_prot_acf,E_prot_acf,e_prot_cs,E_prot_cs,sph_ps,sph_acf,sph_cs,h_ps,fa_prob_ps,hacf,gacf,hcs
9022284,121.74801513222603,1.9003724860958755,74.50481851133516,5.913235599952273,6.542402301247208,-1.0,-1.0,4.209457168829836,4.209457168829836,542.2928345973004,281.69748699255445,559.2496645204526,0.05936859687585549,0.0,0.8801601514466958,0.36496921121753145,0.036566143000687536
