target_id,prot_ps,prot_acf,prot_cs,e_prot_ps,E_prot_ps,e_prot_acf,E_prot_acf,e_prot_cs,E_prot_cs,sph_ps,sph_acf,sph_cs,h_ps,fa_prob_ps,hacf,gacf,hcs
9093015,13.654107442834711,13.506670584902167,13.74492743667215,1.1740518576715449,1.4149478587174968,-1.0,-1.0,0.6936805368498322,0.6936805368498322,841.6523097943914,840.6559059472506,838.1548913829376,0.05309145325975603,0.0,0.42352123605361447,0.6918332507083393,0.91743738820756
