target_id,prot_ps,prot_acf,prot_cs,e_prot_ps,E_prot_ps,e_prot_acf,E_prot_acf,e_prot_cs,E_prot_cs,sph_ps,sph_acf,sph_cs,h_ps,fa_prob_ps,hacf,gacf,hcs
9099455,61.99492856307813,57.95003577321768,61.335494844764476,13.477820717266347,23.901869984210705,-1.0,-1.0,6.792012346875692,6.792012346875692,1144.1695097518007,1165.956219257146,1147.520036625225,0.1870825389060959,0.0,0.2615917749582809,0.4028297293891996,0.8773928143163543
