target_id,prot_ps,prot_acf,prot_cs,e_prot_ps,E_prot_ps,e_prot_acf,E_prot_acf,e_prot_cs,E_prot_cs,sph_ps,sph_acf,sph_cs,h_ps,fa_prob_ps,hacf,gacf,hcs
9085290,73.0494041091232,30.93663334939629,26.788182026678694,2.201865559948274,2.3416166173818453,-1.0,-1.0,4.965207547511476,4.965207547511476,766.1248317662894,753.1778427152428,755.2962716959181,0.07617377436422185,0.0,-0.4057693210454132,0.0040051559747068255,0.11450445176415545
