target_id,prot_ps,prot_acf,prot_cs,e_prot_ps,E_prot_ps,e_prot_acf,E_prot_acf,e_prot_cs,E_prot_cs,sph_ps,sph_acf,sph_cs,h_ps,fa_prob_ps,hacf,gacf,hcs
9025803,93.53685325932607,29.73106492543593,40.94590868741273,8.663855533087528,10.610174488750317,-1.0,-1.0,7.577276333965831,7.577276333965831,339.2866887651107,339.2866887651107,339.2866887651107,0.44795472040581746,0.0,-0.27618193003330593,0.0015683926026851258,0.15610135949145718
