target_id,prot_ps,prot_acf,prot_cs,e_prot_ps,E_prot_ps,e_prot_acf,E_prot_acf,e_prot_cs,E_prot_cs,sph_ps,sph_acf,sph_cs,h_ps,fa_prob_ps,hacf,gacf,hcs
9092559,19.83735455738697,20.12740291422233,20.019103182805697,1.7107569267222473,2.063025927806507,-1.0,-1.0,2.055373044828613,2.055373044828613,601.9955835711756,601.2985876052345,601.4106543972107,0.4298627936637059,0.0,0.5042806594461896,0.8736065926280276,0.9886211451563861
