target_id,prot_ps,prot_acf,prot_cs,e_prot_ps,E_prot_ps,e_prot_acf,E_prot_acf,e_prot_cs,E_prot_cs,sph_ps,sph_acf,sph_cs,h_ps,fa_prob_ps,hacf,gacf,hcs
9009486,16.054630078396706,16.122236100956798,16.130509110051882,0.6584287562471776,0.7172053859922869,-1.0,-1.0,0.24365008720151754,0.24365008720151754,7635.424369925261,7628.850076204633,7631.749886687687,0.23733843454304482,0.0,0.6987497063155748,1.2335697572567268,0.8593330926074447
