target_id,prot_ps,prot_acf,prot_cs,e_prot_ps,E_prot_ps,e_prot_acf,E_prot_acf,e_prot_cs,E_prot_cs,sph_ps,sph_acf,sph_cs,h_ps,fa_prob_ps,hacf,gacf,hcs
9019145,73.04845612190908,30.32365252636373,28.591384502738254,22.08898170815209,56.758320611653346,-1.0,-1.0,0.48864211630758453,0.48864211630758453,366.29665203040827,355.3416262976756,359.2449511104072,0.16207829909239665,0.0,-0.47988269291794894,0.0030385543733802423,0.13387661854554128
