target_id,prot_ps,prot_acf,prot_cs,e_prot_ps,E_prot_ps,e_prot_acf,E_prot_acf,e_prot_cs,E_prot_cs,sph_ps,sph_acf,sph_cs,h_ps,fa_prob_ps,hacf,gacf,hcs
9092247,73.59865483381225,2.9015885991975665,74.70977631257846,0.7324607660704032,0.7474513901997426,-1.0,-1.0,3.051245396094976,3.051245396094976,416.1587428444436,371.7605719037098,415.49260025994465,0.029888497223481744,0.0,0.49694793281507565,0.30802801194301554,0.08927153530703077
