target_id,prot_ps,prot_acf,prot_cs,e_prot_ps,E_prot_ps,e_prot_acf,E_prot_acf,e_prot_cs,E_prot_cs,sph_ps,sph_acf,sph_cs,h_ps,fa_prob_ps,hacf,gacf,hcs
9094316,31.79228332556414,17.613874038681388,45.86689019118503,0.8099640569466864,0.852992374580424,-1.0,-1.0,1.1321035647872055,1.1321035647872055,1074.6124923220855,1069.4092896472398,1111.5247221748998,0.07795918230736973,0.0,-0.20587534098629837,0.00025423934300923545,0.5279494347125184
