target_id,prot_ps,prot_acf,prot_cs,e_prot_ps,E_prot_ps,e_prot_acf,E_prot_acf,e_prot_cs,E_prot_cs,sph_ps,sph_acf,sph_cs,h_ps,fa_prob_ps,hacf,gacf,hcs
9071421,29.21969398470678,28.627557843457907,29.12691367245344,3.871943308758283,5.287178721250797,-1.0,-1.0,0.5269538764061373,0.5269538764061373,1423.8889380391242,1434.857611972383,1424.8223543489094,0.24817179149841734,0.0,0.5630155031545606,1.1093501678129336,0.98837914479465
