target_id,prot_ps,prot_acf,prot_cs,e_prot_ps,E_prot_ps,e_prot_acf,E_prot_acf,e_prot_cs,E_prot_cs,sph_ps,sph_acf,sph_cs,h_ps,fa_prob_ps,hacf,gacf,hcs
9006131,25.189400306296232,23.62131918594241,86.55727403412847,5.809509289554459,10.692089736434859,-1.0,-1.0,4.391387544912405,4.391387544912405,773.1668828474361,779.0268007343669,789.1249007239618,0.025446854132414615,0.0,0.029896391156151638,0.13041316768946534,1.334922466525013
