target_id,prot_ps,prot_acf,prot_cs,e_prot_ps,E_prot_ps,e_prot_acf,E_prot_acf,e_prot_cs,E_prot_cs,sph_ps,sph_acf,sph_cs,h_ps,fa_prob_ps,hacf,gacf,hcs
9083864,58.4779674922143,31.938053151592612,27.451400348972534,12.573452745156516,21.894417655788267,-1.0,-1.0,1.9557548107228764,1.9557548107228764,1837.6152043487807,1744.432460484682,1716.4144579142824,0.06797421697953247,0.0,-0.47766013003599406,0.0018791240994000258,0.08976835531912584
