target_id,prot_ps,prot_acf,prot_cs,e_prot_ps,E_prot_ps,e_prot_acf,E_prot_acf,e_prot_cs,E_prot_cs,sph_ps,sph_acf,sph_cs,h_ps,fa_prob_ps,hacf,gacf,hcs
9041967,73.04845593057422,16.714789600111544,16.180243272557853,2.306812049664316,2.4606699217841737,-1.0,-1.0,1.3626134246191577,1.3626134246191577,802.5755614473943,776.9335409933468,791.6467140393175,0.0486938289002074,0.0,0.1976678705697505,0.3482476331141795,0.3260478064918706
