target_id,prot_ps,prot_acf,prot_cs,e_prot_ps,E_prot_ps,e_prot_acf,E_prot_acf,e_prot_cs,E_prot_cs,sph_ps,sph_acf,sph_cs,h_ps,fa_prob_ps,hacf,gacf,hcs
9107013,72.93531224500907,35.43212250620127,46.41505879562347,9.40868845549717,12.636251089441714,-1.0,-1.0,2.2215550808392712,2.2215550808392712,737.906014489156,722.1631739873177,734.4601545794624,0.17119368838945592,0.0,-0.5307141769541879,0.0008382130884924122,0.09042650618273147
