target_id,prot_ps,prot_acf,prot_cs,e_prot_ps,E_prot_ps,e_prot_acf,E_prot_acf,e_prot_cs,E_prot_cs,sph_ps,sph_acf,sph_cs,h_ps,fa_prob_ps,hacf,gacf,hcs
9159416,26.08904143374979,25.82817465811968,26.028958372776223,1.5477388273336707,1.755484986276091,-1.0,-1.0,0.4187301064901297,0.4187301064901297,2954.303935329836,2962.147563422272,2957.674459018214,0.2832246311381077,0.0,0.665546272256086,1.1223578559229703,0.9160707935059208
