target_id,prot_ps,prot_acf,prot_cs,e_prot_ps,E_prot_ps,e_prot_acf,E_prot_acf,e_prot_cs,E_prot_cs,sph_ps,sph_acf,sph_cs,h_ps,fa_prob_ps,hacf,gacf,hcs
9151070,89.48307481807167,22.23095789551735,22.639002223801796,8.288824809872452,10.150946385232189,-1.0,-1.0,2.8041697018795935,2.8041697018795935,4144.434168366278,4144.434168366278,4144.434168366278,0.3670060917681621,0.0,0.34738373507849385,0.5646326438232987,0.8242616209066219
