target_id,prot_ps,prot_acf,prot_cs,e_prot_ps,E_prot_ps,e_prot_acf,E_prot_acf,e_prot_cs,E_prot_cs,sph_ps,sph_acf,sph_cs,h_ps,fa_prob_ps,hacf,gacf,hcs
9112027,85.94771391425647,4.413648962974548,21.099081063419582,7.961356061676099,9.749911733216933,-1.0,-1.0,4.205654357808803,4.205654357808803,510.58750129921305,450.4509144881478,510.58750129921305,0.19151818151728692,1.4965734514127816e-190,0.4216695598543881,0.014795222846205686,0.14766724559510638
