target_id,prot_ps,prot_acf,prot_cs,e_prot_ps,E_prot_ps,e_prot_acf,E_prot_acf,e_prot_cs,E_prot_cs,sph_ps,sph_acf,sph_cs,h_ps,fa_prob_ps,hacf,gacf,hcs
9107329,72.93523597282106,26.31864181533456,45.76930148083394,3.374557325931022,3.718179079667621,-1.0,-1.0,1.1353280409278899,1.1353280409278899,1201.6852442962024,1182.6878559739391,1209.9718335753355,0.0898211318067517,0.0,-0.3999469846280877,0.005327640155413399,0.13200907011381227
