target_id,prot_ps,prot_acf,prot_cs,e_prot_ps,E_prot_ps,e_prot_acf,E_prot_acf,e_prot_cs,E_prot_cs,sph_ps,sph_acf,sph_cs,h_ps,fa_prob_ps,hacf,gacf,hcs
9156522,73.04912725955788,20.127090096939355,34.490885004191696,2.3190698530567744,2.4746207956403907,-1.0,-1.0,7.012875209372884,7.012875209372884,965.4106037317515,943.3936834659013,956.9482393214979,0.0616754945866074,0.0,-0.17394120489789663,0.000295051928246845,0.33647617693601345
