target_id,prot_ps,prot_acf,prot_cs,e_prot_ps,E_prot_ps,e_prot_acf,E_prot_acf,e_prot_cs,E_prot_cs,sph_ps,sph_acf,sph_cs,h_ps,fa_prob_ps,hacf,gacf,hcs
9165425,22.141045134085953,20.617624622769654,21.908422786714514,3.429803797514772,4.991798597651908,-1.0,-1.0,2.623477293807754,2.623477293807754,3327.703880978584,3454.4385215901043,3317.95850656153,0.09960025085756856,0.0,0.5790964683590765,1.084255022891585,0.8431076500367016
