target_id,prot_ps,prot_acf,prot_cs,e_prot_ps,E_prot_ps,e_prot_acf,E_prot_acf,e_prot_cs,E_prot_cs,sph_ps,sph_acf,sph_cs,h_ps,fa_prob_ps,hacf,gacf,hcs
9172970,119.02357882718645,2.002513524144888,2.2161442354032723,11.0257558607763,13.502809925035692,-1.0,-1.0,0.057087068478928436,0.057087068478928436,636.222180563788,531.6694500811723,542.4860780565967,0.14952355259077496,4.175713130350566e-201,0.6506662224459191,0.1989311001288619,0.2046634878266899
