target_id,prot_ps,prot_acf,prot_cs,e_prot_ps,E_prot_ps,e_prot_acf,E_prot_acf,e_prot_cs,E_prot_cs,sph_ps,sph_acf,sph_cs,h_ps,fa_prob_ps,hacf,gacf,hcs
9164429,91.3117291597626,31.63136931695044,41.04905782114248,3.5761394504985873,3.87676249158676,-1.0,-1.0,7.165283301439204,7.165283301439204,427.3278245936922,418.1857829437305,420.6874054295457,0.05873589844507556,0.0,-0.28502616329079816,0.011274105675516732,0.2548132922997894
