target_id,prot_ps,prot_acf,prot_cs,e_prot_ps,E_prot_ps,e_prot_acf,E_prot_acf,e_prot_cs,E_prot_cs,sph_ps,sph_acf,sph_cs,h_ps,fa_prob_ps,hacf,gacf,hcs
9117974,73.04938169899641,57.84780652169138,72.34020436607302,1.592117539873371,1.6639229184781783,-1.0,-1.0,24.69168354994813,24.69168354994813,1810.6492999608513,1777.5881256739103,1817.9359492812573,0.12100394210641789,0.0,0.13569538905331724,0.28053075817973194,0.5238880150112043
