target_id,prot_ps,prot_acf,prot_cs,e_prot_ps,E_prot_ps,e_prot_acf,E_prot_acf,e_prot_cs,E_prot_cs,sph_ps,sph_acf,sph_cs,h_ps,fa_prob_ps,hacf,gacf,hcs
9163303,73.04928969374126,28.218905862420797,45.61515614545754,2.7630044835247247,2.991573089537937,-1.0,-1.0,0.9826913211912157,0.9826913211912157,993.1543401496099,987.6821995665274,983.0910580259746,0.07250984962361155,0.0,-0.3012751615813459,0.0004615955040978559,0.17459169579019296
