target_id,prot_ps,prot_acf,prot_cs,e_prot_ps,E_prot_ps,e_prot_acf,E_prot_acf,e_prot_cs,E_prot_cs,sph_ps,sph_acf,sph_cs,h_ps,fa_prob_ps,hacf,gacf,hcs
9160324,73.0485033064964,21.92540376074612,91.63683978037746,10.56602827170962,14.806553027264613,-1.0,-1.0,2.5895309026598317,2.5895309026598317,430.98451830261206,428.99741868411456,431.00053022749466,0.030086051303103836,0.0,0.036956231486448575,0.20604806917294727,2.3245434648006715
