target_id,prot_ps,prot_acf,prot_cs,e_prot_ps,E_prot_ps,e_prot_acf,E_prot_acf,e_prot_cs,E_prot_cs,sph_ps,sph_acf,sph_cs,h_ps,fa_prob_ps,hacf,gacf,hcs
9152963,54.11061117314553,28.423255572095513,28.653030607241398,9.193136627618351,13.853276758724725,-1.0,-1.0,0.3615374323322349,0.3615374323322349,1494.5490037198008,1454.761023438318,1450.7217875874162,0.07720328998183823,0.0,-0.399930006543573,0.0031993241712936216,0.5211075304521182
