target_id,prot_ps,prot_acf,prot_cs,e_prot_ps,E_prot_ps,e_prot_acf,E_prot_acf,e_prot_cs,E_prot_cs,sph_ps,sph_acf,sph_cs,h_ps,fa_prob_ps,hacf,gacf,hcs
9164664,72.93520207129727,38.435825070831925,41.750787272448555,13.58415882843294,21.520290942197647,-1.0,-1.0,6.194896723484866,6.194896723484866,2932.834633574314,2449.5767933790016,2586.399831667023,0.2166366729974746,0.0,-0.5572853367951746,0.0001269744526465333,0.12059136085329111
