target_id,prot_ps,prot_acf,prot_cs,e_prot_ps,E_prot_ps,e_prot_acf,E_prot_acf,e_prot_cs,E_prot_cs,sph_ps,sph_acf,sph_cs,h_ps,fa_prob_ps,hacf,gacf,hcs
9137443,54.110604365243155,21.41449924185872,26.583241522223933,15.4809029948631,35.709188617997775,-1.0,-1.0,0.33581070712851435,0.33581070712851435,333.89155549887215,328.21375779396413,330.9888495469122,0.07379132133520692,0.0,-0.3211069475886587,0.002588703424779931,0.3327643979215531
