target_id,prot_ps,prot_acf,prot_cs,e_prot_ps,E_prot_ps,e_prot_acf,E_prot_acf,e_prot_cs,E_prot_cs,sph_ps,sph_acf,sph_cs,h_ps,fa_prob_ps,hacf,gacf,hcs
9143683,91.30940908789574,36.04508079215884,52.188136229735804,3.205121041471088,3.4445203242507887,-1.0,-1.0,1.323228594498692,1.323228594498692,834.7860735078151,779.8797120714626,769.0487069472592,0.16025551547594177,0.0,-0.5709771322308405,0.00019088124916616378,0.1011722322785076
