target_id,prot_ps,prot_acf,prot_cs,e_prot_ps,E_prot_ps,e_prot_acf,E_prot_acf,e_prot_cs,E_prot_cs,sph_ps,sph_acf,sph_cs,h_ps,fa_prob_ps,hacf,gacf,hcs
9292483,61.85637915863811,29.73102495074272,40.78059248458497,17.802408164428954,41.386372855594196,-1.0,-1.0,10.305159802978682,10.305159802978682,231.69450184576095,226.90023019883537,229.9222447848795,0.07723874457062259,0.0,-0.3743942855996351,0.0007641305058626036,0.0928173251168544
