target_id,prot_ps,prot_acf,prot_cs,e_prot_ps,E_prot_ps,e_prot_acf,E_prot_acf,e_prot_cs,E_prot_cs,sph_ps,sph_acf,sph_cs,h_ps,fa_prob_ps,hacf,gacf,hcs
9230093,47.12863541609301,14.324024803936481,30.82955158799887,0.46630717781533093,0.47572431729089715,-1.0,-1.0,4.543230983606486,4.543230983606486,326.23167401475115,318.6004716976694,315.4722916311598,0.05940166245388704,0.0,-0.16917142685016143,0.001296259186400306,0.3631137435904171
