target_id,prot_ps,prot_acf,prot_cs,e_prot_ps,E_prot_ps,e_prot_acf,E_prot_acf,e_prot_cs,E_prot_cs,sph_ps,sph_acf,sph_cs,h_ps,fa_prob_ps,hacf,gacf,hcs
9238346,17.115962068288738,16.224370881915092,16.38661459073424,0.8089566322882398,0.8943410148331488,-1.0,-1.0,0.8561131068549642,0.8561131068549642,864.4470092316028,862.9597724375558,861.2030166831125,0.046884347258485,0.0,0.24314066724317918,0.4126595018255962,0.8026834004997276
