target_id,prot_ps,prot_acf,prot_cs,e_prot_ps,E_prot_ps,e_prot_acf,E_prot_acf,e_prot_cs,E_prot_cs,sph_ps,sph_acf,sph_cs,h_ps,fa_prob_ps,hacf,gacf,hcs
9239542,73.04944274428622,28.525470150634646,46.10541498544625,2.251499240392363,2.397831022765928,-1.0,-1.0,1.6705715043849656,1.6705715043849656,1108.1505632041078,1095.0495153449633,1104.0170296960066,0.10258488295788781,0.0,-0.3891504669068198,0.00015740649281961727,0.18588609987798538
