target_id,prot_ps,prot_acf,prot_cs,e_prot_ps,E_prot_ps,e_prot_acf,E_prot_acf,e_prot_cs,E_prot_cs,sph_ps,sph_acf,sph_cs,h_ps,fa_prob_ps,hacf,gacf,hcs
9269843,38.73574253622713,38.74241649359465,39.12984065853058,9.735761879890248,19.38040209711673,-1.0,-1.0,3.8191355248684706,3.8191355248684706,368.2564503075585,368.22593524673096,363.2368610069124,0.062181012687978196,0.0,0.18485162749447226,0.34620199756023884,0.9937765754072436
