target_id,prot_ps,prot_acf,prot_cs,e_prot_ps,E_prot_ps,e_prot_acf,E_prot_acf,e_prot_cs,E_prot_cs,sph_ps,sph_acf,sph_cs,h_ps,fa_prob_ps,hacf,gacf,hcs
9215841,7.730100225984107,7.805680761113763,7.69809125855438,0.47214553731612696,0.5371003593909132,-1.0,-1.0,0.07795430910817355,0.07795430910817355,19388.971438863424,19132.327452731734,19375.09647927762,0.28122556415312366,0.0,0.8359236970275664,1.490411101837873,0.6840501037498332
