target_id,prot_ps,prot_acf,prot_cs,e_prot_ps,E_prot_ps,e_prot_acf,E_prot_acf,e_prot_cs,E_prot_cs,sph_ps,sph_acf,sph_cs,h_ps,fa_prob_ps,hacf,gacf,hcs
9271621,93.04962138043466,23.72283065272495,46.081138798138134,4.50713265548417,4.995960699082332,-1.0,-1.0,9.705097557430978,9.705097557430978,615.5988769012283,504.2504191650067,597.4541957350152,0.06243600828023939,0.0,-0.10292636807410178,0.03453796456308495,0.4665584191897722
