target_id,prot_ps,prot_acf,prot_cs,e_prot_ps,E_prot_ps,e_prot_acf,E_prot_acf,e_prot_cs,E_prot_cs,sph_ps,sph_acf,sph_cs,h_ps,fa_prob_ps,hacf,gacf,hcs
9228855,61.994923548726604,30.630145883653313,41.319824822984,0.6440779443505349,0.657881596568906,-1.0,-1.0,0.8764620300782576,0.8764620300782576,838.2347694315348,834.7712014563668,831.4505876864973,0.08785904120390935,0.0,-0.4106967942845791,0.0004301504039228021,0.35705751960368315
