target_id,prot_ps,prot_acf,prot_cs,e_prot_ps,E_prot_ps,e_prot_acf,E_prot_acf,e_prot_cs,E_prot_cs,sph_ps,sph_acf,sph_cs,h_ps,fa_prob_ps,hacf,gacf,hcs
9279846,3.232268512021314,3.208086029626429,3.201680714311035,-1.0,-1.0,-1.0,-1.0,0.06181387986199447,0.06181387986199447,12987.395674551515,12993.236385532182,12978.038574880784,0.505899311980843,0.0,0.9112765731532826,1.6808142338287442,0.03892227621718623
