target_id,prot_ps,prot_acf,prot_cs,e_prot_ps,E_prot_ps,e_prot_acf,E_prot_acf,e_prot_cs,E_prot_cs,sph_ps,sph_acf,sph_cs,h_ps,fa_prob_ps,hacf,gacf,hcs
9223806,73.04943498764976,29.424550384283066,28.913911832822482,1.9995416049799957,2.1141215828533575,-1.0,-1.0,4.477499904368168,4.477499904368168,478.27705526385637,474.80512041554755,473.9283226687661,0.10213169450510104,0.0,-0.3688520349600871,0.001158703164717112,0.08370349503003141
