target_id,prot_ps,prot_acf,prot_cs,e_prot_ps,E_prot_ps,e_prot_acf,E_prot_acf,e_prot_cs,E_prot_cs,sph_ps,sph_acf,sph_cs,h_ps,fa_prob_ps,hacf,gacf,hcs
9225979,73.59864807846252,23.130971267819405,32.36047400832092,0.8632845320589411,0.8840199753558551,-1.0,-1.0,13.732776419209932,13.732776419209932,161.2972061898608,158.3804268707426,159.52869277986935,0.03921105229782632,0.0,-0.2594451649980298,0.0012533096361767027,0.17857826709058447
