target_id,prot_ps,prot_acf,prot_cs,e_prot_ps,E_prot_ps,e_prot_acf,E_prot_acf,e_prot_cs,E_prot_cs,sph_ps,sph_acf,sph_cs,h_ps,fa_prob_ps,hacf,gacf,hcs
9287446,14.908015327762493,14.814411359839141,14.906544819563027,0.9629051292823174,1.1041068406574368,-1.0,-1.0,0.1101699627469767,0.1101699627469767,3333.824788637813,3341.6994499289854,3333.824788637813,0.3542060313866491,0.0,0.5718233816875079,1.172909019260171,0.9475366618060532
