target_id,prot_ps,prot_acf,prot_cs,e_prot_ps,E_prot_ps,e_prot_acf,E_prot_acf,e_prot_cs,E_prot_cs,sph_ps,sph_acf,sph_cs,h_ps,fa_prob_ps,hacf,gacf,hcs
9351012,91.31160319035979,4.9040815606713295,90.39448336707427,12.075183559725119,16.476520902242484,-1.0,-1.0,9.79881079457375,9.79881079457375,2503.004346389456,1862.1900624954671,2507.399042317996,0.08244158606494317,0.0,0.7954044283071764,0.524300352193613,0.2512640784555251
