target_id,prot_ps,prot_acf,prot_cs,e_prot_ps,E_prot_ps,e_prot_acf,E_prot_acf,e_prot_cs,E_prot_cs,sph_ps,sph_acf,sph_cs,h_ps,fa_prob_ps,hacf,gacf,hcs
9335389,91.31157378968157,32.530397307127714,28.649714114077693,2.3190750830832627,2.444483736093659,-1.0,-1.0,0.3722173921084237,0.3722173921084237,408.66545623174005,398.93656097388504,397.2405084666475,0.09029868405159204,0.0,-0.386961783558814,0.001171267488225075,0.1440347151378447
