target_id,prot_ps,prot_acf,prot_cs,e_prot_ps,E_prot_ps,e_prot_acf,E_prot_acf,e_prot_cs,E_prot_cs,sph_ps,sph_acf,sph_cs,h_ps,fa_prob_ps,hacf,gacf,hcs
9328940,40.648373601006725,17.40946216508746,27.09766439083032,2.7229670737530043,3.1490908599690073,-1.0,-1.0,4.2799191858770405,4.2799191858770405,1535.5655140361707,1490.8816810681592,1474.3171877760108,0.05136983769513028,0.0,-0.19410757414158697,6.0217934996970035e-05,0.5613175376503761
