target_id,prot_ps,prot_acf,prot_cs,e_prot_ps,E_prot_ps,e_prot_acf,E_prot_acf,e_prot_cs,E_prot_cs,sph_ps,sph_acf,sph_cs,h_ps,fa_prob_ps,hacf,gacf,hcs
9306085,0.22856501358192216,0.10216849856078625,96.48709770670145,-1.0,-1.0,-1.0,-1.0,0.4273403704157785,0.4273403704157785,35267.8106288662,35195.21744438152,37168.261013429845,0.5016680635629819,0.0,1.524484918209945,1.0069548743575714,0.0014201671453529083
