target_id,prot_ps,prot_acf,prot_cs,e_prot_ps,E_prot_ps,e_prot_acf,E_prot_acf,e_prot_cs,E_prot_cs,sph_ps,sph_acf,sph_cs,h_ps,fa_prob_ps,hacf,gacf,hcs
9395821,11.590344697792858,10.911612306721509,11.605873178226325,1.8464991816534315,2.7167554286310693,-1.0,-1.0,0.5012250609451047,0.5012250609451047,739.5139861217814,733.893058989418,739.8560141309757,0.04512868550976189,0.0,0.3600493942556006,0.5652660087810595,0.815381003721085
