target_id,prot_ps,prot_acf,prot_cs,e_prot_ps,E_prot_ps,e_prot_acf,E_prot_acf,e_prot_cs,E_prot_cs,sph_ps,sph_acf,sph_cs,h_ps,fa_prob_ps,hacf,gacf,hcs
9398569,52.570489382229304,5.0062638451345265,53.081109044011676,8.196317717423597,11.856448142048706,-1.0,-1.0,2.1096197272612653,2.1096197272612653,162.4600642733308,143.78348195028772,162.56434645325024,0.08893127701531184,0.0,0.6054494293014865,0.41836405410353017,0.23612935344750194
