target_id,prot_ps,prot_acf,prot_cs,e_prot_ps,E_prot_ps,e_prot_acf,E_prot_acf,e_prot_cs,E_prot_cs,sph_ps,sph_acf,sph_cs,h_ps,fa_prob_ps,hacf,gacf,hcs
9366643,17.816921121245425,17.92035423917696,17.858867011131135,0.49346660775970363,0.5220979906317424,-1.0,-1.0,0.19683514023577275,0.19683514023577275,6243.335403856055,6212.313132127117,6236.414530199245,0.2914104123308287,0.0,0.5274800287168117,1.0111949886699556,0.9948923700771279
