target_id,prot_ps,prot_acf,prot_cs,e_prot_ps,E_prot_ps,e_prot_acf,E_prot_acf,e_prot_cs,E_prot_cs,sph_ps,sph_acf,sph_cs,h_ps,fa_prob_ps,hacf,gacf,hcs
9340674,73.0493330886409,29.322341044899076,28.672002758579616,1.7767507964617124,1.8666461952031455,-1.0,-1.0,0.3955658262021378,0.3955658262021378,867.5636231954954,859.1703738861659,855.1009049569286,0.11155948829871652,0.0,-0.32220778268135486,0.00042938465310279894,0.18691051758808677
