target_id,prot_ps,prot_acf,prot_cs,e_prot_ps,E_prot_ps,e_prot_acf,E_prot_acf,e_prot_cs,E_prot_cs,sph_ps,sph_acf,sph_cs,h_ps,fa_prob_ps,hacf,gacf,hcs
9308147,73.04933150582751,30.323591023683548,28.341319079473617,2.437043889452937,2.6106981168770176,-1.0,-1.0,2.3247360110830027,2.3247360110830027,1023.8919923105217,999.5348910350152,998.5966050075194,0.09204065238887879,0.0,-0.39443888199503785,0.000756417959908523,0.1291634386908363
