target_id,prot_ps,prot_acf,prot_cs,e_prot_ps,E_prot_ps,e_prot_acf,E_prot_acf,e_prot_cs,E_prot_cs,sph_ps,sph_acf,sph_cs,h_ps,fa_prob_ps,hacf,gacf,hcs
9340336,121.74887513050659,32.32608937099576,28.648017034669355,2.395775461388723,2.493867156216382,-1.0,-1.0,0.3760718889169723,0.3760718889169723,800.7465907297956,795.7144638420705,790.4365468820877,0.08365002652976349,0.0,-0.3999980612284871,0.0003702650910326344,0.1934871784228769
