target_id,prot_ps,prot_acf,prot_cs,e_prot_ps,E_prot_ps,e_prot_acf,E_prot_acf,e_prot_cs,E_prot_cs,sph_ps,sph_acf,sph_cs,h_ps,fa_prob_ps,hacf,gacf,hcs
9473189,67.74732534513797,21.026228128932416,51.09429847672614,24.899934412885713,91.45363661424304,-1.0,-1.0,1.7676947776193008,1.7676947776193008,748.2112828779983,727.5554848644931,748.8814096038301,0.03547371678835092,0.0,-0.09657524912916876,0.08227147346897322,0.5366298267706021
