target_id,prot_ps,prot_acf,prot_cs,e_prot_ps,E_prot_ps,e_prot_acf,E_prot_acf,e_prot_cs,E_prot_cs,sph_ps,sph_acf,sph_cs,h_ps,fa_prob_ps,hacf,gacf,hcs
9418153,91.31140569874084,18.615297274664044,19.62745299136018,7.351320340702344,8.745390824542739,-1.0,-1.0,1.09254914655216,1.09254914655216,623.535845734331,609.3836914928797,602.2301228102541,0.040631024162710014,0.0,0.13544975846212948,0.07994199849519452,0.5577231213376928
