target_id,prot_ps,prot_acf,prot_cs,e_prot_ps,E_prot_ps,e_prot_acf,E_prot_acf,e_prot_cs,E_prot_cs,sph_ps,sph_acf,sph_cs,h_ps,fa_prob_ps,hacf,gacf,hcs
9469105,91.99729337461179,7.703534460160881,88.20036112423988,3.1070682262304103,3.334559970901111,-1.0,-1.0,4.5802821756494945,4.5802821756494945,182.58469610132627,174.46477957543684,183.84251650308806,0.0284611862253639,0.0,0.12443758724012341,0.037698686485293315,0.6920963156733929
