target_id,prot_ps,prot_acf,prot_cs,e_prot_ps,E_prot_ps,e_prot_acf,E_prot_acf,e_prot_cs,E_prot_cs,sph_ps,sph_acf,sph_cs,h_ps,fa_prob_ps,hacf,gacf,hcs
9412433,69.57078073170307,23.621338026598096,34.27975163218099,10.487935839425937,15.080120234100875,-1.0,-1.0,6.607308593880006,6.607308593880006,375.1887802425634,364.0907215530329,368.82579578460303,0.063236107425347,0.0,-0.3284654706380393,0.002590634033455691,0.20046594722511496
