target_id,prot_ps,prot_acf,prot_cs,e_prot_ps,E_prot_ps,e_prot_acf,E_prot_acf,e_prot_cs,E_prot_cs,sph_ps,sph_acf,sph_cs,h_ps,fa_prob_ps,hacf,gacf,hcs
9412919,73.04942530313588,23.028755434788764,40.73893415558353,0.9267123956324497,0.9508686528269692,-1.0,-1.0,2.61347065082409,2.61347065082409,614.9144846739383,595.4568897621274,605.8871013137162,0.06531984102004734,0.0,-0.2614081140804578,0.0017845500720065077,0.23614592487225475
