target_id,prot_ps,prot_acf,prot_cs,e_prot_ps,E_prot_ps,e_prot_acf,E_prot_acf,e_prot_cs,E_prot_cs,sph_ps,sph_acf,sph_cs,h_ps,fa_prob_ps,hacf,gacf,hcs
9412514,3.707748333464778,3.6985047892667353,3.692546578900685,0.04823111091960319,0.04952340188528659,-1.0,-1.0,0.0535759111451902,0.0535759111451902,160.91387591645682,157.06510522680318,155.00130130029189,0.07720905865913849,0.0,0.7754183355423735,0.6140412825821908,0.3574466567522254
