target_id,prot_ps,prot_acf,prot_cs,e_prot_ps,E_prot_ps,e_prot_acf,E_prot_acf,e_prot_cs,E_prot_cs,sph_ps,sph_acf,sph_cs,h_ps,fa_prob_ps,hacf,gacf,hcs
9405029,93.04993311604338,31.528327096719295,47.01214803473032,1.4921505150159504,1.5416869003132945,-1.0,-1.0,5.842195608322716,5.842195608322716,711.852745175077,614.7560492018829,709.7211870001411,0.12178550555706129,0.0,-0.3327314577371728,0.001984301425359769,0.10530094061475782
