target_id,prot_ps,prot_acf,prot_cs,e_prot_ps,E_prot_ps,e_prot_acf,E_prot_acf,e_prot_cs,E_prot_cs,sph_ps,sph_acf,sph_cs,h_ps,fa_prob_ps,hacf,gacf,hcs
9455797,91.31154183183423,36.535383481532335,26.395997219020497,1.2939965664568547,1.3314604834054933,-1.0,-1.0,3.8008969348177066,3.8008969348177066,1189.0069157390487,1172.756955120934,1160.5148072813352,0.04902961824814214,0.0,-0.031553608450193484,0.02348398086007157,3.426861453620871
