target_id,prot_ps,prot_acf,prot_cs,e_prot_ps,E_prot_ps,e_prot_acf,E_prot_acf,e_prot_cs,E_prot_cs,sph_ps,sph_acf,sph_cs,h_ps,fa_prob_ps,hacf,gacf,hcs
9471061,74.00729985367367,32.83608963387087,28.404278037110792,0.9375861433652091,0.9619320941871905,-1.0,-1.0,0.5172575179620568,0.5172575179620568,498.4457409093544,457.0574668336789,445.29415982604274,0.08304802290021711,0.0,-0.2220341105798919,0.0039841529462551345,0.3513538618585758
