target_id,prot_ps,prot_acf,prot_cs,e_prot_ps,E_prot_ps,e_prot_acf,E_prot_acf,e_prot_cs,E_prot_cs,sph_ps,sph_acf,sph_cs,h_ps,fa_prob_ps,hacf,gacf,hcs
9489268,73.04955687549129,33.32738777482882,46.20859683637041,20.894819041230775,49.48953254607129,-1.0,-1.0,1.582692024815518,1.582692024815518,1345.109475797146,1298.6161452532485,1333.8017660032008,0.20857330746232447,0.0,-0.6070347017034893,0.00013607704183243863,0.06129390386643736
