target_id,prot_ps,prot_acf,prot_cs,e_prot_ps,E_prot_ps,e_prot_acf,E_prot_acf,e_prot_cs,E_prot_cs,sph_ps,sph_acf,sph_cs,h_ps,fa_prob_ps,hacf,gacf,hcs
9527819,58.878262115401164,29.220249853096902,39.34619028295875,14.337593396691368,27.687024162361624,-1.0,-1.0,10.263122760059652,10.263122760059652,128.52976885707966,128.11447370258253,128.26670281656865,0.06553739786431795,0.0,-0.37504974370291966,0.0025866179186530003,0.13063713908289468
