target_id,prot_ps,prot_acf,prot_cs,e_prot_ps,E_prot_ps,e_prot_acf,E_prot_acf,e_prot_cs,E_prot_cs,sph_ps,sph_acf,sph_cs,h_ps,fa_prob_ps,hacf,gacf,hcs
9570164,72.74035413467531,14.017173642292619,33.56394042252915,14.83575084111714,24.885134637995236,-1.0,-1.0,2.641073723422964,2.641073723422964,912.3064801349674,907.6755156098998,939.6658917256821,0.1809986228598054,0.0,-0.12885623789695028,0.003365171098379416,0.46942776686395776
