target_id,prot_ps,prot_acf,prot_cs,e_prot_ps,E_prot_ps,e_prot_acf,E_prot_acf,e_prot_cs,E_prot_cs,sph_ps,sph_acf,sph_cs,h_ps,fa_prob_ps,hacf,gacf,hcs
9590105,15.54242087896577,13.608820748515427,61.45996827472932,0.8954933214878071,1.0108058883081021,-1.0,-1.0,5.326505201194496,5.326505201194496,9289.911135149874,9257.954373201837,10767.595620608965,0.08933194705556351,0.0,0.0991133219286898,0.28337851590587976,2.2539371118472187
