target_id,prot_ps,prot_acf,prot_cs,e_prot_ps,E_prot_ps,e_prot_acf,E_prot_acf,e_prot_cs,E_prot_cs,sph_ps,sph_acf,sph_cs,h_ps,fa_prob_ps,hacf,gacf,hcs
9574280,27.05528110493396,13.506653655786067,27.134022690445985,7.190156762052052,15.175535680810281,-1.0,-1.0,0.5000403912055016,0.5000403912055016,519.5591677338554,513.7522890955994,519.9759780495856,0.0253660326866079,0.0,-0.10220499914134185,0.0003636141234350798,0.9193745178994231
