target_id,prot_ps,prot_acf,prot_cs,e_prot_ps,E_prot_ps,e_prot_acf,E_prot_acf,e_prot_cs,E_prot_cs,sph_ps,sph_acf,sph_cs,h_ps,fa_prob_ps,hacf,gacf,hcs
9533088,46.18235426157156,1.0012334426864982,93.42672720392233,7.086090744915403,10.233747019025337,-1.0,-1.0,8.94603303742069,8.94603303742069,1310.5825226226518,978.3302238615762,1356.1257981543456,0.06160833537749001,1.9209992534933712e-245,0.6677729473975885,0.01951097465578544,0.28836856573528324
