target_id,prot_ps,prot_acf,prot_cs,e_prot_ps,E_prot_ps,e_prot_acf,E_prot_acf,e_prot_cs,E_prot_cs,sph_ps,sph_acf,sph_cs,h_ps,fa_prob_ps,hacf,gacf,hcs
9519469,61.994922583807416,60.25903812702745,61.33548645816744,8.302698975609033,11.381815079566778,-1.0,-1.0,6.577122308938715,6.577122308938715,1197.8933048248866,1199.047790591762,1200.9346067046033,0.07996560773932353,0.0,0.28376444251018246,0.3614718766042996,0.9799080591512183
