target_id,prot_ps,prot_acf,prot_cs,e_prot_ps,E_prot_ps,e_prot_acf,E_prot_acf,e_prot_cs,E_prot_cs,sph_ps,sph_acf,sph_cs,h_ps,fa_prob_ps,hacf,gacf,hcs
9596261,11.503828094481545,11.504162189085037,11.529296875098385,0.8950155562809474,1.0591236157344852,-1.0,-1.0,0.4915385381081515,0.4915385381081515,2768.3760822319723,2768.4620758197084,2767.436760920646,0.05928577878770172,0.0,0.483012078343648,0.8183878983623817,0.9990850854586093
