target_id,prot_ps,prot_acf,prot_cs,e_prot_ps,E_prot_ps,e_prot_acf,E_prot_acf,e_prot_cs,E_prot_cs,sph_ps,sph_acf,sph_cs,h_ps,fa_prob_ps,hacf,gacf,hcs
9527121,73.04944507763169,9.317759424448013,73.29705466527321,2.8296900378743146,3.0669534548196395,-1.0,-1.0,3.7371163912850762,3.7371163912850762,527.0768729333992,502.4397713760487,527.2407043226917,0.07843176061554044,0.0,0.2675932866152162,0.19685566166695026,0.8338320926698406
