target_id,prot_ps,prot_acf,prot_cs,e_prot_ps,E_prot_ps,e_prot_acf,E_prot_acf,e_prot_cs,E_prot_cs,sph_ps,sph_acf,sph_cs,h_ps,fa_prob_ps,hacf,gacf,hcs
9511303,37.46119407217734,16.919091794639826,22.894355737350548,15.013474151643784,72.71595576109821,-1.0,-1.0,2.2483952140378363,2.2483952140378363,562.0592449721387,557.5783260205694,557.9539970041906,0.031136921466541057,0.0,-0.20586086172921167,0.0007262498445049365,0.32311231845503774
