target_id,prot_ps,prot_acf,prot_cs,e_prot_ps,E_prot_ps,e_prot_acf,E_prot_acf,e_prot_cs,E_prot_cs,sph_ps,sph_acf,sph_cs,h_ps,fa_prob_ps,hacf,gacf,hcs
9520102,59.97675083659785,39.64011722244322,76.24033047685742,18.200741883378427,45.59958670432095,-1.0,-1.0,11.567032522861293,11.567032522861293,2526.741096581504,2526.741096581504,2526.741096581504,0.22947045359369242,0.0,-0.12655604252476824,0.026043077171353374,1.0665724193088064
