target_id,prot_ps,prot_acf,prot_cs,e_prot_ps,E_prot_ps,e_prot_acf,E_prot_acf,e_prot_cs,E_prot_cs,sph_ps,sph_acf,sph_cs,h_ps,fa_prob_ps,hacf,gacf,hcs
9593432,1.2085878859265735,1.2055906732566655,1.2066680511065808,0.013474368589086128,0.013781385880272001,-1.0,-1.0,0.0385228812404917,0.0385228812404917,1320.3664041839104,1320.3664041839104,1320.3664041839104,0.08841351908414675,0.0,0.6545771796562095,0.6658622452302494,0.5704533117831396
