target_id,prot_ps,prot_acf,prot_cs,e_prot_ps,E_prot_ps,e_prot_acf,E_prot_acf,e_prot_cs,E_prot_cs,sph_ps,sph_acf,sph_cs,h_ps,fa_prob_ps,hacf,gacf,hcs
9595956,10.376882295511706,10.400793210137635,10.387178313613445,0.45667068668408284,0.5002618896738831,-1.0,-1.0,0.11735956806161536,0.11735956806161536,5537.540007322846,5544.937454380964,5537.409561472822,0.3026847739223463,0.0,0.578392331049436,0.9507398529874292,0.8690939516287949
