target_id,prot_ps,prot_acf,prot_cs,e_prot_ps,E_prot_ps,e_prot_acf,E_prot_acf,e_prot_cs,E_prot_cs,sph_ps,sph_acf,sph_cs,h_ps,fa_prob_ps,hacf,gacf,hcs
9532280,75.18669681460268,37.74089629529044,45.29336661456619,12.724781719392993,19.137890165025524,-1.0,-1.0,7.198693598041793,7.198693598041793,978.8980305908239,940.4222116012444,959.69390122029,0.2083537375641963,0.0,-0.6147562768623336,0.0027660677215035623,0.03726289810404267
