target_id,prot_ps,prot_acf,prot_cs,e_prot_ps,E_prot_ps,e_prot_acf,E_prot_acf,e_prot_cs,E_prot_cs,sph_ps,sph_acf,sph_cs,h_ps,fa_prob_ps,hacf,gacf,hcs
9595770,9.186153771226033,9.11347057018429,9.167291896615353,0.24782772978885426,0.2621118749173803,-1.0,-1.0,0.12379775692278511,0.12379775692278511,2451.514696706037,2462.260103248058,2448.348767573073,0.14493856685157103,0.0,0.6076147682903366,0.9336681452303734,0.8329725937586459
