target_id,prot_ps,prot_acf,prot_cs,e_prot_ps,E_prot_ps,e_prot_acf,E_prot_acf,e_prot_cs,E_prot_cs,sph_ps,sph_acf,sph_cs,h_ps,fa_prob_ps,hacf,gacf,hcs
9521588,73.0492609573169,0.6947446819394827,73.80150154240428,2.2894515531388464,2.4409245347983983,-1.0,-1.0,4.323789700864855,4.323789700864855,709.7413898594837,483.74714813938095,709.5945140148569,0.09161076427097843,0.0,0.8414788501144739,0.01214011162062728,0.12490084618658623
