target_id,prot_ps,prot_acf,prot_cs,e_prot_ps,E_prot_ps,e_prot_acf,E_prot_acf,e_prot_cs,E_prot_cs,sph_ps,sph_acf,sph_cs,h_ps,fa_prob_ps,hacf,gacf,hcs
9533866,8.301068834387978,8.398254026658833,8.264483830648887,1.7306887705978644,2.9474081768437905,-1.0,-1.0,0.36653020612068077,0.36653020612068077,1883.811634316103,1895.4805927851762,1891.7189815278382,0.06325821010283615,0.0,0.3843809848208809,0.6953806273483063,0.7072664296827864
