target_id,prot_ps,prot_acf,prot_cs,e_prot_ps,E_prot_ps,e_prot_acf,E_prot_acf,e_prot_cs,E_prot_cs,sph_ps,sph_acf,sph_cs,h_ps,fa_prob_ps,hacf,gacf,hcs
9540132,121.74850589368963,0.899091986939311,91.93875602353017,6.2993453656401925,7.01835055747928,-1.0,-1.0,4.120888623144579,4.120888623144579,805.2613811650621,622.942238715221,781.3758225609622,0.01898925343758906,8.118056134793533e-293,0.5565043295589079,0.19517418588982183,0.08511825212669574
