target_id,prot_ps,prot_acf,prot_cs,e_prot_ps,E_prot_ps,e_prot_acf,E_prot_acf,e_prot_cs,E_prot_cs,sph_ps,sph_acf,sph_cs,h_ps,fa_prob_ps,hacf,gacf,hcs
9597468,91.31166631109562,46.95661304611713,41.02140995735536,41.429825601885625,407.6268424802682,-1.0,-1.0,1.754098309068202,1.754098309068202,403.44532121064736,395.21377126983833,471.4006097485587,0.0629953367169236,0.0,-0.007423068020990275,0.000929907427918921,0.6329941076493464
