target_id,prot_ps,prot_acf,prot_cs,e_prot_ps,E_prot_ps,e_prot_acf,E_prot_acf,e_prot_cs,E_prot_cs,sph_ps,sph_acf,sph_cs,h_ps,fa_prob_ps,hacf,gacf,hcs
9521208,4.939449370946951,4.904095754027367,4.921138616749863,0.07157253279227582,0.07370198421264096,-1.0,-1.0,0.06325789896465077,0.06325789896465077,232.75425252143376,231.53466196348097,231.53262101978595,0.04603078225566139,0.0,0.4108137679659116,0.29390038464559676,0.2771969164416721
