target_id,prot_ps,prot_acf,prot_cs,e_prot_ps,E_prot_ps,e_prot_acf,E_prot_acf,e_prot_cs,E_prot_cs,sph_ps,sph_acf,sph_cs,h_ps,fa_prob_ps,hacf,gacf,hcs
9527952,60.87438097086294,61.464467883110046,60.65128477253218,8.443644367314782,11.640593123938295,-1.0,-1.0,2.472850958016077,2.472850958016077,2131.48837339949,2132.97136435091,2129.642590429411,0.2598139060561835,0.0,0.4122035014309839,0.8791233921444136,0.9905998695822318
