target_id,prot_ps,prot_acf,prot_cs,e_prot_ps,E_prot_ps,e_prot_acf,E_prot_acf,e_prot_cs,E_prot_cs,sph_ps,sph_acf,sph_cs,h_ps,fa_prob_ps,hacf,gacf,hcs
9531242,51.66304752587324,14.610121930018067,33.48986085257991,4.139515015006907,4.938889144839287,-1.0,-1.0,2.743184818824791,2.743184818824791,1253.9721869030998,844.9800449789012,1044.7048996596798,0.05394041948237673,1.202918092568938e-269,-0.05507157867090835,0.004632413275888956,1.6399634172668442
