target_id,prot_ps,prot_acf,prot_cs,e_prot_ps,E_prot_ps,e_prot_acf,E_prot_acf,e_prot_cs,E_prot_cs,sph_ps,sph_acf,sph_cs,h_ps,fa_prob_ps,hacf,gacf,hcs
9642474,56.61429477968361,24.03003305196762,91.8390449856734,1.4363311875608744,1.5139169268864237,-1.0,-1.0,3.8282282017186233,3.8282282017186233,272.8149743416263,271.8431577600725,276.6726245629855,0.1014553800032128,0.0,-0.29437523812339406,0.0006255355550926767,0.1716863591282641
