target_id,prot_ps,prot_acf,prot_cs,e_prot_ps,E_prot_ps,e_prot_acf,E_prot_acf,e_prot_cs,E_prot_cs,sph_ps,sph_acf,sph_cs,h_ps,fa_prob_ps,hacf,gacf,hcs
9603144,73.04910223049164,13.6089829467237,73.8023727442324,6.817039315576267,8.388831736458513,-1.0,-1.0,11.37917893878892,11.37917893878892,275.58307747259164,254.78580103187707,274.78441061397484,0.0613384795623844,0.0,0.10565446573775067,0.16126898567750292,0.5424091809409424
