target_id,prot_ps,prot_acf,prot_cs,e_prot_ps,E_prot_ps,e_prot_acf,E_prot_acf,e_prot_cs,E_prot_cs,sph_ps,sph_acf,sph_cs,h_ps,fa_prob_ps,hacf,gacf,hcs
9674763,73.0494279830282,7.601341489702463,7.677354904599487,2.0726851637815003,2.196059795906521,-1.0,-1.0,0.24259771460621668,0.24259771460621668,1878.52563747612,1698.5793305459713,1692.0219977220327,0.10157906618415233,0.0,0.4854164082684658,0.517763039463902,0.2882411258269102
