target_id,prot_ps,prot_acf,prot_cs,e_prot_ps,E_prot_ps,e_prot_acf,E_prot_acf,e_prot_cs,E_prot_cs,sph_ps,sph_acf,sph_cs,h_ps,fa_prob_ps,hacf,gacf,hcs
9652354,24.95958092226827,26.52287755254656,27.65347140076105,4.485571929200436,6.96336369405115,-1.0,-1.0,2.256901731808345,2.256901731808345,1492.5951630325676,1477.595106059839,1498.2107566165896,0.045636733916416455,0.0,0.14716952900857508,0.44159160749641174,0.839566943577001
