target_id,prot_ps,prot_acf,prot_cs,e_prot_ps,E_prot_ps,e_prot_acf,E_prot_acf,e_prot_cs,E_prot_cs,sph_ps,sph_acf,sph_cs,h_ps,fa_prob_ps,hacf,gacf,hcs
9655067,12.810905230923465,12.607514860574156,12.809719441915247,0.574138576751114,0.6304391287788231,-1.0,-1.0,0.12470603372318197,0.12470603372318197,2663.697924414081,2695.0215013870206,2663.697924414081,0.17194534813393136,0.0,0.438758019609426,0.28791057341048254,0.9926466806662776
