target_id,prot_ps,prot_acf,prot_cs,e_prot_ps,E_prot_ps,e_prot_acf,E_prot_acf,e_prot_cs,E_prot_cs,sph_ps,sph_acf,sph_cs,h_ps,fa_prob_ps,hacf,gacf,hcs
9664247,47.12848754644245,31.22303469479084,28.58952214818166,0.6253250035408655,0.6421965722578236,-1.0,-1.0,0.49391440923237706,0.49391440923237706,422.09826252663765,421.0067502588088,421.851254280964,0.06600978555584067,0.0,-0.18773911312436636,0.00022760435158310222,0.6055809027444662
