target_id,prot_ps,prot_acf,prot_cs,e_prot_ps,E_prot_ps,e_prot_acf,E_prot_acf,e_prot_cs,E_prot_cs,sph_ps,sph_acf,sph_cs,h_ps,fa_prob_ps,hacf,gacf,hcs
9637002,39.99676891716824,40.05013449117541,39.79548917841941,0.856174375938302,0.8948418917704686,-1.0,-1.0,1.2926076775541602,1.2926076775541602,1477.115654918989,1476.6005836832876,1480.62981024271,0.12946831048579557,0.0,0.2193552101121776,0.4560175137991445,0.9787140149811726
