target_id,prot_ps,prot_acf,prot_cs,e_prot_ps,E_prot_ps,e_prot_acf,E_prot_acf,e_prot_cs,E_prot_cs,sph_ps,sph_acf,sph_cs,h_ps,fa_prob_ps,hacf,gacf,hcs
9642710,54.11058286423004,27.932833132334054,28.913853848269206,10.569316917558346,17.23491302343873,-1.0,-1.0,3.6031960416907354,3.6031960416907354,1076.4976366037545,1046.794836869043,1052.141234766446,0.0578893982784901,0.0,-0.42094074444599766,0.0006926170406482413,0.21221055925351398
