target_id,prot_ps,prot_acf,prot_cs,e_prot_ps,E_prot_ps,e_prot_acf,E_prot_acf,e_prot_cs,E_prot_cs,sph_ps,sph_acf,sph_cs,h_ps,fa_prob_ps,hacf,gacf,hcs
9640570,50.37879034389733,0.2043366339057684,30.7299820364546,1.1275754038519565,1.1802636107275717,-1.0,-1.0,2.3393306586239233,2.3393306586239233,601.3438218820323,275.9703423605212,605.9390194928271,0.049932383075743825,0.0,1.0007211584360929,0.03578095488924765,0.1152334829141329
