target_id,prot_ps,prot_acf,prot_cs,e_prot_ps,E_prot_ps,e_prot_acf,E_prot_acf,e_prot_cs,E_prot_cs,sph_ps,sph_acf,sph_cs,h_ps,fa_prob_ps,hacf,gacf,hcs
9697140,122.6641841567331,16.612583479844034,7.424169687246905,4.406993314189634,4.751850050700014,-1.0,-1.0,1.457981264369247,1.457981264369247,184.06630172527534,190.2028346605529,183.32728458272794,0.04047601431012209,0.0,0.004831504959520488,0.0034232840657063813,0.7767871532871367
