target_id,prot_ps,prot_acf,prot_cs,e_prot_ps,E_prot_ps,e_prot_acf,E_prot_acf,e_prot_cs,E_prot_cs,sph_ps,sph_acf,sph_cs,h_ps,fa_prob_ps,hacf,gacf,hcs
9630806,52.17806520421675,23.723497793544084,34.27973913301239,15.659969667997053,38.59498204940085,-1.0,-1.0,7.885918390953742,7.885918390953742,666.1835356495071,662.2689875934841,659.6273693872995,0.06154032120245773,0.0,-0.3761474409972856,0.000677155238698296,0.17808123102596088
