target_id,prot_ps,prot_acf,prot_cs,e_prot_ps,E_prot_ps,e_prot_acf,E_prot_acf,e_prot_cs,E_prot_cs,sph_ps,sph_acf,sph_cs,h_ps,fa_prob_ps,hacf,gacf,hcs
9664547,94.8459134337143,18.227014245465398,43.999235901399665,4.141564084082248,4.5422136634383605,-1.0,-1.0,8.628439868224618,8.628439868224618,927.1790272043958,860.7644244372939,923.9638243916846,0.042657965047807216,0.0,-0.07989165225775959,0.005472920041350034,1.237698484378007
