target_id,prot_ps,prot_acf,prot_cs,e_prot_ps,E_prot_ps,e_prot_acf,E_prot_acf,e_prot_cs,E_prot_cs,sph_ps,sph_acf,sph_cs,h_ps,fa_prob_ps,hacf,gacf,hcs
9653422,24.762472104831755,24.72474847920239,25.00103801626788,1.6404463543171879,1.888108854309845,-1.0,-1.0,0.5778343839000779,0.5778343839000779,2020.9197495492883,2020.4354479553942,2019.2544850428992,0.20135534017230558,0.0,0.47667829136077855,0.9050696752883233,0.9450838517953664
