target_id,prot_ps,prot_acf,prot_cs,e_prot_ps,E_prot_ps,e_prot_acf,E_prot_acf,e_prot_cs,E_prot_cs,sph_ps,sph_acf,sph_cs,h_ps,fa_prob_ps,hacf,gacf,hcs
9603111,31.999331825077675,18.61533078784123,46.08240065461654,6.4533159671280025,10.743123017228527,-1.0,-1.0,0.9041816364015208,0.9041816364015208,173.77722918203426,171.08031268966613,172.39346743668966,0.08284169202913463,0.0,-0.3875390534801602,0.0005707199963691512,0.2626487128277662
