target_id,prot_ps,prot_acf,prot_cs,e_prot_ps,E_prot_ps,e_prot_acf,E_prot_acf,e_prot_cs,E_prot_cs,sph_ps,sph_acf,sph_cs,h_ps,fa_prob_ps,hacf,gacf,hcs
9658433,11.50382929800392,11.504163237754256,11.619204870131796,1.0410950259936218,1.2683747675704815,-1.0,-1.0,0.3925117409164679,0.3925117409164679,2155.061428923536,2154.861974820636,2169.1873624917316,0.08551562682680817,0.0,0.5194532292033638,0.8635481856093221,0.9989457160034838
