target_id,prot_ps,prot_acf,prot_cs,e_prot_ps,E_prot_ps,e_prot_acf,E_prot_acf,e_prot_cs,E_prot_cs,sph_ps,sph_acf,sph_cs,h_ps,fa_prob_ps,hacf,gacf,hcs
9775956,61.33223269786554,1.307758629322052,61.16234488614672,15.822357039233552,32.343073962802066,-1.0,-1.0,1.8066381772319378,1.8066381772319378,198.16386879013535,160.9978387890561,198.20235082890693,0.0556557477051658,0.0,0.6847846014286448,0.033844243348362946,0.19498010366264953
