target_id,prot_ps,prot_acf,prot_cs,e_prot_ps,E_prot_ps,e_prot_acf,E_prot_acf,e_prot_cs,E_prot_cs,sph_ps,sph_acf,sph_cs,h_ps,fa_prob_ps,hacf,gacf,hcs
9771526,32.466318618847566,32.42820975976065,32.103927662163045,5.669300762558098,8.665337386618589,-1.0,-1.0,2.125024489759861,2.125024489759861,1303.4229568804953,1302.4711325034257,1302.3090036273422,0.046603717163976474,0.0,0.1403380502301893,0.3985748643017544,0.9661147480454451
