target_id,prot_ps,prot_acf,prot_cs,e_prot_ps,E_prot_ps,e_prot_acf,E_prot_acf,e_prot_cs,E_prot_cs,sph_ps,sph_acf,sph_cs,h_ps,fa_prob_ps,hacf,gacf,hcs
9700635,74.87857215864905,22.824373919516802,30.627163019701843,4.875858697033891,5.614348089773202,-1.0,-1.0,3.9705810854306214,3.9705810854306214,914.6310713548555,896.5893580991217,915.6326357415643,0.046573554011117735,0.0,-0.2425730280930977,0.003996482093089587,0.5289420188621013
