target_id,prot_ps,prot_acf,prot_cs,e_prot_ps,E_prot_ps,e_prot_acf,E_prot_acf,e_prot_cs,E_prot_cs,sph_ps,sph_acf,sph_cs,h_ps,fa_prob_ps,hacf,gacf,hcs
9766616,20.291552339075448,20.229386687278748,20.432149395331475,0.9938068373038291,1.1021311854653923,-1.0,-1.0,0.5611863492847647,0.5611863492847647,2588.4406037523127,2565.7589351165293,2593.906918498657,0.1357382524210601,0.0,0.4816828720650621,0.7624147759362572,0.9543601898377787
