target_id,prot_ps,prot_acf,prot_cs,e_prot_ps,E_prot_ps,e_prot_acf,E_prot_acf,e_prot_cs,E_prot_cs,sph_ps,sph_acf,sph_cs,h_ps,fa_prob_ps,hacf,gacf,hcs
9715765,79.30038937597287,15.917692102957517,28.543343930295674,11.536814084916912,16.204647563225947,-1.0,-1.0,3.1101293845755613,3.1101293845755613,1003.8965834450235,957.6555542275962,982.6162280574215,0.10617339653053062,0.0,-0.03379188470837381,0.0007185405052502376,2.5290502697929425
