target_id,prot_ps,prot_acf,prot_cs,e_prot_ps,E_prot_ps,e_prot_acf,E_prot_acf,e_prot_cs,E_prot_cs,sph_ps,sph_acf,sph_cs,h_ps,fa_prob_ps,hacf,gacf,hcs
9752723,29.81604418793675,24.23434521537274,29.633303264416174,1.7494387980737756,1.9793957564204767,-1.0,-1.0,1.0067350325417992,1.0067350325417992,1041.5914077914997,1044.931083230019,1042.3769227880425,0.060119450161862174,0.0,-0.12900270203866102,0.06115814997493031,0.7036670046144524
