target_id,prot_ps,prot_acf,prot_cs,e_prot_ps,E_prot_ps,e_prot_acf,E_prot_acf,e_prot_cs,E_prot_cs,sph_ps,sph_acf,sph_cs,h_ps,fa_prob_ps,hacf,gacf,hcs
9723890,63.520992701367966,3.494200235232711,46.5455518157087,1.1352988953282264,1.1778218988986922,-1.0,-1.0,1.1719784967020286,1.1719784967020286,389.0874864415646,325.79954780860794,394.8105476831841,0.0335709397322213,0.0,0.3821556569878028,0.07544128345462,0.11082472462378483
