target_id,prot_ps,prot_acf,prot_cs,e_prot_ps,E_prot_ps,e_prot_acf,E_prot_acf,e_prot_cs,E_prot_cs,sph_ps,sph_acf,sph_cs,h_ps,fa_prob_ps,hacf,gacf,hcs
9706810,70.09305254066082,2.2068441957235336,2.2289126376807684,2.3171646414997724,2.47945924666476,-1.0,-1.0,0.13373286779752502,0.13373286779752502,469.749059992243,417.4823946195257,420.118761221859,0.02169241421192075,0.0,0.6647632454604478,0.5691461476102924,0.1534159687815846
