target_id,prot_ps,prot_acf,prot_cs,e_prot_ps,E_prot_ps,e_prot_acf,E_prot_acf,e_prot_cs,E_prot_cs,sph_ps,sph_acf,sph_cs,h_ps,fa_prob_ps,hacf,gacf,hcs
9766728,93.53663561798467,3.698491472285241,69.36428804825525,8.663344927973796,10.60949159804467,-1.0,-1.0,14.356220570991265,14.356220570991265,315.127459135202,284.2390286879765,315.127459135202,0.19510279960114374,4.7314435150600396e-212,0.5926287967965606,0.23691534146329382,0.21725032126611904
