target_id,prot_ps,prot_acf,prot_cs,e_prot_ps,E_prot_ps,e_prot_acf,E_prot_acf,e_prot_cs,E_prot_cs,sph_ps,sph_acf,sph_cs,h_ps,fa_prob_ps,hacf,gacf,hcs
9716123,182.18023481658963,2.411101397126913,70.76562167504801,16.87622578814225,20.667644543695786,-1.0,-1.0,7.140583856909849,7.140583856909849,1882.9234334488378,1586.800461810313,1882.9234334488378,0.10791178162296103,3.657748559302253e-217,0.7162235192145646,0.3827524302524875,0.034539022784432424
