target_id,prot_ps,prot_acf,prot_cs,e_prot_ps,E_prot_ps,e_prot_acf,E_prot_acf,e_prot_cs,E_prot_cs,sph_ps,sph_acf,sph_cs,h_ps,fa_prob_ps,hacf,gacf,hcs
9760327,21.485130891909783,22.231847047805786,21.731834826059636,2.91259473705248,3.981213229558165,-1.0,-1.0,2.116120454125987,2.116120454125987,931.0221825905511,947.145215072203,935.6277437633986,0.0565076576891778,0.0,0.3243960100695503,0.6224439213360238,0.8869820028256373
