target_id,prot_ps,prot_acf,prot_cs,e_prot_ps,E_prot_ps,e_prot_acf,E_prot_acf,e_prot_cs,E_prot_cs,sph_ps,sph_acf,sph_cs,h_ps,fa_prob_ps,hacf,gacf,hcs
9726104,97.39875685639707,18.02269975282252,45.76799332229444,3.464837525641002,3.7330936959970984,-1.0,-1.0,1.2462669866401357,1.2462669866401357,543.116133739786,527.6972595614035,535.9960527462787,0.03249857509636399,0.0,-0.0758420347492733,0.006943242792772961,1.1180224558750447
