target_id,prot_ps,prot_acf,prot_cs,e_prot_ps,E_prot_ps,e_prot_acf,E_prot_acf,e_prot_cs,E_prot_cs,sph_ps,sph_acf,sph_cs,h_ps,fa_prob_ps,hacf,gacf,hcs
9762947,54.11053909217728,22.722227476537228,32.75249708211308,1.658998329276585,1.7681427439917101,-1.0,-1.0,9.53611553371977,9.53611553371977,302.8078630326376,302.83894127931285,304.0572460967554,0.050063046885523196,0.0,-0.27824356341657486,0.0005318595007636762,0.18739884508204052
