target_id,prot_ps,prot_acf,prot_cs,e_prot_ps,E_prot_ps,e_prot_acf,E_prot_acf,e_prot_cs,E_prot_cs,sph_ps,sph_acf,sph_cs,h_ps,fa_prob_ps,hacf,gacf,hcs
9786453,67.74416890291019,30.13996670488268,36.79793643468059,21.05442848570292,54.739516282113044,-1.0,-1.0,8.276345073976323,8.276345073976323,1170.4614914323342,1039.5206944649017,1068.9189499850722,0.04184083781902778,0.0,-0.345363111437419,0.00032070339531065084,0.2286527557507927
