target_id,prot_ps,prot_acf,prot_cs,e_prot_ps,E_prot_ps,e_prot_acf,E_prot_acf,e_prot_cs,E_prot_cs,sph_ps,sph_acf,sph_cs,h_ps,fa_prob_ps,hacf,gacf,hcs
9760947,14.047937524742826,14.017498197034001,14.053516866357272,0.541859952811798,0.5873022958016971,-1.0,-1.0,0.08844437410371254,0.08844437410371254,5243.611358816791,5246.373900775726,5243.340891531336,0.2850963525178575,0.0,0.5766345065760007,1.0437781651690239,0.7814690104599774
