target_id,prot_ps,prot_acf,prot_cs,e_prot_ps,E_prot_ps,e_prot_acf,E_prot_acf,e_prot_cs,E_prot_cs,sph_ps,sph_acf,sph_cs,h_ps,fa_prob_ps,hacf,gacf,hcs
9704713,5.864431668249067,5.4966684794053435,5.876654337118777,0.7098867481342408,0.9396500399472982,-1.0,-1.0,0.06641393440228065,0.06641393440228065,1643.816152482546,1650.8558505446863,1645.739769727086,0.08030029844839726,0.0,0.639816490336972,1.0249186764385443,0.5695177546078454
