target_id,prot_ps,prot_acf,prot_cs,e_prot_ps,E_prot_ps,e_prot_acf,E_prot_acf,e_prot_cs,E_prot_cs,sph_ps,sph_acf,sph_cs,h_ps,fa_prob_ps,hacf,gacf,hcs
9785350,76.89377302563857,2.901614321395755,76.64579995902842,9.451558265525847,12.505136323563704,-1.0,-1.0,4.6462553295741404,4.6462553295741404,533.5792542463088,439.11548503527996,533.7014860954522,0.02178752595673561,0.0,0.2865675914573433,0.0009814630117171708,0.2279454928400241
