target_id,prot_ps,prot_acf,prot_cs,e_prot_ps,E_prot_ps,e_prot_acf,E_prot_acf,e_prot_cs,E_prot_cs,sph_ps,sph_acf,sph_cs,h_ps,fa_prob_ps,hacf,gacf,hcs
9777281,11.385853376423027,11.218071742448956,11.287954812319951,0.5653238548608233,0.6283028554607935,-1.0,-1.0,0.3615653916622207,0.3615653916622207,6539.566479531152,6429.621559872238,6397.2540296747175,0.11787466749810882,0.0,0.6634155661643601,1.1186474490619502,0.8650331491116358
