target_id,prot_ps,prot_acf,prot_cs,e_prot_ps,E_prot_ps,e_prot_acf,E_prot_acf,e_prot_cs,E_prot_cs,sph_ps,sph_acf,sph_cs,h_ps,fa_prob_ps,hacf,gacf,hcs
9785537,91.31155402769656,20.617853910662234,46.10593507708981,2.658985196235193,2.825167898896069,-1.0,-1.0,2.7288916368982123,2.7288916368982123,452.58498764037586,433.20706899248916,449.47583263487667,0.056451341704501515,0.0,-0.12168050850578677,0.0008714487325971881,0.47299326319680113
