target_id,prot_ps,prot_acf,prot_cs,e_prot_ps,E_prot_ps,e_prot_acf,E_prot_acf,e_prot_cs,E_prot_cs,sph_ps,sph_acf,sph_cs,h_ps,fa_prob_ps,hacf,gacf,hcs
9714312,60.874478962838715,2.4111764561384916,73.80161590866743,12.151054178917285,20.091843603017068,-1.0,-1.0,4.143585336196616,4.143585336196616,317.8273060407074,250.88847848987206,318.04494971641714,0.06744939765935913,0.0,0.6593888597594343,0.07365088463343389,0.1776427130325914
