target_id,prot_ps,prot_acf,prot_cs,e_prot_ps,E_prot_ps,e_prot_acf,E_prot_acf,e_prot_cs,E_prot_cs,sph_ps,sph_acf,sph_cs,h_ps,fa_prob_ps,hacf,gacf,hcs
9712943,19.223529199627844,16.919111458584666,17.191492806100282,4.868037640269675,9.96591429557176,-1.0,-1.0,1.3253162454581866,1.3253162454581866,1024.9010600121862,1028.7612588998425,1022.2360583737672,0.04238716633964748,0.0,0.275399170558624,0.4388964281219403,0.6104968312951395
