target_id,prot_ps,prot_acf,prot_cs,e_prot_ps,E_prot_ps,e_prot_acf,E_prot_acf,e_prot_cs,E_prot_cs,sph_ps,sph_acf,sph_cs,h_ps,fa_prob_ps,hacf,gacf,hcs
9826375,33.53436552469323,31.42696570046246,32.30622599571013,3.0486125474243515,3.726086375917589,-1.0,-1.0,3.9638737375966646,3.9638737375966646,3785.5240369540875,3785.5240369540875,3785.5240369540875,0.5379805017321511,0.0,0.4485584176189085,0.7524168811314205,0.8878423596819056
