target_id,prot_ps,prot_acf,prot_cs,e_prot_ps,E_prot_ps,e_prot_acf,E_prot_acf,e_prot_cs,E_prot_cs,sph_ps,sph_acf,sph_cs,h_ps,fa_prob_ps,hacf,gacf,hcs
9873068,54.11056501841936,25.623819147236645,46.86103462412195,8.904352142089984,13.207790989058658,-1.0,-1.0,1.3298934292836424,1.3298934292836424,886.0968559106066,884.4837342400543,886.8036359169937,0.04640841129117799,0.0,-0.2790173133159535,0.011575096588992001,0.08257998353016732
