target_id,prot_ps,prot_acf,prot_cs,e_prot_ps,E_prot_ps,e_prot_acf,E_prot_acf,e_prot_cs,E_prot_cs,sph_ps,sph_acf,sph_cs,h_ps,fa_prob_ps,hacf,gacf,hcs
9898009,74.8776324510378,1.4099236414767802,76.17797459817902,5.186885423439264,6.030760141564258,-1.0,-1.0,5.70257004604795,5.70257004604795,345.71910333559083,282.98191138033417,345.50996024457015,0.03544904550506214,0.0,0.7193738999683288,0.20078344656653307,0.047517544519459845
