target_id,prot_ps,prot_acf,prot_cs,e_prot_ps,E_prot_ps,e_prot_acf,E_prot_acf,e_prot_cs,E_prot_cs,sph_ps,sph_acf,sph_cs,h_ps,fa_prob_ps,hacf,gacf,hcs
9880027,5.352567567747105,5.1084335427731276,5.023112193698337,0.6146708901088704,0.8003214782765502,-1.0,-1.0,0.3122095753778766,0.3122095753778766,1266.3760314873928,1258.1986155771165,1259.614093532836,0.04057829020567446,0.0,0.6476959485579913,0.8573212363190235,0.4399874478979526
