target_id,prot_ps,prot_acf,prot_cs,e_prot_ps,E_prot_ps,e_prot_acf,E_prot_acf,e_prot_cs,E_prot_cs,sph_ps,sph_acf,sph_cs,h_ps,fa_prob_ps,hacf,gacf,hcs
9815249,18.730629874224057,18.819424997549504,18.689573969325046,2.1683967727584417,2.813248093456746,-1.0,-1.0,0.68531219768354,0.68531219768354,4354.226101189136,4369.523872222415,4349.36879597634,0.08103082287712339,0.0,0.3978370110104206,0.7080478810770192,0.9791645180588139
