target_id,prot_ps,prot_acf,prot_cs,e_prot_ps,E_prot_ps,e_prot_acf,E_prot_acf,e_prot_cs,E_prot_cs,sph_ps,sph_acf,sph_cs,h_ps,fa_prob_ps,hacf,gacf,hcs
9837538,32.433566704160576,3.1059302128851414,30.829626763109122,8.764230003415797,19.297941044329058,-1.0,-1.0,6.230897213576251,6.230897213576251,2813.894215309614,2506.7695124015704,2813.894215309614,0.0949476098338428,1.2266050982595122e-99,0.4913691102336189,0.08291728114737132,0.3443723726395202
