target_id,prot_ps,prot_acf,prot_cs,e_prot_ps,E_prot_ps,e_prot_acf,E_prot_acf,e_prot_cs,E_prot_cs,sph_ps,sph_acf,sph_cs,h_ps,fa_prob_ps,hacf,gacf,hcs
9822061,28.64685354880721,35.73852857993916,28.51437945193681,8.741809033238209,22.789972975303712,-1.0,-1.0,0.6662281015999025,0.6662281015999025,530.5764464989426,540.9584021670331,532.4393607870586,0.06201980293528451,0.0,-0.20792330425398992,0.00038526211185858916,0.6205589219169059
