target_id,prot_ps,prot_acf,prot_cs,e_prot_ps,E_prot_ps,e_prot_acf,E_prot_acf,e_prot_cs,E_prot_cs,sph_ps,sph_acf,sph_cs,h_ps,fa_prob_ps,hacf,gacf,hcs
9895255,72.93537277603548,34.94167985860258,72.66078541329266,0.7236786419892667,0.7383409265443248,-1.0,-1.0,2.744600703366919,2.744600703366919,861.5635166625249,840.3616544440309,812.7167100056649,0.0861542958854393,0.0,-0.30899202608372317,0.0009471131709036795,0.3702049588714144
