target_id,prot_ps,prot_acf,prot_cs,e_prot_ps,E_prot_ps,e_prot_acf,E_prot_acf,e_prot_cs,E_prot_cs,sph_ps,sph_acf,sph_cs,h_ps,fa_prob_ps,hacf,gacf,hcs
9834249,33.53409390651705,32.14203531574458,33.866834553508085,3.048592927691306,3.726063118675839,-1.0,-1.0,6.951768673215694,6.951768673215694,3242.5413696838414,3242.5413696838414,3242.5413696838414,0.5787174903598284,0.0,0.4329981684732293,0.18483159460146295,0.991075046455736
