target_id,prot_ps,prot_acf,prot_cs,e_prot_ps,E_prot_ps,e_prot_acf,E_prot_acf,e_prot_cs,E_prot_cs,sph_ps,sph_acf,sph_cs,h_ps,fa_prob_ps,hacf,gacf,hcs
9823609,38.73568525781638,30.22149215033278,31.011664632721807,1.3906351550955023,1.4993682205070016,-1.0,-1.0,2.9185806421597307,2.9185806421597307,212.07804428616527,209.12500274708614,211.45051799365214,0.04363560720315102,0.0,0.14593857855155112,0.34387854135077994,0.5953851063993197
