target_id,prot_ps,prot_acf,prot_cs,e_prot_ps,E_prot_ps,e_prot_acf,E_prot_acf,e_prot_cs,E_prot_cs,sph_ps,sph_acf,sph_cs,h_ps,fa_prob_ps,hacf,gacf,hcs
9872638,9.14269176539723,9.501682708505541,9.20457632876001,0.7611182973306221,0.9113362836588745,-1.0,-1.0,0.8687193284262733,0.8687193284262733,3136.244473070474,3122.492290546922,3130.272875595738,0.08672454258764412,0.0,0.5678147939682365,1.073933324153813,0.47606019795149007
