target_id,prot_ps,prot_acf,prot_cs,e_prot_ps,E_prot_ps,e_prot_acf,E_prot_acf,e_prot_cs,E_prot_cs,sph_ps,sph_acf,sph_cs,h_ps,fa_prob_ps,hacf,gacf,hcs
9838078,0.6118033927971022,0.5925768595188856,60.61201750955626,0.006058992501741689,0.006181412114471874,-1.0,-1.0,0.08063002531468917,0.08063002531468917,4665.124163845867,4658.643036408282,4970.151177387997,0.24777037379761646,0.0,11.018656864068905,27.697210488932544,0.01781506685116625
