target_id,prot_ps,prot_acf,prot_cs,e_prot_ps,E_prot_ps,e_prot_acf,E_prot_acf,e_prot_cs,E_prot_cs,sph_ps,sph_acf,sph_cs,h_ps,fa_prob_ps,hacf,gacf,hcs
9839980,2.5914713797119475,2.595088142901659,2.6007247970211695,0.04952908569131109,0.051477104729240164,-1.0,-1.0,0.05299498511233349,0.05299498511233349,3094.265733213105,3105.7055305040963,3106.291761742712,0.19041086763394416,0.0,0.904453085806125,1.5373735637709485,0.4329423763299449
