target_id,prot_ps,prot_acf,prot_cs,e_prot_ps,E_prot_ps,e_prot_acf,E_prot_acf,e_prot_cs,E_prot_cs,sph_ps,sph_acf,sph_cs,h_ps,fa_prob_ps,hacf,gacf,hcs
9835385,31.179006568807726,13.01630260841921,23.789796152003113,2.776172019176215,3.384999210130708,-1.0,-1.0,4.174689466733234,4.174689466733234,1687.6449261019948,1670.3957713297218,1687.6449261019948,0.10441256194522582,4.2160519668027873e-106,-0.1920988141562751,0.003979956446229421,0.6634997629906515
