target_id,prot_ps,prot_acf,prot_cs,e_prot_ps,E_prot_ps,e_prot_acf,E_prot_acf,e_prot_cs,E_prot_cs,sph_ps,sph_acf,sph_cs,h_ps,fa_prob_ps,hacf,gacf,hcs
9850621,45.99908196402678,18.81965487403795,23.624847688507547,1.5038646610524111,1.607951988365798,-1.0,-1.0,1.200800851552709,1.200800851552709,158.1564634658182,156.41164019453254,157.80198914562806,0.06825243377885666,0.0,-0.319588114159394,0.0019144834880915895,0.17236220235497485
