target_id,prot_ps,prot_acf,prot_cs,e_prot_ps,E_prot_ps,e_prot_acf,E_prot_acf,e_prot_cs,E_prot_cs,sph_ps,sph_acf,sph_cs,h_ps,fa_prob_ps,hacf,gacf,hcs
9892859,21.028219025819606,20.31111510284245,29.017104741390582,3.9526156437227726,6.295729081144781,-1.0,-1.0,6.5499420274411335,6.5499420274411335,182.23868138780773,183.111285078851,182.81020007732113,0.028910060310582478,0.0,-0.02360340741732533,0.08592134502042813,2.987717225704461
