target_id,prot_ps,prot_acf,prot_cs,e_prot_ps,E_prot_ps,e_prot_acf,E_prot_acf,e_prot_cs,E_prot_cs,sph_ps,sph_acf,sph_cs,h_ps,fa_prob_ps,hacf,gacf,hcs
9838219,21.589676573716506,21.517111903522164,21.71677788161508,2.6000127423885715,3.4140995342856613,-1.0,-1.0,0.7211755158843067,0.7211755158843067,3406.800802915909,3404.1136466323537,3410.3350391990584,0.16209759071821161,0.0,0.44989146399676855,0.7908715988944365,0.9585497406875385
