target_id,prot_ps,prot_acf,prot_cs,e_prot_ps,E_prot_ps,e_prot_acf,E_prot_acf,e_prot_cs,E_prot_cs,sph_ps,sph_acf,sph_cs,h_ps,fa_prob_ps,hacf,gacf,hcs
9886699,73.04933112846031,36.43320023827255,45.863770522456974,4.377527116620428,4.9768589023764775,-1.0,-1.0,1.4508165606904908,1.4508165606904908,561.5631465221609,548.2101983285506,551.0929348761489,0.08522933855496237,0.0,-0.3641016336208721,0.001677601552830199,0.23155235487846534
