target_id,prot_ps,prot_acf,prot_cs,e_prot_ps,E_prot_ps,e_prot_acf,E_prot_acf,e_prot_cs,E_prot_cs,sph_ps,sph_acf,sph_cs,h_ps,fa_prob_ps,hacf,gacf,hcs
9833842,73.04930648968383,25.133426589891315,34.27974616379476,2.2363522051977327,2.3809091981795945,-1.0,-1.0,6.532517952687285,6.532517952687285,436.1541022850308,433.1922849071966,439.59917419115857,0.11028849435185983,0.0,-0.24642948662093148,0.017165833006749592,0.1837376098251506
