target_id,prot_ps,prot_acf,prot_cs,e_prot_ps,E_prot_ps,e_prot_acf,E_prot_acf,e_prot_cs,E_prot_cs,sph_ps,sph_acf,sph_cs,h_ps,fa_prob_ps,hacf,gacf,hcs
9818856,45.99909744998734,5.41492918971926,5.469078481616451,5.561674761211684,7.312206109884016,-1.0,-1.0,0.5831995033287093,0.5831995033287093,252.98093583700089,237.28737911284554,237.20726064055765,0.027878954139744123,0.0,0.4514707068017071,0.4900889873097498,0.27746310399161395
