target_id,prot_ps,prot_acf,prot_cs,e_prot_ps,E_prot_ps,e_prot_acf,E_prot_acf,e_prot_cs,E_prot_cs,sph_ps,sph_acf,sph_cs,h_ps,fa_prob_ps,hacf,gacf,hcs
9943255,73.04930458420995,31.03875944716856,28.64779803188739,2.1164377513461403,2.2452380901003295,-1.0,-1.0,0.3656094012775492,0.3656094012775492,636.2341475652772,628.3810421712111,626.097450964007,0.10477823154126772,0.0,-0.5213843776940815,0.00034919802259891775,0.10248580559468012
