target_id,prot_ps,prot_acf,prot_cs,e_prot_ps,E_prot_ps,e_prot_acf,E_prot_acf,e_prot_cs,E_prot_cs,sph_ps,sph_acf,sph_cs,h_ps,fa_prob_ps,hacf,gacf,hcs
9935172,17.622334150313144,17.22546243527904,17.67509110305018,1.0172576390583963,1.151532635002198,-1.0,-1.0,0.7078880111946636,0.7078880111946636,1420.126797372901,1414.9613608028978,1421.5132293203035,0.13373611906351987,0.0,0.12613562364092987,0.41152018414128266,0.9562691769334842
