target_id,prot_ps,prot_acf,prot_cs,e_prot_ps,E_prot_ps,e_prot_acf,E_prot_acf,e_prot_cs,E_prot_cs,sph_ps,sph_acf,sph_cs,h_ps,fa_prob_ps,hacf,gacf,hcs
9907661,73.04914758914047,24.827213895041496,34.280150043177414,4.755148294421062,5.458713594192034,-1.0,-1.0,5.319669861312204,5.319669861312204,530.9034212558756,509.97062682321007,525.4746697083077,0.04728600415793327,0.0,-0.3105023641013676,0.0009741622143041584,0.17154804069795768
