target_id,prot_ps,prot_acf,prot_cs,e_prot_ps,E_prot_ps,e_prot_acf,E_prot_acf,e_prot_cs,E_prot_cs,sph_ps,sph_acf,sph_cs,h_ps,fa_prob_ps,hacf,gacf,hcs
9974707,73.59841768739172,25.624161335639656,45.78772234265031,0.7297450381606438,0.7444981181407115,-1.0,-1.0,0.930744904006883,0.930744904006883,262.98939183789537,254.74076802508492,262.80994086776815,0.08104900470864479,0.0,-0.3898924124224469,0.0025270242791757824,0.13619813869476202
