target_id,prot_ps,prot_acf,prot_cs,e_prot_ps,E_prot_ps,e_prot_acf,E_prot_acf,e_prot_cs,E_prot_cs,sph_ps,sph_acf,sph_cs,h_ps,fa_prob_ps,hacf,gacf,hcs
9994925,91.31159970612478,15.713493951130658,27.79939806982409,3.8833679236428935,4.240442524201811,-1.0,-1.0,1.9851717758509786,1.9851717758509786,956.8486026147202,924.8980215514133,934.4561909387252,0.059322938881005344,0.0,-0.1574312116085408,0.0007334704510382345,0.4876292015339226
