target_id,prot_ps,prot_acf,prot_cs,e_prot_ps,E_prot_ps,e_prot_acf,E_prot_acf,e_prot_cs,E_prot_cs,sph_ps,sph_acf,sph_cs,h_ps,fa_prob_ps,hacf,gacf,hcs
9945811,136.0747560165415,35.84145255573094,52.132148804878824,12.097941414945566,14.746223190897155,-1.0,-1.0,6.268931845953944,6.268931845953944,472.5006046470291,498.36492357178037,469.532482569933,0.23406360363925696,0.0,-0.412696419974331,0.0013596506815930498,0.1841656080728194
