target_id,prot_ps,prot_acf,prot_cs,e_prot_ps,E_prot_ps,e_prot_acf,E_prot_acf,e_prot_cs,E_prot_cs,sph_ps,sph_acf,sph_cs,h_ps,fa_prob_ps,hacf,gacf,hcs
9911138,74.8785874551173,21.12868961971253,35.085067772772156,1.4938629416596143,1.556593581238161,-1.0,-1.0,7.903317477501515,7.903317477501515,733.6211904673283,718.0821073404157,722.8540490255388,0.04847276604577473,0.0,-0.1504641527818259,0.013065034993032382,0.19729548782005482
