target_id,prot_ps,prot_acf,prot_cs,e_prot_ps,E_prot_ps,e_prot_acf,E_prot_acf,e_prot_cs,E_prot_cs,sph_ps,sph_acf,sph_cs,h_ps,fa_prob_ps,hacf,gacf,hcs
10081565,21.48511409446876,20.924111366271973,21.528724541274407,3.6650966389460002,5.557204123395575,-1.0,-1.0,0.33914547366923525,0.33914547366923525,1608.6924728053746,1612.0888773206493,1608.6495630725353,0.09193793526053429,0.0,0.3231824479394575,0.5956331893156515,0.9083181808337984
