target_id,prot_ps,prot_acf,prot_cs,e_prot_ps,E_prot_ps,e_prot_acf,E_prot_acf,e_prot_cs,E_prot_cs,sph_ps,sph_acf,sph_cs,h_ps,fa_prob_ps,hacf,gacf,hcs
10063218,63.52110594775416,1.9003313016146421,63.71544941998225,2.248626879449347,2.419460732597905,-1.0,-1.0,3.1897522639708162,3.1897522639708162,863.4689101912791,746.5008179296367,863.1316082287591,0.03592500886139936,0.0,0.6121726383659523,0.2679882468947649,0.08253536625918838
