target_id,prot_ps,prot_acf,prot_cs,e_prot_ps,E_prot_ps,e_prot_acf,E_prot_acf,e_prot_cs,E_prot_cs,sph_ps,sph_acf,sph_cs,h_ps,fa_prob_ps,hacf,gacf,hcs
10054402,44.977615283086415,29.423703476786613,42.11635356408544,5.768085836114068,7.731211094857322,-1.0,-1.0,5.97680918415688,5.97680918415688,1411.6240512667478,1473.8892452639252,1411.6240512667478,0.17029297658673948,0.0,-0.16125358252246086,0.06050065954472114,1.1952572714164225
