target_id,prot_ps,prot_acf,prot_cs,e_prot_ps,E_prot_ps,e_prot_acf,E_prot_acf,e_prot_cs,E_prot_cs,sph_ps,sph_acf,sph_cs,h_ps,fa_prob_ps,hacf,gacf,hcs
10005956,54.110010638942676,54.558098833076656,53.778710916519636,8.91745061754117,13.289417385600863,-1.0,-1.0,6.981402294409407,6.981402294409407,199.72197817756495,199.25115099988113,181.72166333947106,0.08592938917338917,0.0,0.20581895683043303,0.371944429869249,0.9825556675020991
