target_id,prot_ps,prot_acf,prot_cs,e_prot_ps,E_prot_ps,e_prot_acf,E_prot_acf,e_prot_cs,E_prot_cs,sph_ps,sph_acf,sph_cs,h_ps,fa_prob_ps,hacf,gacf,hcs
10006576,27.5532888557856,28.627630258910358,27.90264216355979,3.6640028430203735,4.973520912546068,-1.0,-1.0,1.2297037899658552,1.2297037899658552,1943.5500707835463,1898.0857170041038,1927.0259907018294,0.08742815043627955,0.0,0.3302327697190793,0.6828383040556119,0.9377666641177299
