target_id,prot_ps,prot_acf,prot_cs,e_prot_ps,E_prot_ps,e_prot_acf,E_prot_acf,e_prot_cs,E_prot_cs,sph_ps,sph_acf,sph_cs,h_ps,fa_prob_ps,hacf,gacf,hcs
10081982,54.11066514575197,51.86074523348361,54.47030250010026,6.760375797935602,9.042419706493526,-1.0,-1.0,1.823299781366724,1.823299781366724,405.86601590916604,386.2016832907813,404.7239853010239,0.17247129941476147,0.0,0.4863869342263985,0.9113103197354409,0.9277309988495648
