target_id,prot_ps,prot_acf,prot_cs,e_prot_ps,E_prot_ps,e_prot_acf,E_prot_acf,e_prot_cs,E_prot_cs,sph_ps,sph_acf,sph_cs,h_ps,fa_prob_ps,hacf,gacf,hcs
10004547,54.11061242860247,19.61633786559105,34.69744570155632,7.531406727102109,10.39656589586587,-1.0,-1.0,1.0128583448464576,1.0128583448464576,259.6995625084696,252.34986210989192,251.34933487036272,0.04329978986060834,0.0,-0.038481370235131554,0.14637637415917576,1.6048777282352231
