target_id,prot_ps,prot_acf,prot_cs,e_prot_ps,E_prot_ps,e_prot_acf,E_prot_acf,e_prot_cs,E_prot_cs,sph_ps,sph_acf,sph_cs,h_ps,fa_prob_ps,hacf,gacf,hcs
10019678,60.87447744351467,22.415767051745206,38.051428665533116,20.37768315106129,60.43265309538551,-1.0,-1.0,7.264626445684568,7.264626445684568,430.27035281864056,429.7910724088178,428.8911155951149,0.040141181141518816,0.0,-0.26052025270333723,0.0061894613804087395,0.16128903448822496
