target_id,prot_ps,prot_acf,prot_cs,e_prot_ps,E_prot_ps,e_prot_acf,E_prot_acf,e_prot_cs,E_prot_cs,sph_ps,sph_acf,sph_cs,h_ps,fa_prob_ps,hacf,gacf,hcs
10027386,52.178015260426534,20.413508844561875,45.19293390543678,0.9599935999852676,0.9970487472765512,-1.0,-1.0,7.612589206612078,7.612589206612078,900.1879106582237,850.2653034354795,906.2900485987177,0.03399848084316869,0.0,-0.20517750245507013,0.0009124039789178556,0.2585392833780148
