target_id,prot_ps,prot_acf,prot_cs,e_prot_ps,E_prot_ps,e_prot_acf,E_prot_acf,e_prot_cs,E_prot_cs,sph_ps,sph_acf,sph_cs,h_ps,fa_prob_ps,hacf,gacf,hcs
10055337,9.018445800516517,8.704745166935027,9.00502725555822,0.33905075944583984,0.366915183808759,-1.0,-1.0,0.07374775669695126,0.07374775669695126,6215.288178088289,6192.92656424038,6204.034549381469,0.21210146891368195,0.0,0.6593842368558162,1.2227508502452373,0.8666119656854324
