target_id,prot_ps,prot_acf,prot_cs,e_prot_ps,E_prot_ps,e_prot_acf,E_prot_acf,e_prot_cs,E_prot_cs,sph_ps,sph_acf,sph_cs,h_ps,fa_prob_ps,hacf,gacf,hcs
10002203,19.478723661683887,19.228092587087303,19.35905123085475,1.0131395929330012,1.132082404786562,-1.0,-1.0,0.4196169511501062,0.4196169511501062,4700.003062093556,4583.0626315686395,4660.291388407374,0.1703077770098004,0.0,0.5784454769102388,1.025280280188602,0.9617461280585147
