target_id,prot_ps,prot_acf,prot_cs,e_prot_ps,E_prot_ps,e_prot_acf,E_prot_acf,e_prot_cs,E_prot_cs,sph_ps,sph_acf,sph_cs,h_ps,fa_prob_ps,hacf,gacf,hcs
10015745,54.719052224208,25.725995692890137,29.33253917167895,13.239015824720028,25.413297492442084,-1.0,-1.0,8.685136496109616,8.685136496109616,240.3323668952152,239.8772890178181,240.73594707833755,0.057586162697640254,0.0,-0.3120607244657295,0.0008828578931872055,0.17056008411643758
