target_id,prot_ps,prot_acf,prot_cs,e_prot_ps,E_prot_ps,e_prot_acf,E_prot_acf,e_prot_cs,E_prot_cs,sph_ps,sph_acf,sph_cs,h_ps,fa_prob_ps,hacf,gacf,hcs
10020210,60.87450914790098,21.51669609406963,28.913903266922567,1.785668369067892,1.898020624980873,-1.0,-1.0,9.434612719685152,9.434612719685152,728.8311824325172,716.5345538173204,729.2527910571991,0.05104310204431797,0.0,-0.23791294576658456,0.00028860802067086355,0.18134802575969178
