target_id,prot_ps,prot_acf,prot_cs,e_prot_ps,E_prot_ps,e_prot_acf,E_prot_acf,e_prot_cs,E_prot_cs,sph_ps,sph_acf,sph_cs,h_ps,fa_prob_ps,hacf,gacf,hcs
10005745,121.74878639585657,30.22139779664576,28.632975819588676,4.238597950017066,4.552405751730177,-1.0,-1.0,0.38473275793039946,0.38473275793039946,936.7265524713832,915.5762535659948,905.9331822340998,0.09776108959136835,0.0,-0.3978641586881406,0.0009517304669102999,0.1202601753949938
