target_id,prot_ps,prot_acf,prot_cs,e_prot_ps,E_prot_ps,e_prot_acf,E_prot_acf,e_prot_cs,E_prot_cs,sph_ps,sph_acf,sph_cs,h_ps,fa_prob_ps,hacf,gacf,hcs
10005151,54.11067472368087,18.12466892739758,28.913853189353826,6.7060703549336935,8.89367969799963,-1.0,-1.0,3.8252755306754085,3.8252755306754085,668.8042899583322,660.0971071721432,667.6807639108556,0.10464964171867781,0.0,-0.20329379323694255,0.05906935703681333,0.38062897824641945
