target_id,prot_ps,prot_acf,prot_cs,e_prot_ps,E_prot_ps,e_prot_acf,E_prot_acf,e_prot_cs,E_prot_cs,sph_ps,sph_acf,sph_cs,h_ps,fa_prob_ps,hacf,gacf,hcs
10019532,21.969508475062565,23.825750332325697,29.12033881312236,3.863361964596997,5.927084950307439,-1.0,-1.0,4.4278785353356565,4.4278785353356565,160.21962130271717,160.88852809167108,162.42004127970392,0.08713028224748695,0.0,-0.02062824235843906,0.21659722539647422,2.2041608196149656
