target_id,prot_ps,prot_acf,prot_cs,e_prot_ps,E_prot_ps,e_prot_acf,E_prot_acf,e_prot_cs,E_prot_cs,sph_ps,sph_acf,sph_cs,h_ps,fa_prob_ps,hacf,gacf,hcs
10031526,91.31136331264877,17.40968711860478,90.38570096885786,3.4733347092429767,3.7624304255057694,-1.0,-1.0,5.094511891242267,5.094511891242267,845.5249877318474,807.5307165018971,833.7625788226152,0.049725163471700105,0.0,0.018498326774453556,0.02223910722672831,7.6372652781188
