target_id,prot_ps,prot_acf,prot_cs,e_prot_ps,E_prot_ps,e_prot_acf,E_prot_acf,e_prot_cs,E_prot_cs,sph_ps,sph_acf,sph_cs,h_ps,fa_prob_ps,hacf,gacf,hcs
10087053,91.31140821714628,28.73008623998612,33.5578032919485,3.132128132727047,3.3653077786990195,-1.0,-1.0,1.4392218065680142,1.4392218065680142,474.5931649095394,461.51579854983845,462.4798639980992,0.052117455658389385,0.0,-0.14321894849590144,0.03878817371300952,0.6956550469687199
