target_id,prot_ps,prot_acf,prot_cs,e_prot_ps,E_prot_ps,e_prot_acf,E_prot_acf,e_prot_cs,E_prot_cs,sph_ps,sph_acf,sph_cs,h_ps,fa_prob_ps,hacf,gacf,hcs
10053675,8.087762108889649,8.010016676038504,8.0997222737146,0.6003585434589054,0.703800600983076,-1.0,-1.0,0.08097984992438942,0.08097984992438942,4385.2462292908795,4413.033844891527,4390.758274975631,0.11547972240623677,0.0,0.6941118449877315,1.070266645442933,0.6604424492621032
