target_id,prot_ps,prot_acf,prot_cs,e_prot_ps,E_prot_ps,e_prot_acf,E_prot_acf,e_prot_cs,E_prot_cs,sph_ps,sph_acf,sph_cs,h_ps,fa_prob_ps,hacf,gacf,hcs
10030808,52.17789784573191,27.32011987036094,37.06054974306375,11.974520118059658,21.947367202655563,-1.0,-1.0,6.906559782172864,6.906559782172864,776.4715198489822,760.4370120248951,767.366821693391,0.05229795420762876,0.0,-0.3042143372580125,0.002566612296131282,0.10888006586998439
