target_id,prot_ps,prot_acf,prot_cs,e_prot_ps,E_prot_ps,e_prot_acf,E_prot_acf,e_prot_cs,E_prot_cs,sph_ps,sph_acf,sph_cs,h_ps,fa_prob_ps,hacf,gacf,hcs
10029699,73.04906101275827,28.83223019633442,40.485970347333534,13.718774900793605,22.104255352364092,-1.0,-1.0,4.673533333064876,4.673533333064876,893.5829537095578,848.7723474228508,846.9569592244571,0.11780475150981008,0.0,-0.39323653544780296,0.0015502091443638788,0.15507470208460833
