target_id,prot_ps,prot_acf,prot_cs,e_prot_ps,E_prot_ps,e_prot_acf,E_prot_acf,e_prot_cs,E_prot_cs,sph_ps,sph_acf,sph_cs,h_ps,fa_prob_ps,hacf,gacf,hcs
10086883,35.63381335847628,34.12472722586244,35.280472478494055,5.449077913657689,7.884597400186806,-1.0,-1.0,2.5967999395193693,2.5967999395193693,3324.0205778021495,3371.9448213479445,3308.4722791344884,0.1224177776237262,0.0,0.5209490392412675,0.8325894809309841,0.9278054584377331
