target_id,prot_ps,prot_acf,prot_cs,e_prot_ps,E_prot_ps,e_prot_acf,E_prot_acf,e_prot_cs,E_prot_cs,sph_ps,sph_acf,sph_cs,h_ps,fa_prob_ps,hacf,gacf,hcs
10129128,76.89407669220887,19.616350382566452,31.41619814863276,2.5877665630882944,2.77651511201816,-1.0,-1.0,8.676023617584343,8.676023617584343,413.71361925731907,403.3218361441966,407.1668034385377,0.0524372538618048,0.0,-0.259792455652424,0.0004862905778661164,0.2539300653001809
