target_id,prot_ps,prot_acf,prot_cs,e_prot_ps,E_prot_ps,e_prot_acf,E_prot_acf,e_prot_cs,E_prot_cs,sph_ps,sph_acf,sph_cs,h_ps,fa_prob_ps,hacf,gacf,hcs
10160915,61.85513372075973,28.627852072007954,45.921270870523315,17.58984429440259,40.25650009865353,-1.0,-1.0,1.1176830762187082,1.1176830762187082,772.4327616891344,758.5698355480415,771.0187819305057,0.025391584584725204,0.0,-0.30678003787809666,0.005029660081557807,0.2221540435941044
