target_id,prot_ps,prot_acf,prot_cs,e_prot_ps,E_prot_ps,e_prot_acf,E_prot_acf,e_prot_cs,E_prot_cs,sph_ps,sph_acf,sph_cs,h_ps,fa_prob_ps,hacf,gacf,hcs
10132417,10.288525180346003,10.012537045404315,9.803091117413713,1.3480109608084696,1.8298946256552924,-1.0,-1.0,0.836285745188102,0.836285745188102,2442.580379509964,2426.521701600321,2410.3489333193947,0.04455591391639138,0.0,0.5650304582520684,0.887736136097371,0.7547188438985964
