target_id,prot_ps,prot_acf,prot_cs,e_prot_ps,E_prot_ps,e_prot_acf,E_prot_acf,e_prot_cs,E_prot_cs,sph_ps,sph_acf,sph_cs,h_ps,fa_prob_ps,hacf,gacf,hcs
10121344,70.09393296395498,4.413682356476784,86.63854128617793,27.10701440613464,115.70040853322217,-1.0,-1.0,10.377342156284303,10.377342156284303,270.93743864314797,222.1261576562055,274.84133868071814,0.04866668387473185,0.0,0.5035531251815001,0.016914426423673135,0.12195737136965933
