target_id,prot_ps,prot_acf,prot_cs,e_prot_ps,E_prot_ps,e_prot_acf,E_prot_acf,e_prot_cs,E_prot_cs,sph_ps,sph_acf,sph_cs,h_ps,fa_prob_ps,hacf,gacf,hcs
10196507,60.87439594266919,23.82566020078957,26.25767570430413,1.3301614330077456,1.390313074595845,-1.0,-1.0,2.9629573486988683,2.9629573486988683,963.540853871925,947.6706945737668,949.9865255068863,0.07006631461851785,0.0,-0.3266255346315854,0.0009825011608344536,0.25887950810534516
