target_id,prot_ps,prot_acf,prot_cs,e_prot_ps,E_prot_ps,e_prot_acf,E_prot_acf,e_prot_cs,E_prot_cs,sph_ps,sph_acf,sph_cs,h_ps,fa_prob_ps,hacf,gacf,hcs
10160604,73.04922173088568,24.418518226593733,37.06056747883559,1.8440379421799662,1.94105716124281,-1.0,-1.0,5.895161981315396,5.895161981315396,409.4186116833547,382.56376532819803,403.96998083774554,0.06897481184976076,0.0,-0.14200285601275972,0.02742403185173066,0.42681969677764375
