target_id,prot_ps,prot_acf,prot_cs,e_prot_ps,E_prot_ps,e_prot_acf,E_prot_acf,e_prot_cs,E_prot_cs,sph_ps,sph_acf,sph_cs,h_ps,fa_prob_ps,hacf,gacf,hcs
10192963,63.52125336983978,28.52546950057149,31.45239518197969,20.487825220327302,56.69318054384202,-1.0,-1.0,9.337034130738509,9.337034130738509,671.200858391232,664.7219036615709,671.1873518692971,0.05302513583964359,0.0,-0.5067588962323116,0.001127533550555282,0.07702495479210635
