target_id,prot_ps,prot_acf,prot_cs,e_prot_ps,E_prot_ps,e_prot_acf,E_prot_acf,e_prot_cs,E_prot_cs,sph_ps,sph_acf,sph_cs,h_ps,fa_prob_ps,hacf,gacf,hcs
10132724,121.74780009849962,30.936760251410306,46.105580994496115,2.3721044646926686,2.4681980547032083,-1.0,-1.0,1.82125342780932,1.82125342780932,390.69225051270394,377.25014265500965,384.6947340917427,0.06683192615615141,0.0,-0.3160147601855364,0.0012897455941008884,0.18933040360411915
