target_id,prot_ps,prot_acf,prot_cs,e_prot_ps,E_prot_ps,e_prot_acf,E_prot_acf,e_prot_cs,E_prot_cs,sph_ps,sph_acf,sph_cs,h_ps,fa_prob_ps,hacf,gacf,hcs
10190048,13.654071527091274,13.710994696710259,13.73599371094775,0.7777841900606646,0.8766608377989034,-1.0,-1.0,0.25840031714531614,0.25840031714531614,2766.4617002860664,2763.0800186996516,2761.978260893846,0.24244823398835233,0.0,0.5905441347924769,1.000172788893272,0.6473964560668142
