target_id,prot_ps,prot_acf,prot_cs,e_prot_ps,E_prot_ps,e_prot_acf,E_prot_acf,e_prot_cs,E_prot_cs,sph_ps,sph_acf,sph_cs,h_ps,fa_prob_ps,hacf,gacf,hcs
10189205,6.379848762353956,6.600075080059469,6.562885802518576,0.6090942084552102,0.7510721741240403,-1.0,-1.0,0.6505801995304806,0.6505801995304806,2896.116899840509,2924.2036074620696,2908.5692051279666,0.1169405469581058,0.0,0.7071705536852667,1.1864799579953185,0.23890812989769408
