target_id,prot_ps,prot_acf,prot_cs,e_prot_ps,E_prot_ps,e_prot_acf,E_prot_acf,e_prot_cs,E_prot_cs,sph_ps,sph_acf,sph_cs,h_ps,fa_prob_ps,hacf,gacf,hcs
10160162,61.85515252995665,28.035277504473925,37.809208944663396,14.60038838075225,27.411483548699138,-1.0,-1.0,9.610124380129236,9.610124380129236,970.7765344324573,946.7550604449277,971.569075188152,0.07265913636075018,0.0,-0.3161919547790566,0.0016111858175756888,0.12714831143662053
