target_id,prot_ps,prot_acf,prot_cs,e_prot_ps,E_prot_ps,e_prot_acf,E_prot_acf,e_prot_cs,E_prot_cs,sph_ps,sph_acf,sph_cs,h_ps,fa_prob_ps,hacf,gacf,hcs
10199528,40.582926865805824,41.051240977831185,40.44341324883536,9.83162906350833,18.89517852622538,-1.0,-1.0,1.548634901242637,1.548634901242637,646.1730529642192,644.7548767750129,644.7194155253945,0.05022104363707559,0.0,0.13638381042668116,0.26828600203428965,0.9728703259846178
