target_id,prot_ps,prot_acf,prot_cs,e_prot_ps,E_prot_ps,e_prot_acf,E_prot_acf,e_prot_cs,E_prot_cs,sph_ps,sph_acf,sph_cs,h_ps,fa_prob_ps,hacf,gacf,hcs
10187346,52.69236412248398,25.623799877241254,37.302313736858046,12.953452868811425,25.237936091309294,-1.0,-1.0,2.623273617236137,2.623273617236137,986.1352656322906,958.76964215236,960.9747708002168,0.05264275080861039,0.0,-0.24905205581064532,0.0024929809835066846,0.11433943179268723
