target_id,prot_ps,prot_acf,prot_cs,e_prot_ps,E_prot_ps,e_prot_acf,E_prot_acf,e_prot_cs,E_prot_cs,sph_ps,sph_acf,sph_cs,h_ps,fa_prob_ps,hacf,gacf,hcs
10191981,20.013560062644927,20.31109473668039,20.22527320962399,1.4343861948811352,1.6715995802261716,-1.0,-1.0,1.6043111436633002,1.6043111436633002,2016.1401176437464,1997.1563146212263,2032.9501653654434,0.07647343939275726,0.0,0.36070161724964844,0.7286903970074883,0.9778126041290925
