target_id,prot_ps,prot_acf,prot_cs,e_prot_ps,E_prot_ps,e_prot_acf,E_prot_acf,e_prot_cs,E_prot_cs,sph_ps,sph_acf,sph_cs,h_ps,fa_prob_ps,hacf,gacf,hcs
10189651,45.99914699968701,15.713527611922473,47.52334479004902,9.953478869657637,17.414591690299737,-1.0,-1.0,1.9589253528936452,1.9589253528936452,257.2886208984396,253.9601244402832,260.52087902242107,0.040530778915662515,0.0,0.04295286713503785,0.13862771078682673,1.1066460830058023
