target_id,prot_ps,prot_acf,prot_cs,e_prot_ps,E_prot_ps,e_prot_acf,E_prot_acf,e_prot_cs,E_prot_cs,sph_ps,sph_acf,sph_cs,h_ps,fa_prob_ps,hacf,gacf,hcs
10200957,63.5210738087307,33.735972876194865,34.3898500003852,1.1939613153278472,1.2401142490769956,-1.0,-1.0,5.2976570355515475,5.2976570355515475,683.8660137882215,688.6868736646225,686.3041997775154,0.062410794553010275,0.0,-0.13521113868310303,0.0001828528029859805,0.441064114713955
