target_id,prot_ps,prot_acf,prot_cs,e_prot_ps,E_prot_ps,e_prot_acf,E_prot_acf,e_prot_cs,E_prot_cs,sph_ps,sph_acf,sph_cs,h_ps,fa_prob_ps,hacf,gacf,hcs
10252275,26.563410283537575,27.319856515154243,26.669431484836053,1.4703347664597928,1.655429688915273,-1.0,-1.0,0.49453675422977467,0.49453675422977467,1239.0104551899096,1229.6335407843715,1237.9882477450599,0.1167695377792609,0.0,0.27207718231951283,0.5420611839892105,0.8925224744951684
