target_id,prot_ps,prot_acf,prot_cs,e_prot_ps,E_prot_ps,e_prot_acf,E_prot_acf,e_prot_cs,E_prot_cs,sph_ps,sph_acf,sph_cs,h_ps,fa_prob_ps,hacf,gacf,hcs
10273785,61.332203541431035,36.22898343997076,27.48989058176055,13.335057309678582,23.776164830821855,-1.0,-1.0,5.5638459602370895,5.5638459602370895,370.3372759518178,376.068319398186,362.22360001610144,0.07447337271650974,0.0,-0.1613919830493127,0.06093851298256345,0.5628397603194498
