target_id,prot_ps,prot_acf,prot_cs,e_prot_ps,E_prot_ps,e_prot_acf,E_prot_acf,e_prot_cs,E_prot_cs,sph_ps,sph_acf,sph_cs,h_ps,fa_prob_ps,hacf,gacf,hcs
10231594,11.236398998701588,11.60647738724947,11.330414870521052,1.0621218593124215,1.306679657004313,-1.0,-1.0,1.0406584735305011,1.0406584735305011,1779.8578254779086,1830.4391617148056,1777.5066729468724,0.0474728486134526,0.0,0.437136430924092,0.6673130519041449,0.7858514689542616
