target_id,prot_ps,prot_acf,prot_cs,e_prot_ps,E_prot_ps,e_prot_acf,E_prot_acf,e_prot_cs,E_prot_cs,sph_ps,sph_acf,sph_cs,h_ps,fa_prob_ps,hacf,gacf,hcs
10257903,0.4293222036994604,0.4086728487163782,91.13682005932755,0.004214623975809517,0.004299400209002879,-1.0,-1.0,0.759945839284387,0.759945839284387,28390.360085727163,28355.75818761074,30276.380444994236,0.38281346575889774,0.0,0.4425797073596773,0.22990746359756067,0.006782293253282291
