target_id,prot_ps,prot_acf,prot_cs,e_prot_ps,E_prot_ps,e_prot_acf,E_prot_acf,e_prot_cs,E_prot_cs,sph_ps,sph_acf,sph_cs,h_ps,fa_prob_ps,hacf,gacf,hcs
10207402,12.704243125351043,12.219356047920883,12.582667336435991,1.2092591698016726,1.4971167183528546,-1.0,-1.0,0.7120281004230753,0.7120281004230753,1926.2591973539718,1931.884659983365,1935.8022834101873,0.05178327598878446,0.0,0.44459676018619343,0.6380849162991066,0.9081797812303883
