target_id,prot_ps,prot_acf,prot_cs,e_prot_ps,E_prot_ps,e_prot_acf,E_prot_acf,e_prot_cs,E_prot_cs,sph_ps,sph_acf,sph_cs,h_ps,fa_prob_ps,hacf,gacf,hcs
10262808,61.99492260666381,32.73481827042997,28.54365811097436,12.809789333981335,21.67918423089398,-1.0,-1.0,1.1411653820317198,1.1411653820317198,1059.6575670242837,1008.9690563721452,1011.9541817583678,0.2525535470734981,0.0,-0.6436249681074308,9.961791632778771e-05,0.04602963873433664
