target_id,prot_ps,prot_acf,prot_cs,e_prot_ps,E_prot_ps,e_prot_acf,E_prot_acf,e_prot_cs,E_prot_cs,sph_ps,sph_acf,sph_cs,h_ps,fa_prob_ps,hacf,gacf,hcs
10288607,81.16562030792606,26.625367989763618,46.55770315161735,10.558356525295835,14.321656449449463,-1.0,-1.0,1.7740465634555023,1.7740465634555023,494.6960426822165,489.66260387435256,493.39501333464295,0.02430809402398101,0.0,-0.2466713885621149,0.0047408464771338255,0.22075409210717248
