target_id,prot_ps,prot_acf,prot_cs,e_prot_ps,E_prot_ps,e_prot_acf,E_prot_acf,e_prot_cs,E_prot_cs,sph_ps,sph_acf,sph_cs,h_ps,fa_prob_ps,hacf,gacf,hcs
10221564,69.57061105451758,2.2068633064627647,69.86050569722427,0.8124984984915784,0.8319294659888357,-1.0,-1.0,2.124013956523262,2.124013956523262,325.740269657959,271.0582936039971,326.225406442866,0.01670939164006049,8.149890644552533e-257,0.38994323742116643,0.01166537379780172,0.10232941322931327
