target_id,prot_ps,prot_acf,prot_cs,e_prot_ps,E_prot_ps,e_prot_acf,E_prot_acf,e_prot_cs,E_prot_cs,sph_ps,sph_acf,sph_cs,h_ps,fa_prob_ps,hacf,gacf,hcs
10255922,13.413832068506661,14.221936672925949,13.641820606626569,1.6165744387006722,2.123218141426138,-1.0,-1.0,1.807291498739359,1.807291498739359,2910.39301902167,2910.39301902167,2910.39301902167,0.42964155718760844,0.0,0.6495807082214687,0.739417472816349,0.9220738276931899
