target_id,prot_ps,prot_acf,prot_cs,e_prot_ps,E_prot_ps,e_prot_acf,E_prot_acf,e_prot_cs,E_prot_cs,sph_ps,sph_acf,sph_cs,h_ps,fa_prob_ps,hacf,gacf,hcs
10212630,81.775215419972,6.2118566036224365,6.736390679329634,1.1620149604773644,1.1960439295997958,-1.0,-1.0,1.4824154026269991,1.4824154026269991,163.70120311552733,157.74957318084662,158.08051266506783,0.01732878862263336,1.2684499794521024e-268,0.22606993016078697,0.2494297479946161,0.2273946487672624
