target_id,prot_ps,prot_acf,prot_cs,e_prot_ps,E_prot_ps,e_prot_acf,E_prot_acf,e_prot_cs,E_prot_cs,sph_ps,sph_acf,sph_cs,h_ps,fa_prob_ps,hacf,gacf,hcs
10264259,54.110620346951684,28.13718911446631,28.66594309275091,12.427276115743297,22.791270141720247,-1.0,-1.0,0.3967324323209409,0.3967324323209409,558.0865411141333,544.5271032230578,542.5639904290969,0.03878121258881017,0.0,-0.31333002471702437,0.002680474147250228,0.22269747756899413
