target_id,prot_ps,prot_acf,prot_cs,e_prot_ps,E_prot_ps,e_prot_acf,E_prot_acf,e_prot_cs,E_prot_cs,sph_ps,sph_acf,sph_cs,h_ps,fa_prob_ps,hacf,gacf,hcs
10289297,60.87426323583228,21.925589132588357,31.51767678461038,2.154010435106663,2.3190009775959837,-1.0,-1.0,7.1732918958485365,7.1732918958485365,568.4314135863114,558.8069740329357,557.7925543995542,0.04583039686461893,0.0,-0.34895172577458333,0.0018517555442708888,0.12879130873853908
