target_id,prot_ps,prot_acf,prot_cs,e_prot_ps,E_prot_ps,e_prot_acf,E_prot_acf,e_prot_cs,E_prot_cs,sph_ps,sph_acf,sph_cs,h_ps,fa_prob_ps,hacf,gacf,hcs
10263883,121.7487433399047,28.627562410198152,28.617111061822428,2.3496696816369678,2.4442233063820282,-1.0,-1.0,0.4537491106043908,0.4537491106043908,619.3773250400682,581.1997769210768,581.1124499388817,0.05588947108944632,0.0,-0.34983053401179953,0.0017374931169301666,0.20537216037627234
