target_id,prot_ps,prot_acf,prot_cs,e_prot_ps,E_prot_ps,e_prot_acf,E_prot_acf,e_prot_cs,E_prot_cs,sph_ps,sph_acf,sph_cs,h_ps,fa_prob_ps,hacf,gacf,hcs
10258558,91.31156896169105,25.930321797262877,26.396005038996226,1.2024457847882104,1.2349553132567053,-1.0,-1.0,3.6410472721801974,3.6410472721801974,628.3995951720367,613.3853670897684,610.6726639171872,0.16149840297832987,0.0,-0.07559616706386632,0.0002075414486209029,0.06590484385774543
