target_id,prot_ps,prot_acf,prot_cs,e_prot_ps,E_prot_ps,e_prot_acf,E_prot_acf,e_prot_cs,E_prot_cs,sph_ps,sph_acf,sph_cs,h_ps,fa_prob_ps,hacf,gacf,hcs
10253403,73.04928411786173,-1.0,73.53185552853468,10.860987910552538,15.523107362263062,-1.0,-1.0,3.6754550996395423,3.6754550996395423,838.5279002305565,-1.0,836.5084962399596,0.231696793675482,0.0,-1.0,-1.0,0.46811671125570264
