target_id,prot_ps,prot_acf,prot_cs,e_prot_ps,E_prot_ps,e_prot_acf,E_prot_acf,e_prot_cs,E_prot_cs,sph_ps,sph_acf,sph_cs,h_ps,fa_prob_ps,hacf,gacf,hcs
10341822,58.87889733115656,5.006259623914957,59.43758364915847,17.0845141015135,40.15388165128565,-1.0,-1.0,8.354671347804672,8.354671347804672,230.3263153516469,206.67073247446598,229.88013674921694,0.03787654446603393,0.0,0.39701011068263636,0.0025620962383513246,0.3489122991046305
