target_id,prot_ps,prot_acf,prot_cs,e_prot_ps,E_prot_ps,e_prot_acf,E_prot_acf,e_prot_cs,E_prot_cs,sph_ps,sph_acf,sph_cs,h_ps,fa_prob_ps,hacf,gacf,hcs
10328411,60.87441191498253,22.415743553545326,27.90259447332471,6.753495968826364,8.704099943536129,-1.0,-1.0,4.1122187461119175,4.1122187461119175,619.8746604210361,615.0000386242527,620.7980356266421,0.05988028666163633,0.0,-0.3011128203655886,0.0003357848099627414,0.31554041178944475
