target_id,prot_ps,prot_acf,prot_cs,e_prot_ps,E_prot_ps,e_prot_acf,E_prot_acf,e_prot_cs,E_prot_cs,sph_ps,sph_acf,sph_cs,h_ps,fa_prob_ps,hacf,gacf,hcs
10354884,52.17794475257365,24.41852879943326,37.060583525486294,11.782473850759686,21.310714491766603,-1.0,-1.0,4.416332166882753,4.416332166882753,741.8460698885842,694.8236566158904,723.2375279491115,0.0620833157166251,0.0,-0.39693677194828947,0.0009354263569603949,0.08955713873685874
