target_id,prot_ps,prot_acf,prot_cs,e_prot_ps,E_prot_ps,e_prot_acf,E_prot_acf,e_prot_cs,E_prot_cs,sph_ps,sph_acf,sph_cs,h_ps,fa_prob_ps,hacf,gacf,hcs
10398907,15.061704818255423,14.91657835431397,15.111705960375376,1.8530870216471662,2.4498944981026938,-1.0,-1.0,0.18187049662838906,0.18187049662838906,2412.2826626030474,2450.2197142650352,2409.5024194912153,0.16202873779899915,0.0,0.5163098281398019,0.944361937332408,0.8387223629227186
