target_id,prot_ps,prot_acf,prot_cs,e_prot_ps,E_prot_ps,e_prot_acf,E_prot_acf,e_prot_cs,E_prot_cs,sph_ps,sph_acf,sph_cs,h_ps,fa_prob_ps,hacf,gacf,hcs
10324652,73.04932843403215,25.419505063444376,28.41855711984448,25.326700914034582,84.52032123819248,-1.0,-1.0,7.466590120509492,7.466590120509492,525.9690221919105,526.2948525721439,516.4170170395757,0.03414868762162781,0.0,-0.2501088585930041,0.0017304853203125303,0.27403795556614596
