target_id,prot_ps,prot_acf,prot_cs,e_prot_ps,E_prot_ps,e_prot_acf,E_prot_acf,e_prot_cs,E_prot_cs,sph_ps,sph_acf,sph_cs,h_ps,fa_prob_ps,hacf,gacf,hcs
10351715,5.749884760812894,5.803237238898873,5.981854918869989,0.22960779469166592,0.24932071866768268,-1.0,-1.0,0.26304849752589304,0.26304849752589304,5380.746458514737,5426.913222663776,5327.614190318441,0.12101584119365856,0.0,0.8178031960788312,1.1743633285751653,0.11789593378975549
