target_id,prot_ps,prot_acf,prot_cs,e_prot_ps,E_prot_ps,e_prot_acf,E_prot_acf,e_prot_cs,E_prot_cs,sph_ps,sph_acf,sph_cs,h_ps,fa_prob_ps,hacf,gacf,hcs
10388647,44.27236424632328,33.1230385559611,33.55745916034094,0.4529123718010908,0.462303851552349,-1.0,-1.0,3.3535712925307735,3.3535712925307735,764.0005310153764,755.0655917156047,756.685183449243,0.058073066425540394,0.0,0.12639621407952267,0.35865131877967593,0.7206387738566086
