target_id,prot_ps,prot_acf,prot_cs,e_prot_ps,E_prot_ps,e_prot_acf,E_prot_acf,e_prot_cs,E_prot_cs,sph_ps,sph_acf,sph_cs,h_ps,fa_prob_ps,hacf,gacf,hcs
10388784,6.957084939758575,7.008748140186071,6.8340322952114265,0.48987190795940094,0.5692336060011423,-1.0,-1.0,0.10251424552737677,0.10251424552737677,3466.269370506089,3495.5450640757654,3517.5707397977585,0.2019221151189631,0.0,0.7285159367274973,1.157366976797562,0.14414189016041387
