target_id,prot_ps,prot_acf,prot_cs,e_prot_ps,E_prot_ps,e_prot_acf,E_prot_acf,e_prot_cs,E_prot_cs,sph_ps,sph_acf,sph_cs,h_ps,fa_prob_ps,hacf,gacf,hcs
10358952,19.998264241943666,20.025277622044086,19.974111856899746,2.9424000494281657,4.151961451016248,-1.0,-1.0,0.31854205438387667,0.31854205438387667,1781.127583015924,1784.0625522800271,1754.3201830829462,0.10028745281821348,0.0,0.23319360920028778,0.5220773675288267,0.9251881099219259
