target_id,prot_ps,prot_acf,prot_cs,e_prot_ps,E_prot_ps,e_prot_acf,E_prot_acf,e_prot_cs,E_prot_cs,sph_ps,sph_acf,sph_cs,h_ps,fa_prob_ps,hacf,gacf,hcs
10346628,60.874475883421795,25.930362571030855,32.04132362425662,0.9607264800953033,0.9917161611835326,-1.0,-1.0,1.3482000731767312,1.3482000731767312,603.9795968123515,604.4235190660781,604.7041197878394,0.13837151354968033,0.0,-0.31307502986305374,0.02008032954401806,0.17411246510673917
