target_id,prot_ps,prot_acf,prot_cs,e_prot_ps,E_prot_ps,e_prot_acf,E_prot_acf,e_prot_cs,E_prot_cs,sph_ps,sph_acf,sph_cs,h_ps,fa_prob_ps,hacf,gacf,hcs
10347172,47.12863335876893,27.033785951323807,26.561517832670702,8.494676530147942,13.208624489349432,-1.0,-1.0,0.3184309899971313,0.3184309899971313,435.3093484445048,428.4428088024049,429.9196973428776,0.039885798058181904,0.0,-0.39359261418151364,0.0016333504654974795,0.17853649985366307
