target_id,prot_ps,prot_acf,prot_cs,e_prot_ps,E_prot_ps,e_prot_acf,E_prot_acf,e_prot_cs,E_prot_cs,sph_ps,sph_acf,sph_cs,h_ps,fa_prob_ps,hacf,gacf,hcs
10350874,91.31131546209973,35.330204151105136,37.80924427118152,7.841608533181031,9.487419866101305,-1.0,-1.0,8.409343410874992,8.409343410874992,534.8284017580116,520.1016363946521,514.2061384446286,0.14298321554236307,0.0,-0.5193383142247604,0.0002635558143592731,0.08444007423304636
