target_id,prot_ps,prot_acf,prot_cs,e_prot_ps,E_prot_ps,e_prot_acf,E_prot_acf,e_prot_cs,E_prot_cs,sph_ps,sph_acf,sph_cs,h_ps,fa_prob_ps,hacf,gacf,hcs
10346936,74.87875014842933,7.110922962427139,75.01921556927262,2.1713833174670896,2.305788147966922,-1.0,-1.0,19.76466204462038,19.76466204462038,407.35775088417677,384.4329355331196,407.3570638843802,0.048830560191483484,0.0,0.33742019978816373,0.2723683885373749,0.1465154669865586
