target_id,prot_ps,prot_acf,prot_cs,e_prot_ps,E_prot_ps,e_prot_acf,E_prot_acf,e_prot_cs,E_prot_cs,sph_ps,sph_acf,sph_cs,h_ps,fa_prob_ps,hacf,gacf,hcs
10355472,22.140951084712224,22.027820945717394,22.45448226422071,3.053972328401226,4.20140991321696,-1.0,-1.0,1.155883043354901,1.155883043354901,1415.0697019591883,1418.402061845641,1415.1806068245237,0.07649528662317819,0.0,0.3280124304994401,0.7127282510407714,0.9911526642039012
