target_id,prot_ps,prot_acf,prot_cs,e_prot_ps,E_prot_ps,e_prot_acf,E_prot_acf,e_prot_cs,E_prot_cs,sph_ps,sph_acf,sph_cs,h_ps,fa_prob_ps,hacf,gacf,hcs
10328796,60.87441747646946,29.52666580444202,28.67962301347587,15.375203920721383,30.75616254483083,-1.0,-1.0,0.3932186124287441,0.3932186124287441,330.92917882316453,327.30352007186934,327.6590776976648,0.03879860262275529,0.0,-0.3860161687132223,0.004797598140983683,0.27153953505393963
