target_id,prot_ps,prot_acf,prot_cs,e_prot_ps,E_prot_ps,e_prot_acf,E_prot_acf,e_prot_cs,E_prot_cs,sph_ps,sph_acf,sph_cs,h_ps,fa_prob_ps,hacf,gacf,hcs
10339385,5.368451090386183,5.312775848433375,5.36079516860242,0.27859338285224755,0.3109740330952606,-1.0,-1.0,0.2650729541185656,0.2650729541185656,6417.185031777331,6427.632081942119,6408.65629552132,0.18838260637251675,0.0,0.8338899725994865,1.3584919546904262,0.217350681188283
