target_id,prot_ps,prot_acf,prot_cs,e_prot_ps,E_prot_ps,e_prot_acf,E_prot_acf,e_prot_cs,E_prot_cs,sph_ps,sph_acf,sph_cs,h_ps,fa_prob_ps,hacf,gacf,hcs
10329265,112.38346954395087,24.029990885406733,62.427709484389055,5.068525687808702,5.565518411325115,-1.0,-1.0,8.888097076670373,8.888097076670373,285.10259916907944,282.8991562809352,285.29844889392814,0.04613147895576477,0.0,-0.204183042403584,0.000236008911709093,0.23821763316516037
