target_id,prot_ps,prot_acf,prot_cs,e_prot_ps,E_prot_ps,e_prot_acf,E_prot_acf,e_prot_cs,E_prot_cs,sph_ps,sph_acf,sph_cs,h_ps,fa_prob_ps,hacf,gacf,hcs
10346867,45.91292129863522,11.504155372735113,46.91018581500742,6.035834068940531,8.180384447938266,-1.0,-1.0,4.351248369147304,4.351248369147304,370.3388101971794,346.99981299988633,372.61754175309574,0.1067795605830519,0.0,0.219121291885067,0.07665823078968158,0.2466656458171702
