target_id,prot_ps,prot_acf,prot_cs,e_prot_ps,E_prot_ps,e_prot_acf,E_prot_acf,e_prot_cs,E_prot_cs,sph_ps,sph_acf,sph_cs,h_ps,fa_prob_ps,hacf,gacf,hcs
10352450,91.31138387304381,22.518169030547142,37.0605742353201,1.5629366439623311,1.618588072781094,-1.0,-1.0,2.0840690777374027,2.0840690777374027,555.2239561558412,543.8113058112853,553.1345024094102,0.03326852824430098,0.0,-0.20822030679106945,0.006330558666105365,0.594557852134373
