target_id,prot_ps,prot_acf,prot_cs,e_prot_ps,E_prot_ps,e_prot_acf,E_prot_acf,e_prot_cs,E_prot_cs,sph_ps,sph_acf,sph_cs,h_ps,fa_prob_ps,hacf,gacf,hcs
10492130,41.74233862761377,41.23562136851251,41.63961611711107,5.244464321324379,7.028141327797705,-1.0,-1.0,0.9424455836307821,0.9424455836307821,1788.497634372404,1794.6230401365285,1789.9208281253552,0.12936985500148487,0.0,0.34604345561828803,0.645776845168472,0.9862866506237432
