target_id,prot_ps,prot_acf,prot_cs,e_prot_ps,E_prot_ps,e_prot_acf,E_prot_acf,e_prot_cs,E_prot_cs,sph_ps,sph_acf,sph_cs,h_ps,fa_prob_ps,hacf,gacf,hcs
10467823,27.56587747689144,12.914111167192459,72.25055238287004,0.6629410926394605,0.6967909619699455,-1.0,-1.0,2.031411448245156,2.031411448245156,1354.278830672397,1324.4356556445202,1478.601046353304,0.05123537219897777,0.0,-0.10457712159179604,0.07158921332160575,0.6025763838170105
