target_id,prot_ps,prot_acf,prot_cs,e_prot_ps,E_prot_ps,e_prot_acf,E_prot_acf,e_prot_cs,E_prot_cs,sph_ps,sph_acf,sph_cs,h_ps,fa_prob_ps,hacf,gacf,hcs
10460289,31.760565641386574,30.93658963870257,31.416168079138735,3.0783776345876497,3.8278163598687733,-1.0,-1.0,3.302474673979863,3.302474673979863,1019.6260393422158,995.1473805278732,1023.6596616546763,0.06635108456269903,0.0,0.35473171161551154,0.6499628377942089,0.938582346638074
