target_id,prot_ps,prot_acf,prot_cs,e_prot_ps,E_prot_ps,e_prot_acf,E_prot_acf,e_prot_cs,E_prot_cs,sph_ps,sph_acf,sph_cs,h_ps,fa_prob_ps,hacf,gacf,hcs
10425286,73.04924128215589,14.91675647906959,73.80238956280051,12.81269169481773,19.62993317756967,-1.0,-1.0,4.95300357083694,4.95300357083694,844.9732913761004,724.1165730845808,842.6016730355333,0.10411791336040871,0.0,0.17050737329741936,0.002699685216168826,0.6988424696301357
