target_id,prot_ps,prot_acf,prot_cs,e_prot_ps,E_prot_ps,e_prot_acf,E_prot_acf,e_prot_cs,E_prot_cs,sph_ps,sph_acf,sph_cs,h_ps,fa_prob_ps,hacf,gacf,hcs
10456424,62.033241592831715,17.327316135168076,23.464823148753478,15.909965884336401,32.32551502290686,-1.0,-1.0,1.3896962716066517,1.3896962716066517,416.3726478844352,358.1989034589917,353.7920782905848,0.03858457615410175,0.0,-0.04263018122017737,0.0562447482740509,0.721552125164398
