target_id,prot_ps,prot_acf,prot_cs,e_prot_ps,E_prot_ps,e_prot_acf,E_prot_acf,e_prot_cs,E_prot_cs,sph_ps,sph_acf,sph_cs,h_ps,fa_prob_ps,hacf,gacf,hcs
10423825,15.020068930298141,15.325438231229782,15.169118761271237,1.5362517031633462,1.926368905813824,-1.0,-1.0,0.9242671780178106,0.9242671780178106,1483.7696652632735,1525.3100522904608,1509.8123538751308,0.041149553636146766,0.0,0.3382521949198619,0.6041796673819171,0.9828125056628891
