target_id,prot_ps,prot_acf,prot_cs,e_prot_ps,E_prot_ps,e_prot_acf,E_prot_acf,e_prot_cs,E_prot_cs,sph_ps,sph_acf,sph_cs,h_ps,fa_prob_ps,hacf,gacf,hcs
10486315,52.57028083809064,13.71116904867813,13.043388117961584,5.030275281058181,6.235520908533303,-1.0,-1.0,1.5867596867470224,1.5867596867470224,514.8113329576622,482.95254875885934,485.39344113713355,0.028117389034099768,0.0,0.2340772875523244,0.29606472270938106,0.344845105340286
