target_id,prot_ps,prot_acf,prot_cs,e_prot_ps,E_prot_ps,e_prot_acf,E_prot_acf,e_prot_cs,E_prot_cs,sph_ps,sph_acf,sph_cs,h_ps,fa_prob_ps,hacf,gacf,hcs
10490558,4.0438688711832445,4.005052056163549,52.57643909990452,0.05623348669951511,0.05784409987740524,-1.0,-1.0,0.5559275203966649,0.5559275203966649,333.4112534015021,332.4646921223093,380.25554252717956,0.3835157843888995,0.0,0.8566583377678888,1.2362841168267056,0.048381654951432346
