target_id,prot_ps,prot_acf,prot_cs,e_prot_ps,E_prot_ps,e_prot_acf,E_prot_acf,e_prot_cs,E_prot_cs,sph_ps,sph_acf,sph_cs,h_ps,fa_prob_ps,hacf,gacf,hcs
10427522,9.257424321001096,9.215709877200425,9.305619241856041,0.5058565222269245,0.5681311922200187,-1.0,-1.0,0.5544567834487828,0.5544567834487828,1869.8854670090755,1934.2528670123393,1864.6785781005262,0.061317215887542076,0.0,0.6144790436504242,0.8914058692156102,0.6143144084178762
