target_id,prot_ps,prot_acf,prot_cs,e_prot_ps,E_prot_ps,e_prot_acf,E_prot_acf,e_prot_cs,E_prot_cs,sph_ps,sph_acf,sph_cs,h_ps,fa_prob_ps,hacf,gacf,hcs
10421526,19.22554017882876,19.02391966478899,19.061143982613615,2.5157209108658947,3.3954431266124807,-1.0,-1.0,0.9217119739878219,0.9217119739878219,2403.8510238277017,2372.4396186902045,2383.221190924628,0.07027227496037566,0.0,0.3070916212577726,0.5718680879973783,0.984980142610904
