target_id,prot_ps,prot_acf,prot_cs,e_prot_ps,E_prot_ps,e_prot_acf,E_prot_acf,e_prot_cs,E_prot_cs,sph_ps,sph_acf,sph_cs,h_ps,fa_prob_ps,hacf,gacf,hcs
10471235,63.998799632776176,21.230627064127475,50.88624793634955,2.2195418026443363,2.3861023139003947,-1.0,-1.0,1.6043718968350962,1.6043718968350962,171.02640590572793,157.77734157587628,165.93270596004868,0.045368109000315966,0.0,-0.32171233895597984,0.0010167896138891241,0.3196764080142122
