target_id,prot_ps,prot_acf,prot_cs,e_prot_ps,E_prot_ps,e_prot_acf,E_prot_acf,e_prot_cs,E_prot_cs,sph_ps,sph_acf,sph_cs,h_ps,fa_prob_ps,hacf,gacf,hcs
10546277,73.04901644656339,26.31884453818202,31.452653933968392,27.469969569888953,114.27625657865653,-1.0,-1.0,4.3744544906362055,4.3744544906362055,321.5642930374568,281.6385005095563,283.10922090888096,0.07276291589253071,0.0,-0.47489286122600466,0.00014544341685837625,0.19458191782260492
