target_id,prot_ps,prot_acf,prot_cs,e_prot_ps,E_prot_ps,e_prot_acf,E_prot_acf,e_prot_cs,E_prot_cs,sph_ps,sph_acf,sph_cs,h_ps,fa_prob_ps,hacf,gacf,hcs
10557072,12.074218287615215,8.398327327799052,12.057297917428338,0.23579153053570678,0.24535379139016378,-1.0,-1.0,0.20698067752267124,0.20698067752267124,1085.6992364552889,1042.2719937736065,1085.172579822022,0.036263634160913806,0.0,0.18679405083726366,0.12593656180735502,0.6734683777389534
