target_id,prot_ps,prot_acf,prot_cs,e_prot_ps,E_prot_ps,e_prot_acf,E_prot_acf,e_prot_cs,E_prot_cs,sph_ps,sph_acf,sph_cs,h_ps,fa_prob_ps,hacf,gacf,hcs
10552320,76.8939193633997,4.495459524914622,4.652800608286635,8.39602084441185,10.771905933189771,-1.0,-1.0,0.38845121212068806,0.38845121212068806,740.5847776148655,623.3816652054514,636.9980449421508,0.02198003606998088,0.0,0.507988303981366,0.427712598016187,0.34187134008396264
