target_id,prot_ps,prot_acf,prot_cs,e_prot_ps,E_prot_ps,e_prot_acf,E_prot_acf,e_prot_cs,E_prot_cs,sph_ps,sph_acf,sph_cs,h_ps,fa_prob_ps,hacf,gacf,hcs
10538626,28.306861971456385,29.93543693330139,28.60438276140019,3.8036696758698447,5.182520512589669,-1.0,-1.0,1.7360525542693725,1.7360525542693725,237.4466386568227,243.14449541911966,238.6883573068535,0.054206764961156624,0.0,0.19413527330916655,0.473806990219957,0.8544015664430422
