target_id,prot_ps,prot_acf,prot_cs,e_prot_ps,E_prot_ps,e_prot_acf,E_prot_acf,e_prot_cs,E_prot_cs,sph_ps,sph_acf,sph_cs,h_ps,fa_prob_ps,hacf,gacf,hcs
10526682,73.59867844693969,17.12343528587371,64.59703576279855,9.7725854790867,13.354536584451225,-1.0,-1.0,18.768679758507265,18.768679758507265,741.6057211099887,727.8630931339102,736.1344302880079,0.060955427472352434,0.0,0.10743285246261151,0.29493496263174857,0.7238139820323607
