target_id,prot_ps,prot_acf,prot_cs,e_prot_ps,E_prot_ps,e_prot_acf,E_prot_acf,e_prot_cs,E_prot_cs,sph_ps,sph_acf,sph_cs,h_ps,fa_prob_ps,hacf,gacf,hcs
10593097,73.04928259972418,7.417423360515386,73.1290512225358,12.263536065896915,18.556323504587382,-1.0,-1.0,6.155027948645305,6.155027948645305,1698.0361489678216,1496.289902054292,1697.9265202628399,0.12129721286733795,0.0,0.7053687865858103,0.555093588878547,0.2728073165412517
