target_id,prot_ps,prot_acf,prot_cs,e_prot_ps,E_prot_ps,e_prot_acf,E_prot_acf,e_prot_cs,E_prot_cs,sph_ps,sph_acf,sph_cs,h_ps,fa_prob_ps,hacf,gacf,hcs
10591561,63.521200100229464,19.514150316827,45.67454756522233,15.886419069097222,31.470141628020272,-1.0,-1.0,1.0429758662061712,1.0429758662061712,944.9629853770123,933.8863469376524,940.3601658416686,0.048916251087596396,0.0,-0.1354182391359275,0.0066365061504916195,0.7018923188410656
