target_id,prot_ps,prot_acf,prot_cs,e_prot_ps,E_prot_ps,e_prot_acf,E_prot_acf,e_prot_cs,E_prot_cs,sph_ps,sph_acf,sph_cs,h_ps,fa_prob_ps,hacf,gacf,hcs
10527775,18.39940540221249,18.61511825490743,18.594888872830193,2.275195649288875,3.0128606886932445,-1.0,-1.0,1.1356011382849365,1.1356011382849365,263.05718515268006,262.6516838029799,262.59107143232876,0.09302992033720385,0.0,0.29136485592268185,0.6919098007800798,0.9651209682011804
