target_id,prot_ps,prot_acf,prot_cs,e_prot_ps,E_prot_ps,e_prot_acf,E_prot_acf,e_prot_cs,E_prot_cs,sph_ps,sph_acf,sph_cs,h_ps,fa_prob_ps,hacf,gacf,hcs
10538715,46.76861967909402,7.315285335294902,52.51557520424948,4.251840823655101,5.196713498498028,-1.0,-1.0,4.210935329296691,4.210935329296691,336.53824510500635,308.10271189312886,336.53824510500635,0.21550390827979152,1.577914166433886e-237,0.032745030942104444,0.0010528406995365704,6.299892445346241
