target_id,prot_ps,prot_acf,prot_cs,e_prot_ps,E_prot_ps,e_prot_acf,E_prot_acf,e_prot_cs,E_prot_cs,sph_ps,sph_acf,sph_cs,h_ps,fa_prob_ps,hacf,gacf,hcs
10593632,45.99866670940034,2.411186896264553,2.502880894181118,2.1514060548700087,2.375854683573536,-1.0,-1.0,0.041110321757639866,0.041110321757639866,152.69730281985724,130.14997748599905,129.72263886584946,0.036972669005502334,0.0,0.4902540296704695,0.17648640057641213,0.5325458892044426
