target_id,prot_ps,prot_acf,prot_cs,e_prot_ps,E_prot_ps,e_prot_acf,E_prot_acf,e_prot_cs,E_prot_cs,sph_ps,sph_acf,sph_cs,h_ps,fa_prob_ps,hacf,gacf,hcs
10526834,52.178137073634915,23.621320262551308,28.71772998680525,12.268967999791371,22.95709409955513,-1.0,-1.0,0.4605512767307339,0.4605512767307339,233.751669162331,233.32726502241755,232.25834032408324,0.03706687843082191,0.0,-0.23135375896309185,0.009461402327611529,0.31905082538850665
