target_id,prot_ps,prot_acf,prot_cs,e_prot_ps,E_prot_ps,e_prot_acf,E_prot_acf,e_prot_cs,E_prot_cs,sph_ps,sph_acf,sph_cs,h_ps,fa_prob_ps,hacf,gacf,hcs
10582625,63.44033055324461,25.235375305637717,31.546997883804423,7.790537262320321,10.360556898421677,-1.0,-1.0,6.562078044503246,6.562078044503246,1282.527152204832,1163.814105533032,1226.2035488017207,0.15165830257688942,0.0,-0.376512486873339,0.0017649188002364646,0.21149857139899905
