target_id,prot_ps,prot_acf,prot_cs,e_prot_ps,E_prot_ps,e_prot_acf,E_prot_acf,e_prot_cs,E_prot_cs,sph_ps,sph_acf,sph_cs,h_ps,fa_prob_ps,hacf,gacf,hcs
10579889,91.31151438498459,27.217625990509987,47.611842185966665,2.287228062246143,2.4078786035654502,-1.0,-1.0,7.891490112382537,7.891490112382537,1273.9477228677915,1260.5971387095472,1267.1568452770468,0.08845345875392055,0.0,-0.2546023734360293,0.0032203293002488476,0.2823349496073954
