target_id,prot_ps,prot_acf,prot_cs,e_prot_ps,E_prot_ps,e_prot_acf,E_prot_acf,e_prot_cs,E_prot_cs,sph_ps,sph_acf,sph_cs,h_ps,fa_prob_ps,hacf,gacf,hcs
10553694,45.65576925684189,11.708650818094611,30.73040642005338,0.46462788865393634,0.47418769069010125,-1.0,-1.0,8.173783051921747,8.173783051921747,525.0575549764236,481.40943184617464,518.0268550590073,0.04619018617288958,0.0,-0.10908685471128315,0.010930847410446594,0.4894915235778864
