target_id,prot_ps,prot_acf,prot_cs,e_prot_ps,E_prot_ps,e_prot_acf,E_prot_acf,e_prot_cs,E_prot_cs,sph_ps,sph_acf,sph_cs,h_ps,fa_prob_ps,hacf,gacf,hcs
10534721,21.805792268995056,21.2306222259067,21.133357777595517,3.148782195302008,4.4321359251808765,-1.0,-1.0,0.8341099018012293,0.8341099018012293,670.3885160060654,657.4215324680232,658.235878606433,0.03530406915342197,0.0,0.16299520495009873,0.33405296940813156,0.9060339867001928
