target_id,prot_ps,prot_acf,prot_cs,e_prot_ps,E_prot_ps,e_prot_acf,E_prot_acf,e_prot_cs,E_prot_cs,sph_ps,sph_acf,sph_cs,h_ps,fa_prob_ps,hacf,gacf,hcs
10578030,13.281679347583816,13.118410103023052,13.276696180337849,0.8874081887118219,1.025864151547994,-1.0,-1.0,0.13975377809471967,0.13975377809471967,1450.0402137685248,1452.3577361075154,1449.9851604926057,0.16866364883768162,0.0,0.4643146730376835,0.8140207367843209,0.735174684069231
