target_id,prot_ps,prot_acf,prot_cs,e_prot_ps,E_prot_ps,e_prot_acf,E_prot_acf,e_prot_cs,E_prot_cs,sph_ps,sph_acf,sph_cs,h_ps,fa_prob_ps,hacf,gacf,hcs
10525584,95.3768601812259,12.607611685059965,38.35492939598859,1.7982684634565231,1.8688004161996759,-1.0,-1.0,6.796314902989168,6.796314902989168,709.1526994807974,711.0423337055304,713.1389943912382,0.04234378977451529,0.0,-0.013791288641226392,0.00040246109103673176,5.697998296460634
