target_id,prot_ps,prot_acf,prot_cs,e_prot_ps,E_prot_ps,e_prot_acf,E_prot_acf,e_prot_cs,E_prot_cs,sph_ps,sph_acf,sph_cs,h_ps,fa_prob_ps,hacf,gacf,hcs
10644934,52.692403831928225,29.32231297949329,74.50319536901078,9.673077207128138,15.196842068070133,-1.0,-1.0,8.004679408654477,8.004679408654477,416.8026288270602,403.1446586002616,415.9175636012566,0.10398245218061183,0.0,-0.33272164818381744,0.0011807730192132382,0.09794570565790152
