target_id,prot_ps,prot_acf,prot_cs,e_prot_ps,E_prot_ps,e_prot_acf,E_prot_acf,e_prot_cs,E_prot_cs,sph_ps,sph_acf,sph_cs,h_ps,fa_prob_ps,hacf,gacf,hcs
10667611,60.87442684407873,18.410747077781707,26.788147840211163,1.237090830850029,1.2889552766756438,-1.0,-1.0,4.39914188234869,4.39914188234869,517.9384896772225,514.0922425811027,514.9827265257608,0.02835449842619842,0.0,-0.21281950602334085,0.003809857937638314,0.25684447069498956
