target_id,prot_ps,prot_acf,prot_cs,e_prot_ps,E_prot_ps,e_prot_acf,E_prot_acf,e_prot_cs,E_prot_cs,sph_ps,sph_acf,sph_cs,h_ps,fa_prob_ps,hacf,gacf,hcs
10687245,73.04865177247889,26.421204831451178,46.56875281266869,2.599236582002817,2.7962397457349653,-1.0,-1.0,2.3556793265745153,2.3556793265745153,154.62375620944493,147.8465714521046,152.62511120779217,0.10728148672928002,0.0,-0.40682944853701825,0.00021494010273920283,0.08490613421873261
