target_id,prot_ps,prot_acf,prot_cs,e_prot_ps,E_prot_ps,e_prot_acf,E_prot_acf,e_prot_cs,E_prot_cs,sph_ps,sph_acf,sph_cs,h_ps,fa_prob_ps,hacf,gacf,hcs
10617095,83.68754342277816,14.508044826798141,37.10749189375899,3.1882212799344387,3.449929157085336,-1.0,-1.0,8.861131054755237,8.861131054755237,1020.6066229655831,972.5085304681448,1004.2684839357182,0.017313768050807667,2.908176259183344e-259,-0.0901348750115533,0.01037611730189536,0.48314778351670923
