target_id,prot_ps,prot_acf,prot_cs,e_prot_ps,E_prot_ps,e_prot_acf,E_prot_acf,e_prot_cs,E_prot_cs,sph_ps,sph_acf,sph_cs,h_ps,fa_prob_ps,hacf,gacf,hcs
10667335,73.04928112381266,25.623825570568442,36.90076086234173,26.80241927298959,103.54646938028105,-1.0,-1.0,9.391557046900596,9.391557046900596,681.1916678091161,674.2935291971212,669.5859616521119,0.03856954964029453,0.0,-0.2503721996741293,0.00317568262522,0.281023420924026
