target_id,prot_ps,prot_acf,prot_cs,e_prot_ps,E_prot_ps,e_prot_acf,E_prot_acf,e_prot_cs,E_prot_cs,sph_ps,sph_acf,sph_cs,h_ps,fa_prob_ps,hacf,gacf,hcs
10617247,45.99854347354081,1.6960233580321074,74.31872184814884,7.832371270573887,11.938755930278631,-1.0,-1.0,7.331172961223317,7.331172961223317,338.46050140941037,205.44343167849647,340.2550307525678,0.09112343143004421,0.0,0.7587045642076798,0.09647650663953844,0.1417054691203249
