target_id,prot_ps,prot_acf,prot_cs,e_prot_ps,E_prot_ps,e_prot_acf,E_prot_acf,e_prot_cs,E_prot_cs,sph_ps,sph_acf,sph_cs,h_ps,fa_prob_ps,hacf,gacf,hcs
10610954,52.17790416727939,24.030265789479017,33.79322236920558,1.1606485404973625,1.2141224296447817,-1.0,-1.0,6.670910357136053,6.670910357136053,734.4955441849228,682.4693226436083,719.8700274899461,0.04336113571561395,0.0,-0.24972790504707543,0.001571398216459477,0.1647019266132712
