target_id,prot_ps,prot_acf,prot_cs,e_prot_ps,E_prot_ps,e_prot_acf,E_prot_acf,e_prot_cs,E_prot_cs,sph_ps,sph_acf,sph_cs,h_ps,fa_prob_ps,hacf,gacf,hcs
10615416,52.17793014621442,12.709890980273485,25.494406648663883,4.592707039101292,5.562062202764707,-1.0,-1.0,3.8251240334775316,3.8251240334775316,530.5522708644179,490.31680652161447,513.3953170411335,0.054670338037259285,0.0,-0.06453447053796517,0.00294754085254334,1.4262233743734505
