target_id,prot_ps,prot_acf,prot_cs,e_prot_ps,E_prot_ps,e_prot_acf,E_prot_acf,e_prot_cs,E_prot_cs,sph_ps,sph_acf,sph_cs,h_ps,fa_prob_ps,hacf,gacf,hcs
10681783,97.39891523929005,20.822141672950238,28.804309733005866,1.3816492303594288,1.4216123384936168,-1.0,-1.0,2.8163926367422776,2.8163926367422776,319.4670436770102,308.7028147914783,314.82588525470584,0.022896037305839768,0.0,-0.21511037148645998,0.0010368774899454647,0.2840035144818427
