target_id,prot_ps,prot_acf,prot_cs,e_prot_ps,E_prot_ps,e_prot_acf,E_prot_acf,e_prot_cs,E_prot_cs,sph_ps,sph_acf,sph_cs,h_ps,fa_prob_ps,hacf,gacf,hcs
10728232,42.970173105869115,21.3123250012286,61.569599732625626,10.43749409089861,20.108601095756534,-1.0,-1.0,2.4078454384278825,2.4078454384278825,461.92304284104193,459.529565147676,463.529169859354,0.052595916741978,0.0,-0.3064458424049021,0.003275191515807324,0.08329735767000274
