target_id,prot_ps,prot_acf,prot_cs,e_prot_ps,E_prot_ps,e_prot_acf,E_prot_acf,e_prot_cs,E_prot_cs,sph_ps,sph_acf,sph_cs,h_ps,fa_prob_ps,hacf,gacf,hcs
10735429,73.04947482215381,19.922849955037236,26.788161881081756,1.9794555151443092,2.0916803991413246,-1.0,-1.0,4.398523080879332,4.398523080879332,686.5568627576448,674.5775341851836,680.4600635849276,0.06688749870926124,0.0,-0.08100546791314744,0.02202177715323645,0.6833373810891502
