target_id,prot_ps,prot_acf,prot_cs,e_prot_ps,E_prot_ps,e_prot_acf,E_prot_acf,e_prot_cs,E_prot_cs,sph_ps,sph_acf,sph_cs,h_ps,fa_prob_ps,hacf,gacf,hcs
10728138,41.74245126556443,1.7981634438037872,86.34944326549767,8.108739010307303,13.17696470746592,-1.0,-1.0,6.853326748256396,6.853326748256396,632.8322571189941,564.8134680980227,637.7897784228054,0.016181395142644592,1.7115754665915103e-248,0.5565824076075723,0.024976259626690755,0.08073830773281222
