target_id,prot_ps,prot_acf,prot_cs,e_prot_ps,E_prot_ps,e_prot_acf,E_prot_acf,e_prot_cs,E_prot_cs,sph_ps,sph_acf,sph_cs,h_ps,fa_prob_ps,hacf,gacf,hcs
10784724,27.055231554386168,23.130868477746844,27.122114135372158,0.270747931613986,0.27624729900303535,-1.0,-1.0,0.4543623869694978,0.4543623869694978,323.2435863315663,324.07021409446486,323.68109651148814,0.054227529651266045,0.0,-0.14619611989613363,0.03468287699587212,1.1685461554448227
