target_id,prot_ps,prot_acf,prot_cs,e_prot_ps,E_prot_ps,e_prot_acf,E_prot_acf,e_prot_cs,E_prot_cs,sph_ps,sph_acf,sph_cs,h_ps,fa_prob_ps,hacf,gacf,hcs
10717972,47.12848073909786,26.318521860986948,28.913797840462063,9.518313735982709,15.860978128365666,-1.0,-1.0,4.348890609242943,4.348890609242943,268.5493103063732,258.4221144320828,261.3222378004786,0.05427042880489309,0.0,-0.42920489487808117,0.000674375066791133,0.12803382084874798
