target_id,prot_ps,prot_acf,prot_cs,e_prot_ps,E_prot_ps,e_prot_acf,E_prot_acf,e_prot_cs,E_prot_cs,sph_ps,sph_acf,sph_cs,h_ps,fa_prob_ps,hacf,gacf,hcs
10709622,91.31157610365638,28.42323095817119,37.5019651203215,1.3536466028957648,1.395051318954799,-1.0,-1.0,5.927871792860963,5.927871792860963,683.0524579743378,663.1116675806304,668.0755563675259,0.07274449098925719,0.0,-0.410667670197528,0.0008678813692402088,0.133788737269248
