target_id,prot_ps,prot_acf,prot_cs,e_prot_ps,E_prot_ps,e_prot_acf,E_prot_acf,e_prot_cs,E_prot_cs,sph_ps,sph_acf,sph_cs,h_ps,fa_prob_ps,hacf,gacf,hcs
10750347,2.124053093543413,2.2068624515086412,2.1194864504841373,0.073736133562325,0.07917849560445234,-1.0,-1.0,0.07278910331613554,0.07278910331613554,1062.8637013098664,1078.7835665011917,1072.1280597525772,0.20448975138368589,0.0,0.8837513019454282,1.4879587393667086,0.04910326929821596
