target_id,prot_ps,prot_acf,prot_cs,e_prot_ps,E_prot_ps,e_prot_acf,E_prot_acf,e_prot_cs,E_prot_cs,sph_ps,sph_acf,sph_cs,h_ps,fa_prob_ps,hacf,gacf,hcs
10784583,44.96815129162583,14.405667688697577,63.53490855302414,4.087588722011681,4.995886804324321,-1.0,-1.0,3.8796636786801413,3.8796636786801413,2667.6173487427245,2707.8174518896044,2667.6173487427245,0.21336720351679273,1.1279464475147509e-225,-0.10738416967540329,0.055886336775255036,2.0545359575342688
