target_id,prot_ps,prot_acf,prot_cs,e_prot_ps,E_prot_ps,e_prot_acf,E_prot_acf,e_prot_cs,E_prot_cs,sph_ps,sph_acf,sph_cs,h_ps,fa_prob_ps,hacf,gacf,hcs
10776637,8.854354256762628,8.909101601690054,8.878334285231226,0.30353326225692356,0.32574461893018025,-1.0,-1.0,0.1292529713452892,0.1292529713452892,3587.224446344059,3594.6506017058196,3585.6145123798206,0.13751191052515302,0.0,0.6267136796014184,0.9586032066720032,0.4710165253760646
