target_id,prot_ps,prot_acf,prot_cs,e_prot_ps,E_prot_ps,e_prot_acf,E_prot_acf,e_prot_cs,E_prot_cs,sph_ps,sph_acf,sph_cs,h_ps,fa_prob_ps,hacf,gacf,hcs
10709515,52.69244858853528,13.016234977636486,53.576212656144044,8.95610564674574,13.49907848245455,-1.0,-1.0,7.92684927952332,7.92684927952332,1122.6796332110655,1058.1696124606578,1115.692687285875,0.05365719629993364,0.0,0.05641755625477467,0.0004296511520707168,0.9818599588884579
