target_id,prot_ps,prot_acf,prot_cs,e_prot_ps,E_prot_ps,e_prot_acf,E_prot_acf,e_prot_cs,E_prot_cs,sph_ps,sph_acf,sph_cs,h_ps,fa_prob_ps,hacf,gacf,hcs
10718221,37.742805557264326,22.313568050041795,27.04661911911797,7.820658793436873,13.261520133042929,-1.0,-1.0,3.182200352329604,3.182200352329604,172.32646337974626,166.7855390540241,170.7374067060535,0.05895054954068738,0.0,-0.39041113600872634,0.0036675433333360485,0.11584833319172126
