target_id,prot_ps,prot_acf,prot_cs,e_prot_ps,E_prot_ps,e_prot_acf,E_prot_acf,e_prot_cs,E_prot_cs,sph_ps,sph_acf,sph_cs,h_ps,fa_prob_ps,hacf,gacf,hcs
10779880,33.20423787175296,29.83317914418876,92.21067867150529,8.391861312684295,17.144581272575387,-1.0,-1.0,5.045740048484857,5.045740048484857,747.5549459959134,744.5340400206602,763.0346489788913,0.06305008875269157,0.0,0.15433627293811572,0.3995620916964794,0.6866720369998092
