target_id,prot_ps,prot_acf,prot_cs,e_prot_ps,E_prot_ps,e_prot_acf,E_prot_acf,e_prot_cs,E_prot_cs,sph_ps,sph_acf,sph_cs,h_ps,fa_prob_ps,hacf,gacf,hcs
10788468,60.87449712762592,22.027534313499928,34.71576103815366,13.168135104124111,23.387506292955656,-1.0,-1.0,0.9986778691191547,0.9986778691191547,557.5408048884285,551.755535171151,556.3619897420429,0.03292271977838153,0.0,-0.24587957297844928,0.0025787685417483913,0.19942745493178246
