target_id,prot_ps,prot_acf,prot_cs,e_prot_ps,E_prot_ps,e_prot_acf,E_prot_acf,e_prot_cs,E_prot_cs,sph_ps,sph_acf,sph_cs,h_ps,fa_prob_ps,hacf,gacf,hcs
10734053,34.441609946211926,18.30860537290573,45.49586266612276,8.470992441534761,16.735916396339768,-1.0,-1.0,14.910005883467015,14.910005883467015,989.7297121953941,968.2888046184336,975.6366806855418,0.03870677066573474,0.0,-0.36382892042923615,0.000700615975940927,0.2017619605189173
