target_id,prot_ps,prot_acf,prot_cs,e_prot_ps,E_prot_ps,e_prot_acf,E_prot_acf,e_prot_cs,E_prot_cs,sph_ps,sph_acf,sph_cs,h_ps,fa_prob_ps,hacf,gacf,hcs
10778226,45.99924323102828,19.820712660439312,45.83660699728206,8.146684658140991,12.546243359814767,-1.0,-1.0,1.1167549924548086,1.1167549924548086,221.092372829444,216.54784752151437,217.6502410168053,0.05006355201411341,0.0,-0.2106337844392032,0.00029387867462639383,0.37568750532659934
