target_id,prot_ps,prot_acf,prot_cs,e_prot_ps,E_prot_ps,e_prot_acf,E_prot_acf,e_prot_cs,E_prot_cs,sph_ps,sph_acf,sph_cs,h_ps,fa_prob_ps,hacf,gacf,hcs
10874182,91.99813620840276,32.83732585469261,37.01527361244806,3.265347906780761,3.512174351843541,-1.0,-1.0,1.2329005728545785,1.2329005728545785,200.16893018842697,196.94395512603703,201.43086226117995,0.04859194922106033,0.0,-0.32356564739175947,0.0007192872194492494,0.37606517436265646
