target_id,prot_ps,prot_acf,prot_cs,e_prot_ps,E_prot_ps,e_prot_acf,E_prot_acf,e_prot_cs,E_prot_cs,sph_ps,sph_acf,sph_cs,h_ps,fa_prob_ps,hacf,gacf,hcs
10865307,10.586854716433319,10.605078791733831,10.63211145267241,0.4250941942053963,0.4618094194980884,-1.0,-1.0,0.0770577008795733,0.0770577008795733,7967.664128357805,7953.23270563608,7953.256862086354,0.15296173529816012,0.0,0.6658424799192713,1.054765781076406,0.9745360443140297
