target_id,prot_ps,prot_acf,prot_cs,e_prot_ps,E_prot_ps,e_prot_acf,E_prot_acf,e_prot_cs,E_prot_cs,sph_ps,sph_acf,sph_cs,h_ps,fa_prob_ps,hacf,gacf,hcs
10855545,95.37628928400014,1.0012633563019335,81.75648733791304,3.611236998673519,3.9103106849102716,-1.0,-1.0,9.167824073110369,9.167824073110369,629.1352375988272,498.35232867405495,640.0727347532624,0.022601668346426233,1.9068439202696863e-296,0.5476873493038843,0.009405142825918866,0.08702513220641754
