target_id,prot_ps,prot_acf,prot_cs,e_prot_ps,E_prot_ps,e_prot_acf,E_prot_acf,e_prot_cs,E_prot_cs,sph_ps,sph_acf,sph_cs,h_ps,fa_prob_ps,hacf,gacf,hcs
10843203,95.37692203419512,17.307381125632674,41.7508386509167,4.118485701757265,4.5114318548802,-1.0,-1.0,6.8211623190429425,6.8211623190429425,1237.238795308981,1203.8769063332331,1227.1543137891213,0.08421456537990744,0.0,-0.02040772954154644,0.10258659119876729,3.5476312324380754
