target_id,prot_ps,prot_acf,prot_cs,e_prot_ps,E_prot_ps,e_prot_acf,E_prot_acf,e_prot_cs,E_prot_cs,sph_ps,sph_acf,sph_cs,h_ps,fa_prob_ps,hacf,gacf,hcs
10858656,76.89400486089492,18.717250594869256,36.17006509060041,2.8381418050246197,3.06679525702188,-1.0,-1.0,7.101917908488576,7.101917908488576,632.5232555254015,621.6450282520746,629.3271049177937,0.03750387694943507,0.0,-0.1982974116798371,0.0023444159620949756,0.26566244084619656
