target_id,prot_ps,prot_acf,prot_cs,e_prot_ps,E_prot_ps,e_prot_acf,E_prot_acf,e_prot_cs,E_prot_cs,sph_ps,sph_acf,sph_cs,h_ps,fa_prob_ps,hacf,gacf,hcs
10815079,53.908537723202286,56.45920264720917,54.485276126861564,8.13063001330736,11.592479410665035,-1.0,-1.0,7.659349199330808,7.659349199330808,1812.5411458875642,2036.13320735909,1813.61196566707,0.08240912782949841,0.0,0.32183778322607753,0.6153403342083548,0.927926874264152
