target_id,prot_ps,prot_acf,prot_cs,e_prot_ps,E_prot_ps,e_prot_acf,E_prot_acf,e_prot_cs,E_prot_cs,sph_ps,sph_acf,sph_cs,h_ps,fa_prob_ps,hacf,gacf,hcs
10877598,16.792885321916447,16.817095057107508,16.98526600767858,1.7296313553549822,2.172728407036871,-1.0,-1.0,1.1844440697253804,1.1844440697253804,2739.4615829395075,2750.765768413256,2822.9827565558685,0.06354360883407337,0.0,0.4058056660289706,0.6218727405447304,0.8935575938295142
