target_id,prot_ps,prot_acf,prot_cs,e_prot_ps,E_prot_ps,e_prot_acf,E_prot_acf,e_prot_cs,E_prot_cs,sph_ps,sph_acf,sph_cs,h_ps,fa_prob_ps,hacf,gacf,hcs
10802049,29.219789247953134,27.319845931138843,28.989603014191104,6.086733065772165,10.50856024430458,-1.0,-1.0,2.2329956448623833,2.2329956448623833,831.3723815358719,841.6021596344516,831.9670629533296,0.04528113438823457,0.0,0.23901178271176837,0.5099841775891358,0.8155391855066783
