target_id,prot_ps,prot_acf,prot_cs,e_prot_ps,E_prot_ps,e_prot_acf,E_prot_acf,e_prot_cs,E_prot_cs,sph_ps,sph_acf,sph_cs,h_ps,fa_prob_ps,hacf,gacf,hcs
10859964,112.38352965715058,14.119670734275132,28.927956379903485,4.700972971558102,5.12547993027475,-1.0,-1.0,2.1078335392604854,2.1078335392604854,530.372871730215,523.4067697163357,532.92442122241,0.03293789140266752,0.0,-0.062352823282188476,0.0015322278597036491,1.0175586859726942
