target_id,prot_ps,prot_acf,prot_cs,e_prot_ps,E_prot_ps,e_prot_acf,E_prot_acf,e_prot_cs,E_prot_cs,sph_ps,sph_acf,sph_cs,h_ps,fa_prob_ps,hacf,gacf,hcs
10859099,49.05849722047009,22.620054548140615,23.89882085547109,2.4444747996110365,2.718052387654218,-1.0,-1.0,0.5679878311218396,0.5679878311218396,680.0626488011698,669.6581781844045,675.7892330672978,0.05612483918382617,0.0,-0.312849932285229,0.0012800929492252366,0.21202385636363613
