target_id,prot_ps,prot_acf,prot_cs,e_prot_ps,E_prot_ps,e_prot_acf,E_prot_acf,e_prot_cs,E_prot_cs,sph_ps,sph_acf,sph_cs,h_ps,fa_prob_ps,hacf,gacf,hcs
10809551,91.31136802542417,10.707366744056344,91.62976730219646,3.139848971160589,3.36924261761024,-1.0,-1.0,3.941911421235118,3.941911421235118,319.90674545850425,286.14729944350694,319.82825840553915,0.04939988609908656,0.0,0.11574481622837687,0.009739718959689406,0.9977330884223831
