target_id,prot_ps,prot_acf,prot_cs,e_prot_ps,E_prot_ps,e_prot_acf,E_prot_acf,e_prot_cs,E_prot_cs,sph_ps,sph_acf,sph_cs,h_ps,fa_prob_ps,hacf,gacf,hcs
10844456,121.74881152492208,30.527909802272916,46.04876862631021,2.3244472964716465,2.416726745018039,-1.0,-1.0,1.4656335045724487,1.4656335045724487,560.8411409707796,536.8339709251418,545.5492269465975,0.08475978995286053,0.0,-0.3154650470615257,0.000750920157125412,0.20570812840692546
