target_id,prot_ps,prot_acf,prot_cs,e_prot_ps,E_prot_ps,e_prot_acf,E_prot_acf,e_prot_cs,E_prot_cs,sph_ps,sph_acf,sph_cs,h_ps,fa_prob_ps,hacf,gacf,hcs
10816655,50.81044264659617,10.01260595396161,82.10664594333946,2.0015478718524236,2.170869277900323,-1.0,-1.0,8.890527391302438,8.890527391302438,933.8111860907493,820.185973044658,904.0591122280148,0.027472507976969134,0.0,0.08046404065645879,0.0005921772720097751,0.9923839341360178
