target_id,prot_ps,prot_acf,prot_cs,e_prot_ps,E_prot_ps,e_prot_acf,E_prot_acf,e_prot_cs,E_prot_cs,sph_ps,sph_acf,sph_cs,h_ps,fa_prob_ps,hacf,gacf,hcs
10903557,121.7487404572369,32.039983466267586,53.60771468351596,2.0256552054929813,2.095402308214929,-1.0,-1.0,7.343131777022071,7.343131777022071,1033.199004158947,967.7060297075691,979.0651650129831,0.07237466276250448,0.0,-0.3523323821573724,0.00021697078697213712,0.20065263980667453
