target_id,prot_ps,prot_acf,prot_cs,e_prot_ps,E_prot_ps,e_prot_acf,E_prot_acf,e_prot_cs,E_prot_cs,sph_ps,sph_acf,sph_cs,h_ps,fa_prob_ps,hacf,gacf,hcs
10914071,60.87440096747379,23.23308586422354,33.60092705740594,1.607145641806376,1.6957914418139879,-1.0,-1.0,4.4750891074228,4.4750891074228,434.8231849352379,434.69056039546246,433.458386407415,0.030813199828395445,0.0,-0.18582932263090357,0.0004812832582325455,0.5284094794170807
