target_id,prot_ps,prot_acf,prot_cs,e_prot_ps,E_prot_ps,e_prot_acf,E_prot_acf,e_prot_cs,E_prot_cs,sph_ps,sph_acf,sph_cs,h_ps,fa_prob_ps,hacf,gacf,hcs
10964141,8.854419647037567,8.909042520448565,8.866591484518208,0.5081505927070431,0.5732947533704245,-1.0,-1.0,0.09341331825901583,0.09341331825901583,4305.289628911693,4304.111066005079,4302.5013178782865,0.1478372214609403,0.0,0.6571619419935877,1.0147750034657412,0.43831523618357787
