target_id,prot_ps,prot_acf,prot_cs,e_prot_ps,E_prot_ps,e_prot_acf,E_prot_acf,e_prot_cs,E_prot_cs,sph_ps,sph_acf,sph_cs,h_ps,fa_prob_ps,hacf,gacf,hcs
10908913,52.570250201324775,3.3102492447942495,53.0750163324717,1.5782336977751896,1.6784379082350327,-1.0,-1.0,2.1394713194740422,2.1394713194740422,277.3684793352727,218.6163961874388,276.08930735638546,0.05764960411992696,0.0,0.38904426803590836,0.10565617394812533,0.34426722991919384
