target_id,prot_ps,prot_acf,prot_cs,e_prot_ps,E_prot_ps,e_prot_acf,E_prot_acf,e_prot_cs,E_prot_cs,sph_ps,sph_acf,sph_cs,h_ps,fa_prob_ps,hacf,gacf,hcs
10972370,73.5985862512357,9.011262805201113,12.886105811437593,2.1754807654070447,2.310718539762078,-1.0,-1.0,0.38845066640874437,0.38845066640874437,243.84961699003838,231.40091528199758,237.81003793021918,0.04005284321171672,0.0,0.14162096626105464,0.03145069284723735,0.9093817055320772
