target_id,prot_ps,prot_acf,prot_cs,e_prot_ps,E_prot_ps,e_prot_acf,E_prot_acf,e_prot_cs,E_prot_cs,sph_ps,sph_acf,sph_cs,h_ps,fa_prob_ps,hacf,gacf,hcs
10971974,29.439434501425247,29.42453160881996,29.506948870773375,1.9036497776674999,2.1896630965261537,-1.0,-1.0,1.1114306830099256,1.1114306830099256,329.6014198315046,329.56708570893835,329.74366079802155,0.06711896346633973,0.0,0.11263189478576394,0.35363648272171866,0.9867503268507759
