target_id,prot_ps,prot_acf,prot_cs,e_prot_ps,E_prot_ps,e_prot_acf,E_prot_acf,e_prot_cs,E_prot_cs,sph_ps,sph_acf,sph_cs,h_ps,fa_prob_ps,hacf,gacf,hcs
10923810,69.57079886002437,21.2306028730236,28.256484839979937,1.7910427590421278,1.8872420238059817,-1.0,-1.0,1.576909871599476,1.576909871599476,645.8936990822707,627.0122263024126,634.5953597785042,0.052100617187562454,0.0,-0.22954775516521533,0.00027692688541884614,0.31074525201033704
