target_id,prot_ps,prot_acf,prot_cs,e_prot_ps,E_prot_ps,e_prot_acf,E_prot_acf,e_prot_cs,E_prot_cs,sph_ps,sph_acf,sph_cs,h_ps,fa_prob_ps,hacf,gacf,hcs
10908345,28.646834937036424,28.831921383738518,28.341308745592837,2.0316269755942358,2.369241366037514,-1.0,-1.0,1.9564763415668767,1.9564763415668767,1408.5472326489587,1412.6234774830505,1421.8573636220117,0.0765823076339612,0.0,0.27720474488455094,0.5837356543742461,0.9795767417948599
