target_id,prot_ps,prot_acf,prot_cs,e_prot_ps,E_prot_ps,e_prot_acf,E_prot_acf,e_prot_cs,E_prot_cs,sph_ps,sph_acf,sph_cs,h_ps,fa_prob_ps,hacf,gacf,hcs
10902706,54.1105861258397,36.43324424279854,28.341304224519995,1.0780083688448983,1.1222779607789377,-1.0,-1.0,3.780260314330539,3.780260314330539,858.6312497447192,847.1458424875651,835.5627317121396,0.04872472081124712,0.0,-0.1488654132619104,0.001010233334429525,0.4656214923450024
