target_id,prot_ps,prot_acf,prot_cs,e_prot_ps,E_prot_ps,e_prot_acf,E_prot_acf,e_prot_cs,E_prot_cs,sph_ps,sph_acf,sph_cs,h_ps,fa_prob_ps,hacf,gacf,hcs
10978686,13.044522639100965,12.403246962931007,12.886094946018423,1.4134228210752031,1.8094696973628412,-1.0,-1.0,0.9819323531703159,0.9819323531703159,468.105325545543,466.43258445723933,464.34447527541994,0.022150431010356398,0.0,0.1823677535218572,0.313081817112723,0.6600266320407117
