target_id,prot_ps,prot_acf,prot_cs,e_prot_ps,E_prot_ps,e_prot_acf,E_prot_acf,e_prot_cs,E_prot_cs,sph_ps,sph_acf,sph_cs,h_ps,fa_prob_ps,hacf,gacf,hcs
10990374,65.25639379991871,12.607746147550642,54.58827138715423,16.67439570619422,34.46212033897439,-1.0,-1.0,9.211075341805733,9.211075341805733,779.8455440482654,706.6547131106757,774.8064486046384,0.03597032600745418,0.0,0.09111579001648784,0.07761940452353744,0.6740059656615797
