target_id,prot_ps,prot_acf,prot_cs,e_prot_ps,E_prot_ps,e_prot_acf,E_prot_acf,e_prot_cs,E_prot_cs,sph_ps,sph_acf,sph_cs,h_ps,fa_prob_ps,hacf,gacf,hcs
10964533,40.88797973517444,20.821879744064063,40.43837903071661,11.517981886197934,26.04453199942821,-1.0,-1.0,8.026444517532939,8.026444517532939,189.40140410489062,184.7814774877093,190.78793030155308,0.033062652452172984,0.0,-0.2468429819953173,0.00366870925775907,0.20748711583865592
