target_id,prot_ps,prot_acf,prot_cs,e_prot_ps,E_prot_ps,e_prot_acf,E_prot_acf,e_prot_cs,E_prot_cs,sph_ps,sph_acf,sph_cs,h_ps,fa_prob_ps,hacf,gacf,hcs
10927527,6.270328334066964,6.109671758487821,6.250868520531804,0.3197131713860655,0.3560089272343685,-1.0,-1.0,0.27523598057826054,0.27523598057826054,624.8041968457106,628.3961633419498,621.5524902444453,0.085126506105387,0.0,0.5990746286602162,0.6093099418569691,0.21419745501205686
