target_id,prot_ps,prot_acf,prot_cs,e_prot_ps,E_prot_ps,e_prot_acf,E_prot_acf,e_prot_cs,E_prot_cs,sph_ps,sph_acf,sph_cs,h_ps,fa_prob_ps,hacf,gacf,hcs
10959367,9.074446119793002,18.226838959380984,18.32814609626701,0.3050219918941952,0.3268521245189575,-1.0,-1.0,0.6109778810583588,0.6109778810583588,3083.855501231046,3135.1664068645655,3125.932684743466,0.14415069692746413,0.0,0.45505747761125404,0.7765680539803645,0.3471992144182925
