target_id,prot_ps,prot_acf,prot_cs,e_prot_ps,E_prot_ps,e_prot_acf,E_prot_acf,e_prot_cs,E_prot_cs,sph_ps,sph_acf,sph_cs,h_ps,fa_prob_ps,hacf,gacf,hcs
10921177,63.5211073891159,22.620073105674237,41.328528691367254,11.056582390139368,16.871053942512958,-1.0,-1.0,6.803827470798464,6.803827470798464,686.3381489434621,688.9060518195839,694.9872868433391,0.049040725545119304,0.0,-0.19931569739419303,0.007139676246453619,0.2696933755171307
