target_id,prot_ps,prot_acf,prot_cs,e_prot_ps,E_prot_ps,e_prot_acf,E_prot_acf,e_prot_cs,E_prot_cs,sph_ps,sph_acf,sph_cs,h_ps,fa_prob_ps,hacf,gacf,hcs
10972910,48.76414760283328,27.831460718996823,71.88424923722766,4.433149582295357,5.418299766503026,-1.0,-1.0,6.3276599895632755,6.3276599895632755,2116.550716782169,2116.550716782169,2116.550716782169,0.5534920403886959,0.0,-0.237489675389462,0.041343682139016416,0.612786201880376
