target_id,prot_ps,prot_acf,prot_cs,e_prot_ps,E_prot_ps,e_prot_acf,E_prot_acf,e_prot_cs,E_prot_cs,sph_ps,sph_acf,sph_cs,h_ps,fa_prob_ps,hacf,gacf,hcs
11017853,47.128490182199585,18.71718106791377,25.467217742558564,7.44975058331017,10.843649095939071,-1.0,-1.0,9.183606874995604,9.183606874995604,333.16372759524614,322.406255773664,325.77831408229054,0.03538834790138121,0.0,-0.20006236647744033,0.0026458509433344435,0.13948603425911976
