target_id,prot_ps,prot_acf,prot_cs,e_prot_ps,E_prot_ps,e_prot_acf,E_prot_acf,e_prot_cs,E_prot_cs,sph_ps,sph_acf,sph_cs,h_ps,fa_prob_ps,hacf,gacf,hcs
11084804,91.31167175740796,6.007504429668188,88.82046533127934,1.3656782159884813,1.4077268024212657,-1.0,-1.0,7.883096374014994,7.883096374014994,352.1527704845482,337.90205814308524,352.6624937201768,0.012575039260786236,9.599998142232977e-192,0.2854219125447762,0.05848627320258093,0.0719782371086762
