target_id,prot_ps,prot_acf,prot_cs,e_prot_ps,E_prot_ps,e_prot_acf,E_prot_acf,e_prot_cs,E_prot_cs,sph_ps,sph_acf,sph_cs,h_ps,fa_prob_ps,hacf,gacf,hcs
11026507,104.35630515120575,13.220587745774537,35.18781008904333,1.756990809519877,1.8182000755490577,-1.0,-1.0,3.9677151544994147,3.9677151544994147,874.7731723430734,852.2831740668477,873.0568472323464,0.025572875064837408,0.0,-0.1397613194028068,0.0006986350016775084,0.6880239339053605
