target_id,prot_ps,prot_acf,prot_cs,e_prot_ps,E_prot_ps,e_prot_acf,E_prot_acf,e_prot_cs,E_prot_cs,sph_ps,sph_acf,sph_cs,h_ps,fa_prob_ps,hacf,gacf,hcs
11068715,6.957087017888737,13.813164321705699,13.71129182640172,0.15239499197013728,0.15940093270973144,-1.0,-1.0,0.2521804808235034,0.2521804808235034,2518.3199986595973,2579.0135473183973,2584.476190545355,0.1636477935567445,0.0,0.655148631696153,0.9697426657608207,0.4245748915635708
