target_id,prot_ps,prot_acf,prot_cs,e_prot_ps,E_prot_ps,e_prot_acf,E_prot_acf,e_prot_cs,E_prot_cs,sph_ps,sph_acf,sph_cs,h_ps,fa_prob_ps,hacf,gacf,hcs
11091668,36.5246708103622,36.535437600687146,36.55580173224966,3.9401620165896674,5.010352990799284,-1.0,-1.0,0.6858721779469735,0.6858721779469735,6167.778609316325,6168.342895945259,6168.985693776171,0.5698879628411254,0.0,0.8126408949329124,1.5295974003109774,0.9901696315729002
