target_id,prot_ps,prot_acf,prot_cs,e_prot_ps,E_prot_ps,e_prot_acf,E_prot_acf,e_prot_cs,E_prot_cs,sph_ps,sph_acf,sph_cs,h_ps,fa_prob_ps,hacf,gacf,hcs
11069694,12.70422331676139,12.607576632872224,12.595320961497128,1.2537050046765899,1.5614808059325913,-1.0,-1.0,0.48237771531028056,0.48237771531028056,4401.379103267187,4414.183732735398,4419.375778962273,0.08236969880076259,0.0,0.5654383206917334,0.8760234783993551,0.9614853592575056
