target_id,prot_ps,prot_acf,prot_cs,e_prot_ps,E_prot_ps,e_prot_acf,E_prot_acf,e_prot_cs,E_prot_cs,sph_ps,sph_acf,sph_cs,h_ps,fa_prob_ps,hacf,gacf,hcs
11085540,92.25707331919618,0.7969153965823352,75.71860990034884,14.450756943400492,21.139330809695494,-1.0,-1.0,7.980748223316985,7.980748223316985,141.61303447367604,81.07256547540499,114.19060972034981,0.03280769953945728,2.603350230995791e-159,0.5271617172209991,0.0063857669851994925,0.03484875189919648
