target_id,prot_ps,prot_acf,prot_cs,e_prot_ps,E_prot_ps,e_prot_acf,E_prot_acf,e_prot_cs,E_prot_cs,sph_ps,sph_acf,sph_cs,h_ps,fa_prob_ps,hacf,gacf,hcs
11081971,29.219764331099018,28.52540904469788,29.09165622892693,5.445044054341292,8.64565441548616,-1.0,-1.0,0.5993654719550625,0.5993654719550625,1626.3271973087772,1649.8266702264057,1628.99583740127,0.12251257422564549,0.0,0.4439478091851272,0.8023993277239092,0.9825747031216875
