target_id,prot_ps,prot_acf,prot_cs,e_prot_ps,E_prot_ps,e_prot_acf,E_prot_acf,e_prot_cs,E_prot_cs,sph_ps,sph_acf,sph_cs,h_ps,fa_prob_ps,hacf,gacf,hcs
11098350,44.60449381290379,19.22834323020652,19.42042232304812,0.6526643939451517,0.672542849272709,-1.0,-1.0,2.086612805951627,2.086612805951627,623.2760371655601,557.4875687671653,551.1207512028444,0.06217919578181158,0.0,-0.3024682395878416,4.706384600763891e-05,0.43402646042752435
