target_id,prot_ps,prot_acf,prot_cs,e_prot_ps,E_prot_ps,e_prot_acf,E_prot_acf,e_prot_cs,E_prot_cs,sph_ps,sph_acf,sph_cs,h_ps,fa_prob_ps,hacf,gacf,hcs
11036322,2.206928490541205,2.206838211044669,2.2161193855516235,0.09028389073462417,0.09824149142172223,-1.0,-1.0,0.04964409099409644,0.04964409099409644,1119.8717168707535,1119.8717168707535,1121.2472388995075,0.062411833024592835,0.0,0.8491909629684266,1.2010471854808213,0.9971591077388915
