target_id,prot_ps,prot_acf,prot_cs,e_prot_ps,E_prot_ps,e_prot_acf,E_prot_acf,e_prot_cs,E_prot_cs,sph_ps,sph_acf,sph_cs,h_ps,fa_prob_ps,hacf,gacf,hcs
11067972,91.31159969860047,54.45573651464656,46.77599523002459,3.0242960623233444,3.241140121868085,-1.0,-1.0,1.6434356996494557,1.6434356996494557,634.4922888333307,627.21936237582,626.0659044083853,0.10335366206736465,0.0,-0.005695909683957018,0.20051311495812169,7.272157044819462
