target_id,prot_ps,prot_acf,prot_cs,e_prot_ps,E_prot_ps,e_prot_acf,E_prot_acf,e_prot_cs,E_prot_cs,sph_ps,sph_acf,sph_cs,h_ps,fa_prob_ps,hacf,gacf,hcs
11046870,10.36157638934103,10.114768717903644,10.36263207222637,0.42963144382350826,0.4684704146525167,-1.0,-1.0,0.11830845103645851,0.11830845103645851,1693.9902102767785,1675.2780639633354,1693.9902102767785,0.12602976708946623,0.0,0.4782902598791949,0.5189889005002898,0.47232806056504567
