target_id,prot_ps,prot_acf,prot_cs,e_prot_ps,E_prot_ps,e_prot_acf,E_prot_acf,e_prot_cs,E_prot_cs,sph_ps,sph_acf,sph_cs,h_ps,fa_prob_ps,hacf,gacf,hcs
11081305,73.59876659830515,12.914109401404858,52.86441843795405,0.8413007187864565,0.860900995246368,-1.0,-1.0,1.3200680888248153,1.3200680888248153,183.001725663444,177.97386940609945,179.6136024805271,0.02708867073814041,0.0,0.10110111727602071,0.16432256429123532,0.554722459794713
