target_id,prot_ps,prot_acf,prot_cs,e_prot_ps,E_prot_ps,e_prot_acf,E_prot_acf,e_prot_cs,E_prot_cs,sph_ps,sph_acf,sph_cs,h_ps,fa_prob_ps,hacf,gacf,hcs
11026877,26.563375482920996,28.321071012876928,26.788136851703744,2.5820157201870977,3.197384881589876,-1.0,-1.0,3.6318824477397116,3.6318824477397116,1006.0064972726847,995.7882850457466,1008.6026521349542,0.05018739999922578,0.0,0.3569118264419115,0.6185543045739315,0.8242197594520273
