target_id,prot_ps,prot_acf,prot_cs,e_prot_ps,E_prot_ps,e_prot_acf,E_prot_acf,e_prot_cs,E_prot_cs,sph_ps,sph_acf,sph_cs,h_ps,fa_prob_ps,hacf,gacf,hcs
11085247,92.83201003533317,29.220033437013626,46.03289392264303,1.8408017385395965,1.9168336417207712,-1.0,-1.0,8.150178613995791,8.150178613995791,351.1992224367595,261.67248248601203,311.4475516425555,0.08293540888443247,0.0,-0.2514833838955528,0.0003133519861134304,0.35450246506726174
