target_id,prot_ps,prot_acf,prot_cs,e_prot_ps,E_prot_ps,e_prot_acf,E_prot_acf,e_prot_cs,E_prot_cs,sph_ps,sph_acf,sph_cs,h_ps,fa_prob_ps,hacf,gacf,hcs
11186837,1.8900208179866247,1.7981638126075268,1.881328888940625,-1.0,-1.0,-1.0,-1.0,0.0850945771919715,0.0850945771919715,9751.01643935001,9716.851031000762,9706.714688574186,0.12172904213528903,0.0,0.8843809390412141,1.5489770313114346,0.07112200461257996
