target_id,prot_ps,prot_acf,prot_cs,e_prot_ps,E_prot_ps,e_prot_acf,E_prot_acf,e_prot_cs,E_prot_cs,sph_ps,sph_acf,sph_cs,h_ps,fa_prob_ps,hacf,gacf,hcs
11153346,17.317255495050205,17.511867019813508,17.48060312653426,1.2645411386071252,1.4782755688494866,-1.0,-1.0,0.563788458557823,0.563788458557823,2612.967827590104,2563.1507771274282,2565.7682821691933,0.13464513491146185,0.0,0.47817980522085424,0.8073932901589534,0.9506683537793238
