target_id,prot_ps,prot_acf,prot_cs,e_prot_ps,E_prot_ps,e_prot_acf,E_prot_acf,e_prot_cs,E_prot_cs,sph_ps,sph_acf,sph_cs,h_ps,fa_prob_ps,hacf,gacf,hcs
11199168,11.687919420550518,11.708508600946516,11.744634853627185,0.9231589693465025,1.0942938019960824,-1.0,-1.0,0.11858884660308422,0.11858884660308422,3100.9757782077886,3094.961040118085,3093.5661546661477,0.1426472854248779,0.0,0.4935769398552704,0.9173519882210674,0.9544701193351715
