target_id,prot_ps,prot_acf,prot_cs,e_prot_ps,E_prot_ps,e_prot_acf,E_prot_acf,e_prot_cs,E_prot_cs,sph_ps,sph_acf,sph_cs,h_ps,fa_prob_ps,hacf,gacf,hcs
11177543,45.65591849825946,35.12557463161647,24.318208981771956,1.9048320497898743,2.0763567933928115,-1.0,-1.0,0.3696959056318997,0.3696959056318997,581.8056732158898,553.8715657973901,543.1873934068531,0.043928886165705776,0.0,-0.04026059636413907,0.01781945598391845,4.45504757219463
