target_id,prot_ps,prot_acf,prot_cs,e_prot_ps,E_prot_ps,e_prot_acf,E_prot_acf,e_prot_cs,E_prot_cs,sph_ps,sph_acf,sph_cs,h_ps,fa_prob_ps,hacf,gacf,hcs
11198419,11.503826932565199,11.504161140415817,11.444352418277056,0.5234317456421369,0.5752574431863131,-1.0,-1.0,0.17853148281353712,0.17853148281353712,9401.112471485067,9399.958310402913,9500.527875953863,0.156609951630112,0.0,0.5519622666525471,0.8813445787543818,0.9967276974162543
