target_id,prot_ps,prot_acf,prot_cs,e_prot_ps,E_prot_ps,e_prot_acf,E_prot_acf,e_prot_cs,E_prot_cs,sph_ps,sph_acf,sph_cs,h_ps,fa_prob_ps,hacf,gacf,hcs
11193876,47.12866198704579,0.8990833815187216,91.5101201334531,9.220047816784913,15.049666090744807,-1.0,-1.0,3.6920253613740925,3.6920253613740925,817.548073336208,695.1738689762974,822.0120016738744,0.02945243258881929,0.0,0.6325039161070144,0.01719505912041225,0.11892632775775319
