target_id,prot_ps,prot_acf,prot_cs,e_prot_ps,E_prot_ps,e_prot_acf,E_prot_acf,e_prot_cs,E_prot_cs,sph_ps,sph_acf,sph_cs,h_ps,fa_prob_ps,hacf,gacf,hcs
11122491,45.65582923516784,20.127179997507483,45.44700004316292,0.7046784396202952,0.7273558281782186,-1.0,-1.0,1.4404018579809443,1.4404018579809443,955.3607937435421,931.559308718064,950.6150671370696,0.054047240378528164,0.0,-0.1420492289290025,0.0003959345049539542,1.4022648109735347
