target_id,prot_ps,prot_acf,prot_cs,e_prot_ps,E_prot_ps,e_prot_acf,E_prot_acf,e_prot_cs,E_prot_cs,sph_ps,sph_acf,sph_cs,h_ps,fa_prob_ps,hacf,gacf,hcs
11124841,59.977014142857286,2.206779571250081,65.76755567883792,11.520312576639398,18.59062493434876,-1.0,-1.0,8.433888969540709,8.433888969540709,792.72938880741,696.0448267281126,792.72938880741,0.10383603467974438,9.77261731821958e-206,0.5553127050543472,0.008811043333713575,0.35543691278544043
