target_id,prot_ps,prot_acf,prot_cs,e_prot_ps,E_prot_ps,e_prot_acf,E_prot_acf,e_prot_cs,E_prot_cs,sph_ps,sph_acf,sph_cs,h_ps,fa_prob_ps,hacf,gacf,hcs
11237218,45.65572399496533,25.21510959416628,27.77234576780992,9.7795466327726,16.981915320826147,-1.0,-1.0,1.158789684044905,1.158789684044905,448.4333475260928,436.9600707123943,433.3039961175364,0.040580677485918946,0.0,-0.26051385740754834,0.0011136422200214713,0.2631823141691767
