target_id,prot_ps,prot_acf,prot_cs,e_prot_ps,E_prot_ps,e_prot_acf,E_prot_acf,e_prot_cs,E_prot_cs,sph_ps,sph_acf,sph_cs,h_ps,fa_prob_ps,hacf,gacf,hcs
11234268,89.9655292613172,2.4928441010415554,95.04303948096253,8.178806250008549,9.996334379951506,-1.0,-1.0,9.2180204491244,9.2180204491244,733.6210738516122,580.3036471953062,733.6210738516122,0.22093181941405377,0.0,0.7137136543469392,0.01893021237843351,0.2924193070082684
