target_id,prot_ps,prot_acf,prot_cs,e_prot_ps,E_prot_ps,e_prot_acf,E_prot_acf,e_prot_cs,E_prot_cs,sph_ps,sph_acf,sph_cs,h_ps,fa_prob_ps,hacf,gacf,hcs
11246163,0.13962019647744048,0.306505118496716,52.79057474929842,-1.0,-1.0,-1.0,-1.0,0.3250506132355036,0.3250506132355036,126855.23234866263,126889.0348619446,130093.18468214385,0.46537523117761387,0.0,0.6927371186287465,0.6524968122804016,0.004015113252064811
