target_id,prot_ps,prot_acf,prot_cs,e_prot_ps,E_prot_ps,e_prot_acf,E_prot_acf,e_prot_cs,E_prot_cs,sph_ps,sph_acf,sph_cs,h_ps,fa_prob_ps,hacf,gacf,hcs
11233025,52.69236276874616,17.81814432516694,36.65300176077549,2.586516790707236,2.864970475948425,-1.0,-1.0,1.3120634207413624,1.3120634207413624,819.7629358450379,743.3077139948934,782.3361877814973,0.05717753626057234,0.0,-0.1357639623682819,0.001199336699865522,0.439779115864992
