target_id,prot_ps,prot_acf,prot_cs,e_prot_ps,E_prot_ps,e_prot_acf,E_prot_acf,e_prot_cs,E_prot_cs,sph_ps,sph_acf,sph_cs,h_ps,fa_prob_ps,hacf,gacf,hcs
11246353,11.068078753517014,11.013755360152572,11.01896161995386,0.2622430481954243,0.2754252152359502,-1.0,-1.0,0.10919397258190562,0.10919397258190562,6689.120543686327,6691.509909648072,6691.83333548368,0.21139935282201402,0.0,0.649842556667038,1.1095009190430511,0.9766949883704229
