target_id,prot_ps,prot_acf,prot_cs,e_prot_ps,E_prot_ps,e_prot_acf,E_prot_acf,e_prot_cs,E_prot_cs,sph_ps,sph_acf,sph_cs,h_ps,fa_prob_ps,hacf,gacf,hcs
11298155,45.65580992624686,26.13467334397137,18.616215302863704,10.473850536561478,19.29745932666298,-1.0,-1.0,1.0394105816067722,1.0394105816067722,513.3370932485133,507.7204791183889,504.93559897603774,0.035380563093506685,0.0,-0.33372688465603184,0.0010402511530068215,0.1872558175081485
