target_id,prot_ps,prot_acf,prot_cs,e_prot_ps,E_prot_ps,e_prot_acf,E_prot_acf,e_prot_cs,E_prot_cs,sph_ps,sph_acf,sph_cs,h_ps,fa_prob_ps,hacf,gacf,hcs
11297521,42.05636094267126,19.61636647582054,41.78751811235768,1.846990970472504,2.0267926622452634,-1.0,-1.0,1.8270020967072782,1.8270020967072782,244.69594689332695,242.19949663639102,244.4425752255681,0.03731288080135294,0.0,-0.18750774730741895,0.0005306934674148833,0.4233773980700962
