target_id,prot_ps,prot_acf,prot_cs,e_prot_ps,E_prot_ps,e_prot_acf,E_prot_acf,e_prot_cs,E_prot_cs,sph_ps,sph_acf,sph_cs,h_ps,fa_prob_ps,hacf,gacf,hcs
11251391,73.0492825203982,28.321071012876928,45.86985888999338,11.456687846932539,16.61674085006561,-1.0,-1.0,1.2829766423091196,1.2829766423091196,621.5787001486078,617.7142450473899,617.7643115890256,0.05596495645079436,0.0,-0.2977668406992805,0.001006376225939687,0.2534854651996588
