target_id,prot_ps,prot_acf,prot_cs,e_prot_ps,E_prot_ps,e_prot_acf,E_prot_acf,e_prot_cs,E_prot_cs,sph_ps,sph_acf,sph_cs,h_ps,fa_prob_ps,hacf,gacf,hcs
11251907,73.59865195036885,27.626391600817442,45.94202680331855,2.0941405019920154,2.2208678490321887,-1.0,-1.0,1.0354405454332118,1.0354405454332118,208.18624263667596,207.2622230351278,207.7132797491021,0.14171054834657196,0.0,-0.36812004713024116,0.00017610836473413993,0.13233740686674403
