target_id,prot_ps,prot_acf,prot_cs,e_prot_ps,E_prot_ps,e_prot_acf,E_prot_acf,e_prot_cs,E_prot_cs,sph_ps,sph_acf,sph_cs,h_ps,fa_prob_ps,hacf,gacf,hcs
11200726,12.27722595562255,12.219350757077336,12.22732923518037,1.4623149003132276,1.9136081787084205,-1.0,-1.0,0.13367254292115252,0.13367254292115252,1798.7194761854091,1800.221107476945,1799.7921486545001,0.07258528531244474,0.0,0.4298618805177614,0.6581697861135045,0.998315961841848
