target_id,prot_ps,prot_acf,prot_cs,e_prot_ps,E_prot_ps,e_prot_acf,E_prot_acf,e_prot_cs,E_prot_cs,sph_ps,sph_acf,sph_cs,h_ps,fa_prob_ps,hacf,gacf,hcs
11245851,15.88028484907791,11.115922510623932,16.003407011399734,3.1107892972503777,5.08184511097523,-1.0,-1.0,0.7646862073532704,0.7646862073532704,510.8031401753234,507.1786139413772,509.83217938405295,0.021116800409618997,0.0,0.021525040349511967,0.044228244583234565,5.286774723608508
