target_id,prot_ps,prot_acf,prot_cs,e_prot_ps,E_prot_ps,e_prot_acf,E_prot_acf,e_prot_cs,E_prot_cs,sph_ps,sph_acf,sph_cs,h_ps,fa_prob_ps,hacf,gacf,hcs
11229047,85.940461018914,25.419483050704002,34.671847942471494,3.58425604357231,3.9068799972965707,-1.0,-1.0,7.933712145006709,7.933712145006709,699.8177952892421,668.8505124236757,674.3619687780956,0.06917738392045968,0.0,-0.31606754200875326,0.0007412904262936726,0.21609814192486065
