target_id,prot_ps,prot_acf,prot_cs,e_prot_ps,E_prot_ps,e_prot_acf,E_prot_acf,e_prot_cs,E_prot_cs,sph_ps,sph_acf,sph_cs,h_ps,fa_prob_ps,hacf,gacf,hcs
11242594,73.04939651499114,29.526704158633947,36.17011042580009,21.866048274104116,55.308268420798456,-1.0,-1.0,7.416492408532764,7.416492408532764,274.23968979967606,269.1531401773845,269.75265694825003,0.08488187852949608,0.0,-0.3959548308396514,0.009678985938602808,0.14236144189774858
