target_id,prot_ps,prot_acf,prot_cs,e_prot_ps,E_prot_ps,e_prot_acf,E_prot_acf,e_prot_cs,E_prot_cs,sph_ps,sph_acf,sph_cs,h_ps,fa_prob_ps,hacf,gacf,hcs
11298236,73.59860591274091,3.3102608621120453,73.84332367864194,2.104971909890253,2.232444409988773,-1.0,-1.0,2.8539755071687853,2.8539755071687853,418.07462228967177,363.3441216839142,417.86462749264507,0.06793185252768733,0.0,0.5247617252911563,0.3875886366780792,0.16066280693932297
