target_id,prot_ps,prot_acf,prot_cs,e_prot_ps,E_prot_ps,e_prot_acf,E_prot_acf,e_prot_cs,E_prot_cs,sph_ps,sph_acf,sph_cs,h_ps,fa_prob_ps,hacf,gacf,hcs
11299239,95.37676595553692,34.53297218773514,37.368550009180055,1.653926034060376,1.7132337950241805,-1.0,-1.0,4.783084785788875,4.783084785788875,645.450632324669,631.1246776092503,641.5179811501487,0.09740721706121255,0.0,-0.3979618030290799,0.0018277051116193932,0.17067013296527483
