target_id,prot_ps,prot_acf,prot_cs,e_prot_ps,E_prot_ps,e_prot_acf,E_prot_acf,e_prot_cs,E_prot_cs,sph_ps,sph_acf,sph_cs,h_ps,fa_prob_ps,hacf,gacf,hcs
11288755,52.69158832876522,29.526617357041687,74.73491064120995,10.458759351326968,17.230541972507183,-1.0,-1.0,3.070189324142454,3.070189324142454,1146.5835292298239,1045.2516288527006,1146.5866342734712,0.13537527729284926,0.0,-0.4204360551356265,0.00017013335571702815,0.11474960179453257
