target_id,prot_ps,prot_acf,prot_cs,e_prot_ps,E_prot_ps,e_prot_acf,E_prot_acf,e_prot_cs,E_prot_cs,sph_ps,sph_acf,sph_cs,h_ps,fa_prob_ps,hacf,gacf,hcs
11352390,31.084804120800488,29.833166226744652,31.275508460749702,4.9612935671714276,7.3218869000351425,-1.0,-1.0,0.9888336241968747,0.9888336241968747,1940.569968556819,1859.6406626353848,1939.5721435789767,0.100101808341246,0.0,0.4463988387253726,0.7777078267930482,0.9171029161773309
