target_id,prot_ps,prot_acf,prot_cs,e_prot_ps,E_prot_ps,e_prot_acf,E_prot_acf,e_prot_cs,E_prot_cs,sph_ps,sph_acf,sph_cs,h_ps,fa_prob_ps,hacf,gacf,hcs
11356178,13.75658317455959,13.813212798908353,13.740734731895657,0.6431658572404881,0.7087785995775064,-1.0,-1.0,0.14942214912211985,0.14942214912211985,3241.89955556228,3234.7473606831663,3210.9291136539764,0.20786884473573852,0.0,0.49325564785173553,0.923709395542992,0.8103585852544362
