target_id,prot_ps,prot_acf,prot_cs,e_prot_ps,E_prot_ps,e_prot_acf,E_prot_acf,e_prot_cs,E_prot_cs,sph_ps,sph_acf,sph_cs,h_ps,fa_prob_ps,hacf,gacf,hcs
11359322,8.0823714848101,7.703419296536595,8.101788575428303,0.5340747730261235,0.6149657630567713,-1.0,-1.0,0.2456033980409871,0.2456033980409871,696.5125622214564,758.8141272435706,694.4850956179307,0.13405116351175983,0.0,0.337714650498813,0.3109395021360569,0.9077100224953085
