target_id,prot_ps,prot_acf,prot_cs,e_prot_ps,E_prot_ps,e_prot_acf,E_prot_acf,e_prot_cs,E_prot_cs,sph_ps,sph_acf,sph_cs,h_ps,fa_prob_ps,hacf,gacf,hcs
11348043,28.09591997240915,27.72848754003644,27.92290652200414,1.814021336689219,2.084035045671694,-1.0,-1.0,0.9440978902401826,0.9440978902401826,3201.033823458858,3051.4757682165055,3048.566854269548,0.2398327744134546,0.0,0.679176366583039,1.3412791916957791,0.9407043058548639
