target_id,prot_ps,prot_acf,prot_cs,e_prot_ps,E_prot_ps,e_prot_acf,E_prot_acf,e_prot_cs,E_prot_cs,sph_ps,sph_acf,sph_cs,h_ps,fa_prob_ps,hacf,gacf,hcs
11363367,49.06504492030736,48.346143434755504,48.8735166040546,3.7396614995006203,4.420201263724721,-1.0,-1.0,1.6448324077745133,1.6448324077745133,7723.031765973849,7768.720836860403,7740.401475498187,0.2562756622459002,0.0,0.3396540657440687,0.8505692882341107,0.986678275328467
