target_id,prot_ps,prot_acf,prot_cs,e_prot_ps,E_prot_ps,e_prot_acf,E_prot_acf,e_prot_cs,E_prot_cs,sph_ps,sph_acf,sph_cs,h_ps,fa_prob_ps,hacf,gacf,hcs
11308216,26.089057703762645,27.319850911851972,26.317815789914427,3.1706171138292802,4.175328263090194,-1.0,-1.0,1.1381381516422473,1.1381381516422473,926.8074579828607,919.6598116128366,920.164139016093,0.07250444492758645,0.0,0.27930313229236725,0.5577894558451454,0.8642734152942232
