target_id,prot_ps,prot_acf,prot_cs,e_prot_ps,E_prot_ps,e_prot_acf,E_prot_acf,e_prot_cs,E_prot_cs,sph_ps,sph_acf,sph_cs,h_ps,fa_prob_ps,hacf,gacf,hcs
11304230,7.110902526626267,7.213112107478082,7.1226508144122676,0.25945274455980183,0.27965607624080846,-1.0,-1.0,0.06207313691162319,0.06207313691162319,5722.561149431749,5725.068665914466,5724.3617150959935,0.22306243659453578,0.0,0.8914583485073047,1.496480881004349,0.9986652324836672
