target_id,prot_ps,prot_acf,prot_cs,e_prot_ps,E_prot_ps,e_prot_acf,E_prot_acf,e_prot_cs,E_prot_cs,sph_ps,sph_acf,sph_cs,h_ps,fa_prob_ps,hacf,gacf,hcs
11403699,16.233183728678508,15.91784083051607,16.062102648569276,2.7535567842737887,4.159616677003939,-1.0,-1.0,0.9453562184031272,0.9453562184031272,1098.5776703066758,1101.7431332063225,1100.7738543033408,0.03302007624510151,0.0,0.2584175479574382,0.43881475805851966,0.9289191280050474
