target_id,prot_ps,prot_acf,prot_cs,e_prot_ps,E_prot_ps,e_prot_acf,E_prot_acf,e_prot_cs,E_prot_cs,sph_ps,sph_acf,sph_cs,h_ps,fa_prob_ps,hacf,gacf,hcs
11410904,11.238353213008152,11.218088870868087,11.25183699907319,0.46603185792934454,0.5083881525345006,-1.0,-1.0,0.13892428371599944,0.13892428371599944,7446.460283268926,7451.76305485383,7445.60030046616,0.17591372696485644,0.0,0.5819398735085536,0.9783492566694476,0.7940722663511605
