target_id,prot_ps,prot_acf,prot_cs,e_prot_ps,E_prot_ps,e_prot_acf,E_prot_acf,e_prot_cs,E_prot_cs,sph_ps,sph_acf,sph_cs,h_ps,fa_prob_ps,hacf,gacf,hcs
11459809,10.90281409865153,22.416235483251512,98.11286015991197,0.6145869477227084,0.6917999505356445,-1.0,-1.0,2.6916893598176004,2.6916893598176004,1891.20675545415,2105.2069727702806,2517.528274480937,0.03621583276379792,0.0,0.14005080267672726,0.36021123405012545,0.6723956040135366
