target_id,prot_ps,prot_acf,prot_cs,e_prot_ps,E_prot_ps,e_prot_acf,E_prot_acf,e_prot_cs,E_prot_cs,sph_ps,sph_acf,sph_cs,h_ps,fa_prob_ps,hacf,gacf,hcs
11442831,16.254642058555866,16.613007492385805,16.469559383410957,2.662226941132918,3.939892666453659,-1.0,-1.0,1.7238597200523722,1.7238597200523722,6769.393134312447,6723.0307999461975,6737.518921721189,0.5957744242697489,0.0,0.6368648926748796,1.2279779832862383,0.9787305263603251
