target_id,prot_ps,prot_acf,prot_cs,e_prot_ps,E_prot_ps,e_prot_acf,E_prot_acf,e_prot_cs,E_prot_cs,sph_ps,sph_acf,sph_cs,h_ps,fa_prob_ps,hacf,gacf,hcs
11403389,26.563378611115326,25.31732451869175,26.257682286528873,3.9663079345623125,5.645207330620664,-1.0,-1.0,1.7010602263630428,1.7010602263630428,1740.5436703876023,1678.6971693770736,1754.125551844394,0.114822799437132,0.0,0.3074007969720252,0.6288277592704851,0.8563289511464667
