target_id,prot_ps,prot_acf,prot_cs,e_prot_ps,E_prot_ps,e_prot_acf,E_prot_acf,e_prot_cs,E_prot_cs,sph_ps,sph_acf,sph_cs,h_ps,fa_prob_ps,hacf,gacf,hcs
11413416,11.068094749757991,11.11592099070549,11.066436994517082,0.40718567613355816,0.4397811905926492,-1.0,-1.0,0.09532930730692443,0.09532930730692443,2947.8260723621497,2955.5377539862116,2945.2161802380797,0.19816280638211095,0.0,0.5601957320966803,0.8677411228280756,0.47023254590462193
