target_id,prot_ps,prot_acf,prot_cs,e_prot_ps,E_prot_ps,e_prot_acf,E_prot_acf,e_prot_cs,E_prot_cs,sph_ps,sph_acf,sph_cs,h_ps,fa_prob_ps,hacf,gacf,hcs
11468301,5.0933330899522575,4.904093965888023,5.099254374219901,0.050120543489880376,0.05112993112877895,-1.0,-1.0,0.06091559192167076,0.06091559192167076,625.8966620371317,629.0363455048687,626.7142206091376,0.1842603010228931,0.0,0.48865527707125317,0.7242041743746042,0.21051364109417162
