target_id,prot_ps,prot_acf,prot_cs,e_prot_ps,E_prot_ps,e_prot_acf,E_prot_acf,e_prot_cs,E_prot_cs,sph_ps,sph_acf,sph_cs,h_ps,fa_prob_ps,hacf,gacf,hcs
11407745,73.04951251999158,27.728533668909222,28.913892724006548,25.15139009401412,82.5985070554709,-1.0,-1.0,6.521883636235017,6.521883636235017,347.7599631506769,339.24081964566824,342.83546678343185,0.10953609027553303,0.0,-0.3704336827832569,0.0004949812126817388,0.09473792908129405
