target_id,prot_ps,prot_acf,prot_cs,e_prot_ps,E_prot_ps,e_prot_acf,E_prot_acf,e_prot_cs,E_prot_cs,sph_ps,sph_acf,sph_cs,h_ps,fa_prob_ps,hacf,gacf,hcs
11468568,23.564285128322684,23.028750186786056,23.52981584863316,2.10586533714725,2.5693595859510268,-1.0,-1.0,0.3132086768371778,0.3132086768371778,4426.3787865627655,4367.535203441946,4361.225119618941,0.27467545721164077,0.0,0.5500863039347803,0.9477896771017267,0.8895780494136242
