target_id,prot_ps,prot_acf,prot_cs,e_prot_ps,E_prot_ps,e_prot_acf,E_prot_acf,e_prot_cs,E_prot_cs,sph_ps,sph_acf,sph_cs,h_ps,fa_prob_ps,hacf,gacf,hcs
11446076,30.66603713353208,27.62633053213358,28.60428628602996,1.5885425544243006,1.7741917735174866,-1.0,-1.0,2.675223173147516,2.675223173147516,701.4316087875247,693.6025691363408,717.5961873956793,0.08451234580561026,0.0,0.13301260405990428,0.3815586109453952,0.3974763733976213
