target_id,prot_ps,prot_acf,prot_cs,e_prot_ps,E_prot_ps,e_prot_acf,E_prot_acf,e_prot_cs,E_prot_cs,sph_ps,sph_acf,sph_cs,h_ps,fa_prob_ps,hacf,gacf,hcs
11401038,10.742542178936487,10.707245472818613,10.79038106213924,0.5281066839431201,0.5850543601628342,-1.0,-1.0,0.182803623754729,0.182803623754729,4924.342299486824,4916.603982884923,4929.076213136571,0.14376704434808316,0.0,0.5714504149361042,1.0221502975038756,0.7797194124572377
