target_id,prot_ps,prot_acf,prot_cs,e_prot_ps,E_prot_ps,e_prot_acf,E_prot_acf,e_prot_cs,E_prot_cs,sph_ps,sph_acf,sph_cs,h_ps,fa_prob_ps,hacf,gacf,hcs
11411639,10.460985145091493,10.502898195758462,10.513616340026442,0.33493891992980096,0.3576097583470794,-1.0,-1.0,0.12976294454756318,0.12976294454756318,2471.180418897203,2462.8749781421143,2462.2988708976413,0.16162107894540353,0.0,0.5492550203348345,0.9240988665414676,0.7515373728960095
