target_id,prot_ps,prot_acf,prot_cs,e_prot_ps,E_prot_ps,e_prot_acf,E_prot_acf,e_prot_cs,E_prot_cs,sph_ps,sph_acf,sph_cs,h_ps,fa_prob_ps,hacf,gacf,hcs
11509734,45.65585923344835,24.418270043097436,21.908398821847516,1.952288952486576,2.1368653207792647,-1.0,-1.0,2.2173834233790792,2.2173834233790792,715.2968804233382,699.0206664038857,703.6305786540106,0.0792663543704711,0.0,-0.3033403991543269,0.00013138018161298892,0.2729868556295161
