target_id,prot_ps,prot_acf,prot_cs,e_prot_ps,E_prot_ps,e_prot_acf,E_prot_acf,e_prot_cs,E_prot_cs,sph_ps,sph_acf,sph_cs,h_ps,fa_prob_ps,hacf,gacf,hcs
11513934,21.173708952199448,21.4144938737154,21.18579694417761,0.842039560289944,0.9140095571648246,-1.0,-1.0,0.4331086563988023,0.4331086563988023,2991.4016254452536,2992.1735344635376,2991.4918692289216,0.1254721267310883,0.0,0.4951704307296195,0.7828934970567429,0.9037793579135562
