target_id,prot_ps,prot_acf,prot_cs,e_prot_ps,E_prot_ps,e_prot_acf,E_prot_acf,e_prot_cs,E_prot_cs,sph_ps,sph_acf,sph_cs,h_ps,fa_prob_ps,hacf,gacf,hcs
11508423,60.8744300327101,30.03751324955374,26.585117473706667,12.488136335461142,21.03048196772705,-1.0,-1.0,3.4440274506231883,3.4440274506231883,852.9991259016575,843.6247507298016,837.5577432240672,0.07594912894659495,0.0,-0.4666844085787618,0.001131696801539378,0.07460965509420449
