target_id,prot_ps,prot_acf,prot_cs,e_prot_ps,E_prot_ps,e_prot_acf,E_prot_acf,e_prot_cs,E_prot_cs,sph_ps,sph_acf,sph_cs,h_ps,fa_prob_ps,hacf,gacf,hcs
11567049,1.1076475243402082,1.1034194575622678,40.966352287701554,0.030978257520038355,0.03279426882258485,-1.0,-1.0,0.18482498542740525,0.18482498542740525,4180.372774052016,4175.873062284573,4534.952202865005,0.2606438762558311,0.0,0.7295271429291957,1.2484548894438665,0.008122305076912886
