target_id,prot_ps,prot_acf,prot_cs,e_prot_ps,E_prot_ps,e_prot_acf,E_prot_acf,e_prot_cs,E_prot_cs,sph_ps,sph_acf,sph_cs,h_ps,fa_prob_ps,hacf,gacf,hcs
11553761,89.96565262166659,9.910090509802103,100.50466431044035,8.0220144601804,9.784036349108675,-1.0,-1.0,18.449699847303542,18.449699847303542,960.9208498994,896.3781602836575,960.9208498994,0.2461864541173191,0.0,0.38964552808720454,0.40287156395992063,0.3115167556625164
