target_id,prot_ps,prot_acf,prot_cs,e_prot_ps,E_prot_ps,e_prot_acf,E_prot_acf,e_prot_cs,E_prot_cs,sph_ps,sph_acf,sph_cs,h_ps,fa_prob_ps,hacf,gacf,hcs
11569695,60.87372658284608,7.703517431393266,60.976482756725716,11.344779396897039,18.05101515271832,-1.0,-1.0,1.4994617058994943,1.4994617058994943,528.2357648828367,475.9328651453607,528.3110056677293,0.09180733419466765,0.0,0.5097658210442031,0.4178803831725143,0.28168561403334724
