target_id,prot_ps,prot_acf,prot_cs,e_prot_ps,E_prot_ps,e_prot_acf,E_prot_acf,e_prot_cs,E_prot_cs,sph_ps,sph_acf,sph_cs,h_ps,fa_prob_ps,hacf,gacf,hcs
11559513,63.52128245866245,27.728520398959517,36.45660278257583,4.53807955068558,5.2857789551270145,-1.0,-1.0,1.4054369840903962,1.4054369840903962,491.6912053853386,481.0443380818151,488.90434770919245,0.04685213761852451,0.0,-0.27756329481607617,0.0015468895553164552,0.3449134851107656
