target_id,prot_ps,prot_acf,prot_cs,e_prot_ps,E_prot_ps,e_prot_acf,E_prot_acf,e_prot_cs,E_prot_cs,sph_ps,sph_acf,sph_cs,h_ps,fa_prob_ps,hacf,gacf,hcs
11567687,44.39599233682797,7.805705664679408,48.62341615561395,4.035991666005181,4.932877715115815,-1.0,-1.0,5.340495978399221,5.340495978399221,958.7567114961585,937.8386180937564,958.7567114961585,0.16866999981291225,1.0571818498763365e-170,0.09024651369416689,0.0013315246164250574,2.12510634249867
