target_id,prot_ps,prot_acf,prot_cs,e_prot_ps,E_prot_ps,e_prot_acf,E_prot_acf,e_prot_cs,E_prot_cs,sph_ps,sph_acf,sph_cs,h_ps,fa_prob_ps,hacf,gacf,hcs
11551452,91.31137224128523,30.221326170489192,46.66896110924022,1.240267438128015,1.2749514322841264,-1.0,-1.0,10.181721938348723,10.181721938348723,292.0193364426544,273.7389400176295,284.8447791303706,0.06956134122520109,0.0,-0.33381816326266184,0.00886944709762083,0.1069977654516189
