target_id,prot_ps,prot_acf,prot_cs,e_prot_ps,E_prot_ps,e_prot_acf,E_prot_acf,e_prot_cs,E_prot_cs,sph_ps,sph_acf,sph_cs,h_ps,fa_prob_ps,hacf,gacf,hcs
11518511,47.12860748241033,12.914092037826777,92.48393526214518,3.8799602069902477,4.635597895809305,-1.0,-1.0,3.0277654042675084,3.0277654042675084,566.4592042477874,567.0787515664949,568.9438884863212,0.043638559043142296,0.0,0.04806624214278932,0.23842980293760224,1.3760958762661644
