target_id,prot_ps,prot_acf,prot_cs,e_prot_ps,E_prot_ps,e_prot_acf,E_prot_acf,e_prot_cs,E_prot_cs,sph_ps,sph_acf,sph_cs,h_ps,fa_prob_ps,hacf,gacf,hcs
11653958,49.06520273995614,3.208096264861524,3.1099850336026678,1.1210007161618734,1.1746722709034358,-1.0,-1.0,0.07209881014707362,0.07209881014707362,250.83431054759117,190.49484339545353,185.88339987640325,0.03730028339815417,0.0,0.5406507795751418,0.3135587142960019,0.1520676969876194
