target_id,prot_ps,prot_acf,prot_cs,e_prot_ps,E_prot_ps,e_prot_acf,E_prot_acf,e_prot_cs,E_prot_cs,sph_ps,sph_acf,sph_cs,h_ps,fa_prob_ps,hacf,gacf,hcs
11602951,1.9072911739636595,3.8006551545113325,3.834744779045685,0.05429487482696027,0.05758725936458964,-1.0,-1.0,0.11306967014640669,0.11306967014640669,5380.697656916206,5496.249632112645,5520.983538514571,0.09550346165067429,0.0,0.8631127185743752,1.212673518315965,0.05208098507122885
