target_id,prot_ps,prot_acf,prot_cs,e_prot_ps,E_prot_ps,e_prot_acf,E_prot_acf,e_prot_cs,E_prot_cs,sph_ps,sph_acf,sph_cs,h_ps,fa_prob_ps,hacf,gacf,hcs
11668893,73.04934452774027,22.231855660676956,28.770240983519145,20.338536036573046,46.47875508087486,-1.0,-1.0,0.5335496971870011,0.5335496971870011,546.723041888196,542.2651250695218,544.6552984092344,0.034626467575050175,0.0,-0.18871433338769558,0.0020846719072772635,0.46158689234484096
