target_id,prot_ps,prot_acf,prot_cs,e_prot_ps,E_prot_ps,e_prot_acf,E_prot_acf,e_prot_cs,E_prot_cs,sph_ps,sph_acf,sph_cs,h_ps,fa_prob_ps,hacf,gacf,hcs
11668571,22.136164124998732,22.62009475613013,22.350983059708955,3.098516622832598,4.286534507795007,-1.0,-1.0,1.8167490207108508,1.8167490207108508,1554.1598867629586,1539.8737301563374,1545.1211253715005,0.06830497522610444,0.0,0.295403979812752,0.6027691077171907,0.9632051485274027
