target_id,prot_ps,prot_acf,prot_cs,e_prot_ps,E_prot_ps,e_prot_acf,E_prot_acf,e_prot_cs,E_prot_cs,sph_ps,sph_acf,sph_cs,h_ps,fa_prob_ps,hacf,gacf,hcs
11605179,48.76408616869354,37.435512103140354,44.30345730939881,4.423446181342818,5.405187838807045,-1.0,-1.0,8.337282664890528,8.337282664890528,3285.8324452303636,3285.8324452303636,3285.8324452303636,0.46055258003676175,0.0,0.469869986347123,0.4498936225311637,0.6710653073480389
