target_id,prot_ps,prot_acf,prot_cs,e_prot_ps,E_prot_ps,e_prot_acf,E_prot_acf,e_prot_cs,E_prot_cs,sph_ps,sph_acf,sph_cs,h_ps,fa_prob_ps,hacf,gacf,hcs
11605843,60.874370239061854,38.04748036619276,30.131479349080468,12.945665664936769,22.36139586431961,-1.0,-1.0,3.3110903216133236,3.3110903216133236,896.90452244542,883.8681977011074,885.7187402419047,0.06467719085344308,0.0,-0.3579155877998815,0.0013201274097897897,0.25497892286321605
