target_id,prot_ps,prot_acf,prot_cs,e_prot_ps,E_prot_ps,e_prot_acf,E_prot_acf,e_prot_cs,E_prot_cs,sph_ps,sph_acf,sph_cs,h_ps,fa_prob_ps,hacf,gacf,hcs
11617094,72.93522681384026,-1.0,73.37904741003383,0.9569633044195314,0.9828659601399607,-1.0,-1.0,2.987237682334585,2.987237682334585,1596.371462398106,-1.0,1591.966109585466,0.26436999592219235,0.0,-1.0,-1.0,0.30200242585277404
