target_id,prot_ps,prot_acf,prot_cs,e_prot_ps,E_prot_ps,e_prot_acf,E_prot_acf,e_prot_cs,E_prot_cs,sph_ps,sph_acf,sph_cs,h_ps,fa_prob_ps,hacf,gacf,hcs
11602629,41.742339406399346,43.74838159698993,41.805638001947536,8.298510736753869,13.685563916023312,-1.0,-1.0,0.7766000065589457,0.7766000065589457,1247.3362713183476,1226.0960630677348,1247.14277646695,0.1965841083405117,0.0,0.1877685360318475,0.49441129546365914,0.8993258721623147
