target_id,prot_ps,prot_acf,prot_cs,e_prot_ps,E_prot_ps,e_prot_acf,E_prot_acf,e_prot_cs,E_prot_cs,sph_ps,sph_acf,sph_cs,h_ps,fa_prob_ps,hacf,gacf,hcs
11620956,6.464538399216875,6.497908215969801,6.480335256643593,0.3647609761850914,0.41063799286513003,-1.0,-1.0,0.29339537403587224,0.29339537403587224,6085.978205223526,6146.723866478479,6126.2403510862505,0.12488908044553569,0.0,0.7811140362246811,1.2405469726143918,0.5480783382158866
