target_id,prot_ps,prot_acf,prot_cs,e_prot_ps,E_prot_ps,e_prot_acf,E_prot_acf,e_prot_cs,E_prot_cs,sph_ps,sph_acf,sph_cs,h_ps,fa_prob_ps,hacf,gacf,hcs
11618997,25.189417362522992,24.929090924561024,25.135054964010788,1.1470560475438312,1.2632569739944621,-1.0,-1.0,0.5318202237441517,0.5318202237441517,3727.8495159597373,3726.6376620680608,3727.7021706274604,0.2652766657122479,0.0,0.7034144858750498,1.2423622703445953,0.9535513851659428
