target_id,prot_ps,prot_acf,prot_cs,e_prot_ps,E_prot_ps,e_prot_acf,E_prot_acf,e_prot_cs,E_prot_cs,sph_ps,sph_acf,sph_cs,h_ps,fa_prob_ps,hacf,gacf,hcs
11603122,121.74858802798289,10.809393892530352,90.44852607354582,2.7038419522455968,2.829416273396191,-1.0,-1.0,3.1642462361617456,3.1642462361617456,738.5910905285527,654.3689542152325,744.2902811265922,0.046519541816388815,0.0,0.05221571518114282,0.006473236670636585,0.6471748903939156
