target_id,prot_ps,prot_acf,prot_cs,e_prot_ps,E_prot_ps,e_prot_acf,E_prot_acf,e_prot_cs,E_prot_cs,sph_ps,sph_acf,sph_cs,h_ps,fa_prob_ps,hacf,gacf,hcs
11619989,17.816913298144947,16.224350546486676,17.820141877682804,2.8407664022319246,4.190372614194718,-1.0,-1.0,0.14369671967295777,0.14369671967295777,2002.1286785485436,1977.4112906118235,2001.8464068132084,0.09926154523192357,0.0,0.3615074825273585,0.6924896585642442,0.7296836837466724
