target_id,prot_ps,prot_acf,prot_cs,e_prot_ps,E_prot_ps,e_prot_acf,E_prot_acf,e_prot_cs,E_prot_cs,sph_ps,sph_acf,sph_cs,h_ps,fa_prob_ps,hacf,gacf,hcs
11652033,73.04890438581835,22.926462695002556,23.096519564845455,1.5372154144530583,1.60546060436144,-1.0,-1.0,1.1966129821972111,1.1966129821972111,1160.088630552102,1081.504016115527,1075.8841718798674,0.041435595669401075,0.0,0.06773713872772079,0.27171547320964723,0.7663817085112999
