target_id,prot_ps,prot_acf,prot_cs,e_prot_ps,E_prot_ps,e_prot_acf,E_prot_acf,e_prot_cs,E_prot_cs,sph_ps,sph_acf,sph_cs,h_ps,fa_prob_ps,hacf,gacf,hcs
11652713,9.018401261930281,9.215557197574526,9.056136815759194,0.744977682708166,0.8906535857635287,-1.0,-1.0,0.12143812541051441,0.12143812541051441,3682.5627788617094,3733.19885564607,3683.8174241724882,0.06615962895007006,0.0,0.5903567696983917,0.9640405342751868,0.9121468914656037
