target_id,prot_ps,prot_acf,prot_cs,e_prot_ps,E_prot_ps,e_prot_acf,E_prot_acf,e_prot_cs,E_prot_cs,sph_ps,sph_acf,sph_cs,h_ps,fa_prob_ps,hacf,gacf,hcs
11658621,23.349056000104284,18.81995208375156,46.18489804683254,1.3134363653711176,1.4802058905571762,-1.0,-1.0,3.9325269245913446,3.9325269245913446,3309.008906668687,3309.008906668687,3309.008906668687,0.20843003726745446,2.8895056988848136e-228,0.2824516106437957,0.3103472144152819,0.7447417836766437
