target_id,prot_ps,prot_acf,prot_cs,e_prot_ps,E_prot_ps,e_prot_acf,E_prot_acf,e_prot_cs,E_prot_cs,sph_ps,sph_acf,sph_cs,h_ps,fa_prob_ps,hacf,gacf,hcs
11766331,63.52125830933389,21.12846572510898,32.892975257579245,3.7586673137595668,4.257473639716025,-1.0,-1.0,15.636815853400229,15.636815853400229,908.0400882045654,894.9344065200636,902.562478156168,0.06528676526927019,0.0,-0.25993964693278754,0.0005769663746172937,0.14004233162771668
