target_id,prot_ps,prot_acf,prot_cs,e_prot_ps,E_prot_ps,e_prot_acf,E_prot_acf,e_prot_cs,E_prot_cs,sph_ps,sph_acf,sph_cs,h_ps,fa_prob_ps,hacf,gacf,hcs
11754150,15.54236163444697,15.611287167295814,15.606167203473014,0.7943712183422527,0.8853405648789927,-1.0,-1.0,0.6794274980380696,0.6794274980380696,1801.0871525345776,1784.3131429965445,1786.2499800913693,0.07544638428354392,0.0,0.39236037963743686,0.7007274174397183,0.8494711954768785
