target_id,prot_ps,prot_acf,prot_cs,e_prot_ps,E_prot_ps,e_prot_acf,E_prot_acf,e_prot_cs,E_prot_cs,sph_ps,sph_acf,sph_cs,h_ps,fa_prob_ps,hacf,gacf,hcs
11758171,73.04925524639421,32.223890838678926,46.10529730814508,23.27900338172327,65.33987265097919,-1.0,-1.0,1.6534991443919949,1.6534991443919949,353.65723764928345,348.81061821389477,354.8308900420487,0.08290065899011784,0.0,-0.44536687897145283,0.001346225443744714,0.17028437124509388
