target_id,prot_ps,prot_acf,prot_cs,e_prot_ps,E_prot_ps,e_prot_acf,E_prot_acf,e_prot_cs,E_prot_cs,sph_ps,sph_acf,sph_cs,h_ps,fa_prob_ps,hacf,gacf,hcs
11717407,76.89430368411998,29.036321699619293,40.47611628628967,2.5862874013525357,2.774811778421281,-1.0,-1.0,1.0010023269252173,1.0010023269252173,937.2234020507078,924.9195001510732,936.4481457950029,0.0896618732614407,0.0,-0.5076712136801238,0.0004251636779490364,0.09925145875062774
