target_id,prot_ps,prot_acf,prot_cs,e_prot_ps,E_prot_ps,e_prot_acf,E_prot_acf,e_prot_cs,E_prot_cs,sph_ps,sph_acf,sph_cs,h_ps,fa_prob_ps,hacf,gacf,hcs
11768389,91.31166051508411,22.23185008764267,46.104505255310904,16.629573394510757,26.307623103134816,-1.0,-1.0,1.6883473267285332,1.6883473267285332,845.3976903906319,831.9967753958364,839.4205428159262,0.05040335444742538,0.0,-0.1442102189409486,0.00819314686633453,0.6344865613746511
