target_id,prot_ps,prot_acf,prot_cs,e_prot_ps,E_prot_ps,e_prot_acf,E_prot_acf,e_prot_cs,E_prot_cs,sph_ps,sph_acf,sph_cs,h_ps,fa_prob_ps,hacf,gacf,hcs
11719736,73.04955687058535,15.713526179548353,16.010593400817168,0.9150181069350793,0.9384838435043434,-1.0,-1.0,0.4945737737489666,0.4945737737489666,619.7408559208868,594.7007336293756,598.7701271472146,0.10617232946974094,0.0,0.24020523273662536,0.4119890366778559,0.4120318519661826
