target_id,prot_ps,prot_acf,prot_cs,e_prot_ps,E_prot_ps,e_prot_acf,E_prot_acf,e_prot_cs,E_prot_cs,sph_ps,sph_acf,sph_cs,h_ps,fa_prob_ps,hacf,gacf,hcs
11723201,73.04944136269638,34.53292260877788,42.16347248439676,13.136687418908572,20.40076855134423,-1.0,-1.0,5.02910913426035,5.02910913426035,696.6421889334156,684.9480641445431,694.9819696995775,0.10101761589175898,0.0,-0.41173064281909194,0.0007593622322984994,0.22292523107985487
