target_id,prot_ps,prot_acf,prot_cs,e_prot_ps,E_prot_ps,e_prot_acf,E_prot_acf,e_prot_cs,E_prot_cs,sph_ps,sph_acf,sph_cs,h_ps,fa_prob_ps,hacf,gacf,hcs
11703756,77.47234783328017,27.72854188363999,34.40527240852095,13.488837519870088,20.585506621154323,-1.0,-1.0,1.4755467555352082,1.4755467555352082,192.32204808239902,181.45242620051647,182.1205857882541,0.0616088934919654,0.0,-0.2915642979589249,0.00031242869358627523,0.5178252159215424
