target_id,prot_ps,prot_acf,prot_cs,e_prot_ps,E_prot_ps,e_prot_acf,E_prot_acf,e_prot_cs,E_prot_cs,sph_ps,sph_acf,sph_cs,h_ps,fa_prob_ps,hacf,gacf,hcs
11709244,14.184329619651743,14.119671377819031,14.184463665359857,0.7773736889991429,0.8722383744927011,-1.0,-1.0,0.09394690908460941,0.09394690908460941,5795.843629351955,5798.362980915258,5795.843629351955,0.23277380959356941,0.0,0.57405049569971,0.9451814714753649,0.751657125197134
