target_id,prot_ps,prot_acf,prot_cs,e_prot_ps,E_prot_ps,e_prot_acf,E_prot_acf,e_prot_cs,E_prot_cs,sph_ps,sph_acf,sph_cs,h_ps,fa_prob_ps,hacf,gacf,hcs
11775950,16.415570706068692,15.406991325318813,16.244159010462468,2.497344468226254,3.6052738958848245,-1.0,-1.0,0.7062483833461797,0.7062483833461797,2806.8847942553093,2795.1582466131817,2827.3445417589724,0.06878896947769526,0.0,0.41355787966873536,0.7417511642615441,0.8881552601484168
