target_id,prot_ps,prot_acf,prot_cs,e_prot_ps,E_prot_ps,e_prot_acf,E_prot_acf,e_prot_cs,E_prot_cs,sph_ps,sph_acf,sph_cs,h_ps,fa_prob_ps,hacf,gacf,hcs
11703279,63.52106846679328,23.62126750871539,32.050749762495975,1.798725474914285,1.9078554156948684,-1.0,-1.0,7.729570434694276,7.729570434694276,376.2316477920215,352.6593996473871,378.5308568406962,0.08135044775514962,0.0,-0.4471646807910194,3.190411923967296e-05,0.1678920302028166
