target_id,prot_ps,prot_acf,prot_cs,e_prot_ps,E_prot_ps,e_prot_acf,E_prot_acf,e_prot_cs,E_prot_cs,sph_ps,sph_acf,sph_cs,h_ps,fa_prob_ps,hacf,gacf,hcs
11753541,26.08898637468264,11.115880712866783,13.309849071645756,4.52145803054681,6.8835678564476765,-1.0,-1.0,0.7955235154924093,0.7955235154924093,1245.838953905852,1155.4768079567452,1178.6110579288365,0.055057599627717155,0.0,-0.19445388110225456,0.032631841092776365,0.6232691511234242
