target_id,prot_ps,prot_acf,prot_cs,e_prot_ps,E_prot_ps,e_prot_acf,E_prot_acf,e_prot_cs,E_prot_cs,sph_ps,sph_acf,sph_cs,h_ps,fa_prob_ps,hacf,gacf,hcs
11853035,19.882530141277115,17.511194184888154,17.892680760654617,3.5775464207752528,5.620362924885612,-1.0,-1.0,2.0668559819766883,2.0668559819766883,947.4807012373748,1029.7346331357223,1077.4275528824628,0.04314664414318693,0.0,0.33491270335272766,0.5904266036348703,0.9716321560148513
