target_id,prot_ps,prot_acf,prot_cs,e_prot_ps,E_prot_ps,e_prot_acf,E_prot_acf,e_prot_cs,E_prot_cs,sph_ps,sph_acf,sph_cs,h_ps,fa_prob_ps,hacf,gacf,hcs
11808247,104.35606326650857,67.57412329269573,52.594030789682584,1.6929553044460874,1.7497378724126236,-1.0,-1.0,2.1563656104300035,2.1563656104300035,2384.076907565777,2484.3088648232197,2161.9131890654176,0.22098895655778322,0.0,-0.0004955404331296543,0.23101068255473728,200.94472400274046
