target_id,prot_ps,prot_acf,prot_cs,e_prot_ps,E_prot_ps,e_prot_acf,E_prot_acf,e_prot_cs,E_prot_cs,sph_ps,sph_acf,sph_cs,h_ps,fa_prob_ps,hacf,gacf,hcs
11869707,20.87123316238562,13.813169358298182,49.845107700973756,1.2623401714940492,1.4380304562642152,-1.0,-1.0,3.909667820717639,3.909667820717639,615.4326281594392,606.1670976684577,622.0041411015205,0.0221731184137479,0.0,-0.08056683707876312,0.0004085023228669396,0.9133374066801497
