target_id,prot_ps,prot_acf,prot_cs,e_prot_ps,E_prot_ps,e_prot_acf,E_prot_acf,e_prot_cs,E_prot_cs,sph_ps,sph_acf,sph_cs,h_ps,fa_prob_ps,hacf,gacf,hcs
11823613,121.74880178039933,10.400739406235516,13.905223577785497,2.3810846651156794,2.478193515128069,-1.0,-1.0,0.09642293925084208,0.09642293925084208,704.7097891086614,680.1778911073092,692.9838063090317,0.02681635995128715,0.0,0.14604634807424685,0.004321865575516198,0.1476038121153814
