target_id,prot_ps,prot_acf,prot_cs,e_prot_ps,E_prot_ps,e_prot_acf,E_prot_acf,e_prot_cs,E_prot_cs,sph_ps,sph_acf,sph_cs,h_ps,fa_prob_ps,hacf,gacf,hcs
11858267,91.31180156670659,51.94241968728602,52.77141416671685,1.3391932138969764,1.3796515986421412,-1.0,-1.0,3.3312760208631222,3.3312760208631222,285.08029522132074,279.3290533849178,275.6867734283432,0.05904316215518032,0.0,0.10892295169686514,0.26286902189927275,0.757666288867699
