target_id,prot_ps,prot_acf,prot_cs,e_prot_ps,E_prot_ps,e_prot_acf,E_prot_acf,e_prot_cs,E_prot_cs,sph_ps,sph_acf,sph_cs,h_ps,fa_prob_ps,hacf,gacf,hcs
11853243,18.730505880739393,19.309739735908806,18.90433736938983,2.6245554903061006,3.6323087108480436,-1.0,-1.0,2.1058603529522264,2.1058603529522264,1648.2644375995942,1596.9158815968121,1646.5053599719383,0.05193043873387153,0.0,0.39073526708490997,0.7024465340712296,0.9385808615099498
