target_id,prot_ps,prot_acf,prot_cs,e_prot_ps,E_prot_ps,e_prot_acf,E_prot_acf,e_prot_cs,E_prot_cs,sph_ps,sph_acf,sph_cs,h_ps,fa_prob_ps,hacf,gacf,hcs
11905430,48.723008175102514,43.13660567626357,46.28592527210713,4.429339123716765,5.413633440299321,-1.0,-1.0,7.173224103587851,7.173224103587851,8308.967414264407,8308.967414264407,8308.967414264407,0.7681069249841354,0.0,0.42895736507875276,0.8467498046220118,0.7935727251514307
