target_id,prot_ps,prot_acf,prot_cs,e_prot_ps,E_prot_ps,e_prot_acf,E_prot_acf,e_prot_cs,E_prot_cs,sph_ps,sph_acf,sph_cs,h_ps,fa_prob_ps,hacf,gacf,hcs
11905729,91.31142679442341,28.218848628457636,89.98445510867212,1.3199717501341155,1.3593200373657055,-1.0,-1.0,3.0867868314290146,3.0867868314290146,569.1788572466916,535.9829792890472,572.8988903086542,0.06766877396408358,0.0,0.1948645154801183,0.5533869366889328,0.6279499224651922
