target_id,prot_ps,prot_acf,prot_cs,e_prot_ps,E_prot_ps,e_prot_acf,E_prot_acf,e_prot_cs,E_prot_cs,sph_ps,sph_acf,sph_cs,h_ps,fa_prob_ps,hacf,gacf,hcs
11913349,72.74124051724132,4.1071239416487515,80.57257668154782,5.629255559023207,6.649026405505708,-1.0,-1.0,14.272143585798414,14.272143585798414,959.8407076912194,757.3098862096947,959.8407076912194,0.2634518638021355,0.0,0.7052988865289163,0.007323842741073783,0.22053706697393147
