target_id,prot_ps,prot_acf,prot_cs,e_prot_ps,E_prot_ps,e_prot_acf,E_prot_acf,e_prot_cs,E_prot_cs,sph_ps,sph_acf,sph_cs,h_ps,fa_prob_ps,hacf,gacf,hcs
11912536,72.93511658034649,27.728524822276086,45.79666057787574,2.302111609749076,2.4587216869903585,-1.0,-1.0,1.1358595780990512,1.1358595780990512,1131.232340572016,1102.692659896754,1101.581028725648,0.11719261855988276,0.0,-0.3886578556756097,0.0005464332306123476,0.17048817329911573
