target_id,prot_ps,prot_acf,prot_cs,e_prot_ps,E_prot_ps,e_prot_acf,E_prot_acf,e_prot_cs,E_prot_cs,sph_ps,sph_acf,sph_cs,h_ps,fa_prob_ps,hacf,gacf,hcs
12061901,73.04726683011646,33.32733461027965,45.693550298488,24.025651922647867,68.88740048497661,-1.0,-1.0,1.2603674908469165,1.2603674908469165,716.3490257248541,709.3155933808144,716.1778136247962,0.0794327269627229,0.0,-0.3808626690612721,0.0011958846759891895,0.2740863285564472
