target_id,prot_ps,prot_acf,prot_cs,e_prot_ps,E_prot_ps,e_prot_acf,E_prot_acf,e_prot_cs,E_prot_cs,sph_ps,sph_acf,sph_cs,h_ps,fa_prob_ps,hacf,gacf,hcs
12070182,36.52467008648188,20.8219295674935,19.521325232880194,6.697997315406749,10.516527382129127,-1.0,-1.0,1.02678079807726,1.02678079807726,1673.7502599519817,1666.9023513487875,1661.4687707506137,0.04425755336534359,0.0,-0.2600801872595759,0.004855595455064782,0.4509817693531433
