target_id,prot_ps,prot_acf,prot_cs,e_prot_ps,E_prot_ps,e_prot_acf,E_prot_acf,e_prot_cs,E_prot_cs,sph_ps,sph_acf,sph_cs,h_ps,fa_prob_ps,hacf,gacf,hcs
12024088,72.9350361020474,-1.0,73.06538035698934,2.0954143824651084,2.222385953215877,-1.0,-1.0,3.190592533814048,3.190592533814048,2623.3202315171566,-1.0,2621.633912050389,0.27432111843729035,0.0,-1.0,-1.0,0.255842820589842
