target_id,prot_ps,prot_acf,prot_cs,e_prot_ps,E_prot_ps,e_prot_acf,E_prot_acf,e_prot_cs,E_prot_cs,sph_ps,sph_acf,sph_cs,h_ps,fa_prob_ps,hacf,gacf,hcs
12056058,91.31154176989426,53.65879028104246,90.35599612691566,1.4789146938798723,1.5284357711037728,-1.0,-1.0,2.853885691960227,2.853885691960227,664.7952338662411,670.7332975465515,661.6917336521352,0.05629887197690461,0.0,0.004704053182540345,0.15156814430551702,12.674541555875512
