target_id,prot_ps,prot_acf,prot_cs,e_prot_ps,E_prot_ps,e_prot_acf,E_prot_acf,e_prot_cs,E_prot_cs,sph_ps,sph_acf,sph_cs,h_ps,fa_prob_ps,hacf,gacf,hcs
12011271,91.3115938826152,29.036246265284717,28.770224413065364,1.4435636283094908,1.4905914727008707,-1.0,-1.0,4.288371035226417,4.288371035226417,698.8106068874166,669.8703925827441,669.1742195136064,0.06814006491567681,0.0,-0.39127082603927993,0.0001665465832693669,0.22445768838935698
