target_id,prot_ps,prot_acf,prot_cs,e_prot_ps,E_prot_ps,e_prot_acf,E_prot_acf,e_prot_cs,E_prot_cs,sph_ps,sph_acf,sph_cs,h_ps,fa_prob_ps,hacf,gacf,hcs
12024466,73.04934158532956,33.12301138183102,37.06017475817353,18.108443830835434,35.686358237518505,-1.0,-1.0,5.808912333133651,5.808912333133651,391.86380822334917,388.58324466198405,387.3859497990874,0.0899419338033534,0.0,-0.5078560793511385,0.0008230014157379895,0.15124121365838608
