target_id,prot_ps,prot_acf,prot_cs,e_prot_ps,E_prot_ps,e_prot_acf,E_prot_acf,e_prot_cs,E_prot_cs,sph_ps,sph_acf,sph_cs,h_ps,fa_prob_ps,hacf,gacf,hcs
12073130,73.04940247977035,28.218949591740966,45.64752062947809,23.01416292547865,63.29520458368343,-1.0,-1.0,1.0922236324497265,1.0922236324497265,450.3167033862472,447.5122793281321,450.01262390210167,0.06391476069812368,0.0,-0.3449373262966786,0.0005964373906603704,0.25071203631688327
