target_id,prot_ps,prot_acf,prot_cs,e_prot_ps,E_prot_ps,e_prot_acf,E_prot_acf,e_prot_cs,E_prot_cs,sph_ps,sph_acf,sph_cs,h_ps,fa_prob_ps,hacf,gacf,hcs
12058818,60.87436237175182,30.834393137600273,37.48256181200422,12.2834839335966,20.583483045750114,-1.0,-1.0,0.6707915283279747,0.6707915283279747,661.2288003643023,655.8535827698602,657.8064373904258,0.08753676710182551,0.0,-0.4906945233164485,0.001259808707575305,0.1165234146575588
