target_id,prot_ps,prot_acf,prot_cs,e_prot_ps,E_prot_ps,e_prot_acf,E_prot_acf,e_prot_cs,E_prot_cs,sph_ps,sph_acf,sph_cs,h_ps,fa_prob_ps,hacf,gacf,hcs
12023060,218.22483106480902,1.5938172452151775,100.79545461393892,20.21085071072403,24.750917722148046,-1.0,-1.0,28.25755276913357,28.25755276913357,597.1330241697569,496.89052154754137,597.1330241697569,0.06704629062275601,4.897274783013995e-157,0.645800110087367,0.022873268536533542,0.09191008427045749
