target_id,prot_ps,prot_acf,prot_cs,e_prot_ps,E_prot_ps,e_prot_acf,E_prot_acf,e_prot_cs,E_prot_cs,sph_ps,sph_acf,sph_cs,h_ps,fa_prob_ps,hacf,gacf,hcs
12071107,73.04937834982077,32.04004114866257,45.19239630538971,23.297612570649754,65.48649204805538,-1.0,-1.0,3.886992163117667,3.886992163117667,391.62351523863015,384.4782559027754,383.71377373105787,0.09097430602714437,0.0,-0.5087567723822449,0.0015756951898523996,0.12513808343973967
