target_id,prot_ps,prot_acf,prot_cs,e_prot_ps,E_prot_ps,e_prot_acf,E_prot_acf,e_prot_cs,E_prot_cs,sph_ps,sph_acf,sph_cs,h_ps,fa_prob_ps,hacf,gacf,hcs
12109724,74.87850217718942,33.14333102107048,45.87430702015791,12.054905556855005,17.7263539147267,-1.0,-1.0,0.9853384634484134,0.9853384634484134,1086.7652779765176,1078.089405043501,1076.4226869555184,0.11712963127087964,0.0,-0.4731853499329958,0.0013022074587142607,0.1384169785755802
