target_id,prot_ps,prot_acf,prot_cs,e_prot_ps,E_prot_ps,e_prot_acf,E_prot_acf,e_prot_cs,E_prot_cs,sph_ps,sph_acf,sph_cs,h_ps,fa_prob_ps,hacf,gacf,hcs
12154888,73.04947841473697,68.47330588940531,73.11647724169107,24.847813485297017,76.10307527630077,-1.0,-1.0,2.965481063853543,2.965481063853543,878.4086039336194,880.1654626257344,878.9391834858582,0.11876896013057718,0.0,0.15322418589764739,0.3311747214997346,1.124913397234615
