target_id,prot_ps,prot_acf,prot_cs,e_prot_ps,E_prot_ps,e_prot_acf,E_prot_acf,e_prot_cs,E_prot_cs,sph_ps,sph_acf,sph_cs,h_ps,fa_prob_ps,hacf,gacf,hcs
12153260,73.59863345647696,1.4099263725802302,12.49325511754521,2.3819948291792628,2.5486146275383135,-1.0,-1.0,0.3264294177422629,0.3264294177422629,366.021115741587,265.67223248405884,349.39336427854374,0.048122759747240666,0.0,0.7688398248587306,0.15930404603024362,0.23050094040661354
