target_id,prot_ps,prot_acf,prot_cs,e_prot_ps,E_prot_ps,e_prot_acf,E_prot_acf,e_prot_cs,E_prot_cs,sph_ps,sph_acf,sph_cs,h_ps,fa_prob_ps,hacf,gacf,hcs
12167160,91.3115938555732,21.312318687327206,28.341297119976957,2.7890355736734023,2.9724322515603205,-1.0,-1.0,3.1652118300299192,3.1652118300299192,581.0093077957472,565.6212675321146,575.2866479641149,0.039892797643628096,0.0,-0.10878425868429437,0.11924891496556381,1.230972806268425
