target_id,prot_ps,prot_acf,prot_cs,e_prot_ps,E_prot_ps,e_prot_acf,E_prot_acf,e_prot_cs,E_prot_cs,sph_ps,sph_acf,sph_cs,h_ps,fa_prob_ps,hacf,gacf,hcs
12167133,72.92789734839701,24.622603103052825,41.71015050529179,1.1106065994502927,1.1455085464369006,-1.0,-1.0,1.2054744881274335,1.2054744881274335,1553.2103286371919,1511.7409142954352,1533.4379497041061,0.0950916036112776,0.0,-0.3044000769519079,0.0026422539812163415,0.17245901356561633
