target_id,prot_ps,prot_acf,prot_cs,e_prot_ps,E_prot_ps,e_prot_acf,E_prot_acf,e_prot_cs,E_prot_cs,sph_ps,sph_acf,sph_cs,h_ps,fa_prob_ps,hacf,gacf,hcs
12165246,73.04936537769221,28.42327176546678,28.91388481729198,2.4139285872740857,2.582928110627961,-1.0,-1.0,3.2350565689703377,3.2350565689703377,549.8588120259714,544.7024663782374,546.3604323586407,0.06436965991827982,0.0,-0.32970406039830563,0.00014334914144836786,0.18761812192903538
