target_id,prot_ps,prot_acf,prot_cs,e_prot_ps,E_prot_ps,e_prot_acf,E_prot_acf,e_prot_cs,E_prot_cs,sph_ps,sph_acf,sph_cs,h_ps,fa_prob_ps,hacf,gacf,hcs
12120023,61.33224073362621,25.133489021100104,36.84487964708448,7.658166511059946,10.173315196444314,-1.0,-1.0,0.7676557424842781,0.7676557424842781,144.1619817353479,142.5945626923002,143.12658227009376,0.07857044905388913,0.0,-0.3150782914892682,0.0007250916695852316,0.21492435193611514
