target_id,prot_ps,prot_acf,prot_cs,e_prot_ps,E_prot_ps,e_prot_acf,E_prot_acf,e_prot_cs,E_prot_cs,sph_ps,sph_acf,sph_cs,h_ps,fa_prob_ps,hacf,gacf,hcs
12152443,45.999082781689125,47.651359494775534,46.49746915572322,9.48359928909261,16.025419918462973,-1.0,-1.0,1.6804617705453209,1.6804617705453209,241.97137878942007,239.31137510769847,240.8890837013798,0.13030008661403916,0.0,0.24341803620176056,0.4028734232767356,0.919617859770175
