target_id,prot_ps,prot_acf,prot_cs,e_prot_ps,E_prot_ps,e_prot_acf,E_prot_acf,e_prot_cs,E_prot_cs,sph_ps,sph_acf,sph_cs,h_ps,fa_prob_ps,hacf,gacf,hcs
12156880,60.87449235274386,31.83570995554328,46.669148291889584,12.574685964191879,21.277089097629606,-1.0,-1.0,2.1817019014313384,2.1817019014313384,201.04687334287138,197.92676639853283,202.09354060057248,0.12760874827518898,0.0,-0.5348754402716049,0.0002270442541887352,0.0740603565777388
