target_id,prot_ps,prot_acf,prot_cs,e_prot_ps,E_prot_ps,e_prot_acf,E_prot_acf,e_prot_cs,E_prot_cs,sph_ps,sph_acf,sph_cs,h_ps,fa_prob_ps,hacf,gacf,hcs
12115283,73.0493401909149,32.22392829041928,28.913874933561306,21.101937873314675,50.667622189014395,-1.0,-1.0,5.9884236618086035,5.9884236618086035,667.126705923195,649.3752091090677,646.5195247310254,0.07356233203717903,0.0,-0.47768530896066624,0.0016161902781907378,0.11571209648658098
