target_id,prot_ps,prot_acf,prot_cs,e_prot_ps,E_prot_ps,e_prot_acf,E_prot_acf,e_prot_cs,E_prot_cs,sph_ps,sph_acf,sph_cs,h_ps,fa_prob_ps,hacf,gacf,hcs
12153141,91.31151216351091,28.42321087839082,34.27970007311083,1.4033033322094326,1.4476100426138316,-1.0,-1.0,7.845844304034667,7.845844304034667,1377.843711293947,1337.3917738435562,1347.971993194903,0.08027352476544247,0.0,-0.3075916292374962,0.0002674796897366716,0.1834022543982815
