target_id,prot_ps,prot_acf,prot_cs,e_prot_ps,E_prot_ps,e_prot_acf,E_prot_acf,e_prot_cs,E_prot_cs,sph_ps,sph_acf,sph_cs,h_ps,fa_prob_ps,hacf,gacf,hcs
12115447,73.0485142071554,27.422085630707443,45.708150651917755,10.472548025960798,14.62363059397076,-1.0,-1.0,0.9690991066884415,0.9690991066884415,616.7989084329606,612.358158762402,614.090520534062,0.08870327053523266,0.0,-0.26804654553964313,0.0008370653433418251,0.2557119959661871
