target_id,prot_ps,prot_acf,prot_cs,e_prot_ps,E_prot_ps,e_prot_acf,E_prot_acf,e_prot_cs,E_prot_cs,sph_ps,sph_acf,sph_cs,h_ps,fa_prob_ps,hacf,gacf,hcs
12120695,8.02732287863063,8.010027628391981,7.992850779786233,0.4374288490153413,0.4903334443490195,-1.0,-1.0,0.09581280653335247,0.09581280653335247,4034.3857980653347,4030.5040398225083,4047.0528242127857,0.09867370683865155,0.0,0.6883215260409109,1.080370213113767,0.6913082773680748
