target_id,prot_ps,prot_acf,prot_cs,e_prot_ps,E_prot_ps,e_prot_acf,E_prot_acf,e_prot_cs,E_prot_cs,sph_ps,sph_acf,sph_cs,h_ps,fa_prob_ps,hacf,gacf,hcs
12153551,26.563370318366292,25.623820899054408,26.257673310767863,4.435243968500814,6.657106108797553,-1.0,-1.0,2.3197300539587498,2.3197300539587498,1446.0571257675654,1457.2165042944737,1446.5272286151296,0.07695527417022847,0.0,0.33719430224419766,0.6487889191325779,0.8952944772772616
