target_id,prot_ps,prot_acf,prot_cs,e_prot_ps,E_prot_ps,e_prot_acf,E_prot_acf,e_prot_cs,E_prot_cs,sph_ps,sph_acf,sph_cs,h_ps,fa_prob_ps,hacf,gacf,hcs
12268502,89.96626055448844,1.0012321420945227,84.42859388248527,8.155390561971402,9.964684599587585,-1.0,-1.0,11.75066538541691,11.75066538541691,1165.2956523016653,839.8329973403024,1165.2956523016653,0.24352671435506154,0.0,0.8104188418881142,0.428078558712581,0.134190987956866
