target_id,prot_ps,prot_acf,prot_cs,e_prot_ps,E_prot_ps,e_prot_acf,E_prot_acf,e_prot_cs,E_prot_cs,sph_ps,sph_acf,sph_cs,h_ps,fa_prob_ps,hacf,gacf,hcs
12207328,22.476669882230077,45.648760322481394,45.69111031711557,3.834590255552115,5.7906322347960035,-1.0,-1.0,2.627763228453092,2.627763228453092,3690.4678376493725,3875.4258236049222,3872.0398245619713,0.07814712728706615,0.0,0.2718053970453133,0.4663164517629568,0.34005876792359535
