target_id,prot_ps,prot_acf,prot_cs,e_prot_ps,E_prot_ps,e_prot_acf,E_prot_acf,e_prot_cs,E_prot_cs,sph_ps,sph_acf,sph_cs,h_ps,fa_prob_ps,hacf,gacf,hcs
12254187,74.87749349879016,29.526606590952724,46.414803879088716,26.694592540551554,95.38915927478845,-1.0,-1.0,1.7245327540061424,1.7245327540061424,464.92579208177426,457.2991120354092,462.8451207425021,0.058601950446004754,0.0,-0.3725814718762337,0.0020993307488749446,0.20184532146378933
