target_id,prot_ps,prot_acf,prot_cs,e_prot_ps,E_prot_ps,e_prot_acf,E_prot_acf,e_prot_cs,E_prot_cs,sph_ps,sph_acf,sph_cs,h_ps,fa_prob_ps,hacf,gacf,hcs
12206157,73.04919462789407,54.25133797572926,72.76919720034925,1.8475038155096968,1.946971226646042,-1.0,-1.0,3.72430194478401,3.72430194478401,449.5355103961639,451.2057799144166,449.3286864476792,0.10161534945638395,0.0,0.1689286762622175,0.3431692592847301,0.46265279803439474
