target_id,prot_ps,prot_acf,prot_cs,e_prot_ps,E_prot_ps,e_prot_acf,E_prot_acf,e_prot_cs,E_prot_cs,sph_ps,sph_acf,sph_cs,h_ps,fa_prob_ps,hacf,gacf,hcs
12268654,73.04949641040761,33.838202867656946,40.9458601656556,4.63760795859065,5.304378673231284,-1.0,-1.0,6.599395742712856,6.599395742712856,442.14075433282255,431.62381061288323,440.28453513584503,0.21661294739685752,0.0,-0.5821725794329167,0.00021271730799382604,0.07430237473409036
