target_id,prot_ps,prot_acf,prot_cs,e_prot_ps,E_prot_ps,e_prot_acf,E_prot_acf,e_prot_cs,E_prot_cs,sph_ps,sph_acf,sph_cs,h_ps,fa_prob_ps,hacf,gacf,hcs
12267213,91.31167166949447,11.013758121058345,91.44669459896105,2.4522668997764328,2.5929311710482636,-1.0,-1.0,3.3282830719367156,3.3282830719367156,1135.3761130718005,1098.5772161999132,1134.8404692114948,0.06491887283315237,0.0,0.024180168116407507,0.0007496204409117354,5.072987277865355
