target_id,prot_ps,prot_acf,prot_cs,e_prot_ps,E_prot_ps,e_prot_acf,E_prot_acf,e_prot_cs,E_prot_cs,sph_ps,sph_acf,sph_cs,h_ps,fa_prob_ps,hacf,gacf,hcs
12251852,32.50921905621202,14.610435233917087,14.05483001152519,10.210940845314777,27.934562072288827,-1.0,-1.0,1.271238771728025,1.271238771728025,3784.6709373319477,3833.587916508243,3864.927291343879,0.1957906396173164,4.1516143129379847e-222,-0.10680728693615546,0.000689294657855867,0.41374581520403175
