target_id,prot_ps,prot_acf,prot_cs,e_prot_ps,E_prot_ps,e_prot_acf,E_prot_acf,e_prot_cs,E_prot_cs,sph_ps,sph_acf,sph_cs,h_ps,fa_prob_ps,hacf,gacf,hcs
12256783,73.04938792549449,29.731037146411836,42.163514762213445,9.818397772872821,13.385482546567815,-1.0,-1.0,3.7399833094685127,3.7399833094685127,917.735934104782,909.0544223023086,915.7793931646102,0.09402421490319807,0.0,-0.4046137217821318,0.009061730518292843,0.2468650874688865
