target_id,prot_ps,prot_acf,prot_cs,e_prot_ps,E_prot_ps,e_prot_acf,E_prot_acf,e_prot_cs,E_prot_cs,sph_ps,sph_acf,sph_cs,h_ps,fa_prob_ps,hacf,gacf,hcs
12206644,45.65590354545667,14.01753109972924,95.84192661947704,3.797971198669721,4.546889234969413,-1.0,-1.0,3.727163660550176,3.727163660550176,312.6372621142159,299.2203193865924,314.2065194199801,0.04756155507983339,0.0,0.09144946838012079,0.2354805766932532,0.639468891671003
