target_id,prot_ps,prot_acf,prot_cs,e_prot_ps,E_prot_ps,e_prot_acf,E_prot_acf,e_prot_cs,E_prot_cs,sph_ps,sph_acf,sph_cs,h_ps,fa_prob_ps,hacf,gacf,hcs
12217805,72.74167310313919,2.799398615024984,69.66947110835464,21.559922932222797,52.184591390528055,-1.0,-1.0,8.280205012033615,8.280205012033615,740.0970557678297,605.042486695857,740.0970557678297,0.2197761766793347,0.0,0.6785929614233003,0.23787682017461148,0.2400467613973414
