target_id,prot_ps,prot_acf,prot_cs,e_prot_ps,E_prot_ps,e_prot_acf,E_prot_acf,e_prot_cs,E_prot_cs,sph_ps,sph_acf,sph_cs,h_ps,fa_prob_ps,hacf,gacf,hcs
12301792,14.908015329065,14.610074651427567,14.76741391690448,0.6491911836700925,0.7118042114187109,-1.0,-1.0,0.38440956673880544,0.38440956673880544,6221.599612719917,6290.30864065293,6245.859350930999,0.17112358005370212,0.0,0.6135543933084171,1.1881273933303784,0.9388891668221234
