target_id,prot_ps,prot_acf,prot_cs,e_prot_ps,E_prot_ps,e_prot_acf,E_prot_acf,e_prot_cs,E_prot_cs,sph_ps,sph_acf,sph_cs,h_ps,fa_prob_ps,hacf,gacf,hcs
12351858,73.04923340656349,28.729725489392877,42.06183525845993,3.928227134670479,4.396324093490932,-1.0,-1.0,4.813481759853591,4.813481759853591,522.9573008534285,521.4667354353167,518.6691326765484,0.18175940623009082,0.0,-0.49158695505581385,0.0005242429343998434,0.13252108665912177
