target_id,prot_ps,prot_acf,prot_cs,e_prot_ps,E_prot_ps,e_prot_acf,E_prot_acf,e_prot_cs,E_prot_cs,sph_ps,sph_acf,sph_cs,h_ps,fa_prob_ps,hacf,gacf,hcs
12366998,46.7687660070677,22.129850603174418,61.77007320762146,4.251830071112906,5.196697264526669,-1.0,-1.0,5.9438806451661135,5.9438806451661135,464.82605445590576,464.82605445590576,464.82605445590576,0.2855035609511141,0.0,-0.3208069971171561,0.0005195545023746473,0.28740441211843
