target_id,prot_ps,prot_acf,prot_cs,e_prot_ps,E_prot_ps,e_prot_acf,E_prot_acf,e_prot_cs,E_prot_cs,sph_ps,sph_acf,sph_cs,h_ps,fa_prob_ps,hacf,gacf,hcs
12301013,91.31153645418232,28.321050359867513,28.645796850795904,1.3300777428420645,1.3700040780759366,-1.0,-1.0,0.3639150806027533,0.3639150806027533,795.1278361460877,778.0051804587167,775.3863956875923,0.06314313420687273,0.0,-0.4695421106776126,0.0007899827014052896,0.21461228793784232
