target_id,prot_ps,prot_acf,prot_cs,e_prot_ps,E_prot_ps,e_prot_acf,E_prot_acf,e_prot_cs,E_prot_cs,sph_ps,sph_acf,sph_cs,h_ps,fa_prob_ps,hacf,gacf,hcs
12300406,32.509191823365136,34.04331951215863,32.85650318726896,2.3072792149850194,2.6877843862142043,-1.0,-1.0,5.05190321550537,5.05190321550537,4237.971859791833,4237.971859791833,4237.971859791833,0.5832343645598875,0.0,0.4983390404897707,0.8494811108787252,0.9647460747851112
