target_id,prot_ps,prot_acf,prot_cs,e_prot_ps,E_prot_ps,e_prot_acf,E_prot_acf,e_prot_cs,E_prot_cs,sph_ps,sph_acf,sph_cs,h_ps,fa_prob_ps,hacf,gacf,hcs
12302918,9.246759120420995,9.31775326654315,9.354268654370639,0.20536364716894617,0.21480976217574366,-1.0,-1.0,0.20829615955866387,0.20829615955866387,5188.079148538204,5196.794326848022,5183.934601869612,0.10646155465182763,0.0,0.6875988881948597,1.144378709933039,0.7223936034369733
