target_id,prot_ps,prot_acf,prot_cs,e_prot_ps,E_prot_ps,e_prot_acf,E_prot_acf,e_prot_cs,E_prot_cs,sph_ps,sph_acf,sph_cs,h_ps,fa_prob_ps,hacf,gacf,hcs
12306142,25.631301669748005,25.725968724582344,25.55849982436671,2.594166632812815,3.244320495761283,-1.0,-1.0,0.41208566700400573,0.41208566700400573,1481.1434985570754,1503.9129636139878,1534.806321457367,0.14331408828359196,0.0,0.3737129651589756,0.7393002060147421,0.9885186592626639
