target_id,prot_ps,prot_acf,prot_cs,e_prot_ps,E_prot_ps,e_prot_acf,E_prot_acf,e_prot_cs,E_prot_cs,sph_ps,sph_acf,sph_cs,h_ps,fa_prob_ps,hacf,gacf,hcs
12470325,74.87885230433275,2.6972503289580345,74.92479553171064,10.335654055498388,14.331666708646665,-1.0,-1.0,2.7482602930224713,2.7482602930224713,643.9284051136017,514.6123357245101,643.9888792236584,0.11057428011027111,0.0,0.6931789946826058,0.28381957348158654,0.18989134616338005
