target_id,prot_ps,prot_acf,prot_cs,e_prot_ps,E_prot_ps,e_prot_acf,E_prot_acf,e_prot_cs,E_prot_cs,sph_ps,sph_acf,sph_cs,h_ps,fa_prob_ps,hacf,gacf,hcs
12455816,73.04922331728427,55.7634483310394,52.77134802355896,1.9537329324593316,2.0629800037174135,-1.0,-1.0,2.4495589143787595,2.4495589143787595,1266.7492580292796,1268.5665267080676,1198.0096993461195,0.10627122646714356,0.0,0.2652813896952581,0.5666197149078737,0.8449079127719715
