target_id,prot_ps,prot_acf,prot_cs,e_prot_ps,E_prot_ps,e_prot_acf,E_prot_acf,e_prot_cs,E_prot_cs,sph_ps,sph_acf,sph_cs,h_ps,fa_prob_ps,hacf,gacf,hcs
12417766,91.31059758545004,31.03884291322902,30.817383599212846,1.3113668590852114,1.350216295286586,-1.0,-1.0,0.7926414798360306,0.7926414798360306,1057.5400447332358,1021.0993771747584,1020.9656170095665,0.07776536870652892,0.0,-0.4216856863784369,0.0019184732335178478,0.10888408995788657
