target_id,prot_ps,prot_acf,prot_cs,e_prot_ps,E_prot_ps,e_prot_acf,E_prot_acf,e_prot_cs,E_prot_cs,sph_ps,sph_acf,sph_cs,h_ps,fa_prob_ps,hacf,gacf,hcs
12454674,73.04919105554627,61.66874973569065,72.51940179917483,24.513983029997696,76.10092176071332,-1.0,-1.0,3.569740646647451,3.569740646647451,795.7429366716376,800.6713888380094,794.908083788541,0.11434705853730391,0.0,0.12956562368345104,0.31815729386347974,0.7642945006221732
