target_id,prot_ps,prot_acf,prot_cs,e_prot_ps,E_prot_ps,e_prot_acf,E_prot_acf,e_prot_cs,E_prot_cs,sph_ps,sph_acf,sph_cs,h_ps,fa_prob_ps,hacf,gacf,hcs
12417486,73.04932338382615,38.12925498839468,41.52144410969455,2.3189442520017423,2.474477335127631,-1.0,-1.0,1.192348658836307,1.192348658836307,882.5093415879464,872.9810068882102,882.565351470745,0.13002814399218166,0.0,-0.4416879518404498,8.555579310864925e-05,0.24443227247907762
