target_id,prot_ps,prot_acf,prot_cs,e_prot_ps,E_prot_ps,e_prot_acf,E_prot_acf,e_prot_cs,E_prot_cs,sph_ps,sph_acf,sph_cs,h_ps,fa_prob_ps,hacf,gacf,hcs
12406784,74.87861888759478,33.53162175603211,45.95563600521556,26.320953899645822,90.78075388730653,-1.0,-1.0,1.1395070308726831,1.1395070308726831,413.13519533031166,410.13308256752464,408.76050296379907,0.09277554396951439,0.0,-0.43880369461578705,0.00047160498321327515,0.25552844254965607
