target_id,prot_ps,prot_acf,prot_cs,e_prot_ps,E_prot_ps,e_prot_acf,E_prot_acf,e_prot_cs,E_prot_cs,sph_ps,sph_acf,sph_cs,h_ps,fa_prob_ps,hacf,gacf,hcs
12598744,46.76833407413323,21.92532581463456,72.55065991071477,4.251659052636327,5.1964711819698906,-1.0,-1.0,6.124009912918355,6.124009912918355,454.96523743129745,454.96523743129745,454.96523743129745,0.35618693282708513,0.0,-0.44165766857156485,0.012758495980770945,0.13987905881984028
