target_id,prot_ps,prot_acf,prot_cs,e_prot_ps,E_prot_ps,e_prot_acf,E_prot_acf,e_prot_cs,E_prot_cs,sph_ps,sph_acf,sph_cs,h_ps,fa_prob_ps,hacf,gacf,hcs
12506035,91.31172522216924,28.423228367231786,37.060129996463665,1.2929517818901815,1.3306332779005317,-1.0,-1.0,3.8798764498064933,3.8798764498064933,516.6635113413513,512.3921733423024,514.0612174082182,0.1074179770337371,0.0,-0.4685746144466283,0.0009678174449848642,0.07640070622401735
