target_id,prot_ps,prot_acf,prot_cs,e_prot_ps,E_prot_ps,e_prot_acf,E_prot_acf,e_prot_cs,E_prot_cs,sph_ps,sph_acf,sph_cs,h_ps,fa_prob_ps,hacf,gacf,hcs
12645715,60.87439320127066,14.507905635982752,61.56317371444776,17.93766249432801,43.06144048715542,-1.0,-1.0,10.864701412813568,10.864701412813568,877.5088455416408,859.8537312107992,878.314333735042,0.05829769223682098,0.0,0.19116538385970933,0.34989217967721153,0.3956765265666137
