target_id,prot_ps,prot_acf,prot_cs,e_prot_ps,E_prot_ps,e_prot_acf,E_prot_acf,e_prot_cs,E_prot_cs,sph_ps,sph_acf,sph_cs,h_ps,fa_prob_ps,hacf,gacf,hcs
12647815,10.43560709156473,10.400735139846802,10.457896003967521,0.40314227111302614,0.43698664300655565,-1.0,-1.0,0.15286008914004776,0.15286008914004776,4727.46786690262,4733.483162878525,4721.75396628209,0.26254556207755786,0.0,0.6273640212679915,1.0260585975839018,0.5320500266546219
