target_id,prot_ps,prot_acf,prot_cs,e_prot_ps,E_prot_ps,e_prot_acf,E_prot_acf,e_prot_cs,E_prot_cs,sph_ps,sph_acf,sph_cs,h_ps,fa_prob_ps,hacf,gacf,hcs
12601514,54.11053103419615,30.13964045094326,26.788112432798368,10.526724764442058,17.12195629060089,-1.0,-1.0,4.0941536368546565,4.0941536368546565,834.2238277631047,831.2005950996332,829.7952082459234,0.0816531183557326,0.0,-0.4816947725641568,0.0042004805809015,0.08960581506803794
