target_id,prot_ps,prot_acf,prot_cs,e_prot_ps,E_prot_ps,e_prot_acf,E_prot_acf,e_prot_cs,E_prot_cs,sph_ps,sph_acf,sph_cs,h_ps,fa_prob_ps,hacf,gacf,hcs
12602592,6.210846845548445,6.314009757712483,6.23638042798638,0.31878576253948765,0.35484827545645015,-1.0,-1.0,0.09475671300469327,0.09475671300469327,2891.4964437986596,2867.5616040245536,2889.7348033840067,0.10219875103615227,0.0,0.7215014372876373,1.2135509232236434,0.9816616716097959
