target_id,prot_ps,prot_acf,prot_cs,e_prot_ps,E_prot_ps,e_prot_acf,E_prot_acf,e_prot_cs,E_prot_cs,sph_ps,sph_acf,sph_cs,h_ps,fa_prob_ps,hacf,gacf,hcs
12600831,45.99914358321916,50.859515672549605,52.02995884560049,9.50639863148475,16.090615393901928,-1.0,-1.0,6.174087859420727,6.174087859420727,256.0619914405204,255.14970755992388,254.19845953339208,0.15030150337925421,0.0,0.23617487641250304,0.4105578919920636,0.7845508468796709
