target_id,prot_ps,prot_acf,prot_cs,e_prot_ps,E_prot_ps,e_prot_acf,E_prot_acf,e_prot_cs,E_prot_cs,sph_ps,sph_acf,sph_cs,h_ps,fa_prob_ps,hacf,gacf,hcs
12834663,89.96611993722136,13.118167052976787,91.09443187781608,8.178801002253962,9.996320404106783,-1.0,-1.0,8.891671227919423,8.891671227919423,1084.6710349116906,996.8034850973633,1084.6710349116906,0.2802461541223585,0.0,0.14731826543643364,0.006071926828658522,1.5059058395929659
