{
    "layernum[12]_bsz4": 27.38195858001709,
    "layernum[24]_bsz4": 51.24991302490234,
    "layertype_0": 0.49724905093510935
}