{
    "layernum[12,12]_bsz16": 62.38269729614258,
    "layernum[24,12]_bsz16": 88.85889739990235,
    "layernum[12,24]_bsz16": 90.3016860961914,
    "layertype_0": 0.7137564559777578,
    "layertype_1": 0.553515805800756,
    "layernum[12,12]_bsz32": 77.39308242797851,
    "layernum[24,12]_bsz32": 351.47556152343753,
    "layernum[12,24]_bsz32": 289.94315185546884
}