{
    "layernum[12,12]_bsz16": 56.98095703125,
    "layernum[24,12]_bsz16": 80.80873336791991,
    "layernum[12,24]_bsz16": 77.83723297119141,
    "layertype_0": 0.12410300175348914,
    "layertype_1": 0.10862643718719485
}