{
    "layernum[12]_bsz4": 26.6076961517334,
    "layernum[24]_bsz4": 49.90765190124512,
    "layertype_0": 0.48541574478149413
}